title,price_raw,area_raw,address,district,latitude,longitude,description,posted_date,source_url,source_name,crawled_at,phone,image,full_description,floor,location_confidence,price_million,area_m2,ward,room_type,has_dieu_hoa,has_khep_kin,has_ban_cong,has_thang_may,has_full_do,has_gac,has_may_giat,has_nong_lanh,has_wifi,has_de_xe,number_of_amenities,posted_month,has_coordinates,listing_age_days,recency_weight,sample_weight,listing_group,distance_to_center_km,unit_price
"Cho thuê CCMN full đồ tại Mậu Lương,Kiến Hưng,Hà Đông",3500000,20,"Phường Kiến Hưng, Quận Hà Đông, Hà Nội",Hà Đông,20.95117569,105.788288115,"- Nhà đẹp full nội thất - Chỉ việc mang vali vào ở.<br />- Phòng đẹp, sạch sẽ,<br />- Gần viện 103, học viện Quân Y, sân bóng Mậu Lương,viện Bỏng quốc gia, KĐT Xa La,...<br />- Đóng 1 cọc 1 tháng (ở được luôn).<br />Mô tả chung.<br />- Full nội thất điều hòa, nóng lạnh, tủ lạnh, giường, tủ, phơi đồ, bàn ăn,để xe miễn phí, camera an ninh, máy giặt chung,...<br />- Chính chủ miễn môi giới.<br />- Điện 3,750/ số.<br />- Nước 32.000/khối<br />- Internet 100k/tháng <br />- Hàng tuần có người qua dọn vệ sinh chung cả nhà thường xuyên.<br />- Không ở chung chủ. Giờ giấc đi lại thoải mái, tiếp bạn bè vô tư miễn là lịch sự - Hợp đồng lâu dài không tăng giá, chu kỳ đóng tiền nhà 1 tháng 1 lần, đặt cọc 1 tháng tiền nhà.",18/08/2025,https://mogi.vn/quan-ha-dong/thue-phong-tro-khu-nha-tro/cho-thue-ccmn-full-do-tai-mau-luong-kien-hung-ha-dong-id22698072,mogi.vn,2026-07-05T15:44:56.518678+00:00,,,,,high,3.5,20.0,Kiến Hưng,can_ho_mini,1,0,0,0,1,0,1,1,1,1,6,8.0,1,321,0.5435738450361919,0.5436,geo:20.9512:105.7883,10.891,0.175
Nhà trọ Hà Đông 18m2 chỉ từ 2 TRIỆU 500,2500000,19,"Phường Mỗ Lao, Hà Đông, HN, với diện tích 19m2.Nhà mới xây, các trang thiết bị mới tinh. Phòng đầy đủ tiện nghi: giường, tủ, đệm, điều hòa, nóng lạnh. Nơi ở trung tâm, nhiều tiện ích: gần nhiều trường ĐH lớn: Bưu tại Mogi.vn Hà Nội",Hà Đông,20.981632230000002,105.78538894500002,"Phòng trọ SIÊU THOÁNG MÁT tại Phường Mỗ Lao, Hà Đông, HN, với diện tích 19m2.<br />Nhà mới xây, các trang thiết bị mới tinh. Phòng đầy đủ tiện nghi: giường, tủ, đệm, điều hòa, nóng lạnh. <br />Nơi ở trung tâm, nhiều tiện ích: gần nhiều trường ĐH lớn: Bưu chính, kiến trúc, xe bus, tầu điện trên cao: phù hợp cho các bạn có nhu cầu đi lại bằng phương tiện công cộng, <br />Nơi ở gần chợ, siêu thị, có chỗ nấu ăn thuận tiện cho các bạn có nhu cầu nấu nướng <br />Nơi ở sạch sẽ, an ninh tốt, hàng xóm thân thiện, văn minh.",19/03/2025,https://mogi.vn/quan-ha-dong/thue-phong-tro-khu-nha-tro/nha-tro-ha-dong-18m2-chi-tu-2-trieu-500-id22671914,mogi.vn,2026-07-05T15:46:16.332075+00:00,,,,,high,2.5,19.0,Mỗ Lao,phong_tro,1,0,0,0,0,0,0,1,0,0,2,3.0,1,473,0.40728471825096046,0.4073,geo:20.9816:105.7854,8.705,0.13157894736842105
Phòng 1k1n phù hợp cho các cặp gia đình trẻ,5500000,32,"Phường Mộ Lao, Quận Hà Đông, Hà Nội",Hà Đông,20.97672359230023,105.78274965132937,"Nhà mình có 1 phòng 1k1n đầy đủ nội thất có thang máy phù hợp cho nhóm sinh viên hoặc gia đình nhỏ<br /><br />Nội thất: Điều hòa, nóng lạnh, giường, 2 tủ quần áo, bàn bếp, tủ bếp, sofa tích hợp giường, quạt trần, vskk, có ban công<br />- Phòng không chung chủ, đóng 1 cọc 1<br />- Để xe free tầng 1, camera 24/24<br />- Gần trường bưu chính, kiến trúc, gần chợ, siêu thị,.....<br />- Khóa vân tay, có thang máy, máy giặt chung,....",01/03/2025,https://mogi.vn/quan-ha-dong/thue-phong-tro-khu-nha-tro/phong-1k1n-phu-hop-cho-cac-cap-gia-dinh-tre-id22667182,mogi.vn,2026-07-05T15:46:31.843901+00:00,,,,,high,5.5,32.0,Mộ Lao,phong_tro,1,0,1,1,1,0,1,1,0,1,7,3.0,1,491,0.3935979251226243,0.3936,geo:20.9767:105.7827,9.256,0.171875
Còn phòng gác xép có ban công thoáng cho thuê,3800000,24,"Phường Mộ Lao, Quận Hà Đông, Hà Nội",Hà Đông,20.977126186861458,105.7808265686035,"- Phòng gác xép 24m2<br />Nội thất: Điều hòa, nóng lạnh, tủ quần áo, bàn bếp, tủ bếp, có ban công<br />- Không chung chủ, thời gian tự do thoải mái<br />- Để xe free tầng 1, cho để xe điện<br />- Gần trường bưu chính, kiến trúc, gần chợ, siêu thị,.....<br />- Khóa vân tay, có thang máy, máy giặt chung,....",01/03/2025,https://mogi.vn/quan-ha-dong/thue-phong-tro-khu-nha-tro/con-phong-gac-xep-co-ban-cong-thoang-cho-thue-id22667179,mogi.vn,2026-07-05T15:46:33.113775+00:00,,,,,high,3.8,24.0,Mộ Lao,phong_tro,1,0,1,1,0,1,1,1,0,1,7,3.0,1,491,0.3935979251226243,0.3936,geo:20.9771:105.7808,9.386,0.15833333333333333
Góc tìm housemate (SOS) 📍Mình còn một phòng trong là nguyên căn 5 tần,3000000,30,"Phường Phú Lương, Quận Hà Đông, Hà Nội",Hà Đông,20.93830204,105.77154159500003,"Mình Còn tầng 2 trong nhà nguyên căn 5 tầng.<br />Đủ đồ: tủ lạnh, đh, nl, máy giặt, ban công<br />Wifi: 100k/phòng<br />Rác: 10k/người<br />Điện nước giá dân",05/02/2025,https://mogi.vn/quan-ha-dong/thue-phong-tro-khu-nha-tro/goc-tim-housemate-sos-minh-con-mot-phong-trong-la-nguyen-can-5-tan-id22661029,mogi.vn,2026-07-05T15:46:49.622204+00:00,,,,,high,3.0,30.0,Phú Lương,nha_nguyen_can,1,0,1,0,0,0,1,0,1,0,4,2.0,1,515,0.3760616499989464,0.3761,geo:20.9383:105.7715,13.096,0.1
📍Mình còn một phòng trong là nguyên căn 5 tần,3000000,30,"Phường Phú Lương, Quận Hà Đông, Hà Nội",Hà Đông,20.93830204,105.77154159500003,"Còn tầng 2 trong nhà nguyên căn 5 tầng.<br />Đủ đồ: tủ lạnh, đh, nl, máy giặt, ban công<br />Điện. 3k2. Nước: 10k/khối<br />Wifi: 100k/phòng<br />Rác: 10k/người",20/01/2025,https://mogi.vn/quan-ha-dong/thue-phong-tro-khu-nha-tro/minh-con-mot-phong-trong-la-nguyen-can-5-tan-id22659347,mogi.vn,2026-07-05T15:46:52.963856+00:00,,,,,high,3.0,30.0,Phú Lương,nha_nguyen_can,1,0,1,0,0,0,1,0,1,0,4,1.0,1,531,0.36480704091591737,0.3648,geo:20.9383:105.7715,13.096,0.1
Cho thuê phòng trọ tại ngõ 4 trần phú hà đông hà nội,2500000,15,"Phường Mộ Lao, Quận Hà Đông, Hà Nội",Hà Đông,20.981632230000002,105.78538894500002,"Có 7 phòng cho thuê, nhà mới sơn sửa lại , đẹp rộng, có cửa sổ view đep, thoáng mát , phòng có điều hòa, quạt trần, tủ quần áo, giường gỗ, gương, giá treo đồ, sàn gỗ tự nhiên. Ở riêng , thoải mái giờ ra vào tự do.  1 tầng có 2 phòng chung 1 nhà về sinh . giá 2.5-3tr/ phòng , Máy giặt, sân phơi trên sân thượng rộng rãi thoáng mát.Tháng 11 ở luôn Liên hệ 0967999685.",30/10/2024,https://mogi.vn/quan-ha-dong/thue-phong-tro-khu-nha-tro/cho-thue-phong-tro-tai-ngo-4-tran-phu-ha-dong-ha-noi-id22640585,mogi.vn,2026-07-05T15:47:31.321608+00:00,,,,,high,2.5,15.0,Mộ Lao,phong_tro,1,0,0,0,0,0,1,0,0,0,2,10.0,1,613,0.3122011908062434,0.3122,geo:20.9816:105.7854,8.705,0.16666666666666666
Cho thuê phòng ccmn phố Hà Trì 3800k,3800000,20,"Phường Hà Cầu, Quận Hà Đông, Hà Nội",Hà Đông,20.965348310319577,105.78009575782153,"Phòng khép kín full nội thất mới 100%, diện tích sử dụng ~ 20m2<br />&#9989; Điều hòa, nóng lạnh, tủ lạnh<br />&#9989; Gác xép, tủ quần áo<br />&#9989; Hút mùi, tủ bếp, sofa<br />&#9989; Máy giặt, máy lọc nước<br />Để xe miễn phí, có cửa vân tay giờ giấc tự do, đầy đủ hệ thống phòng cháy, thang thoát hiểm, camera an ninh.<br />Nhận phòng đầu tháng 12<br />Liên hệ sđt: 0382565759",25/10/2024,https://mogi.vn/quan-ha-dong/thue-phong-tro-khu-nha-tro/cho-thue-phong-ccmn-pho-ha-tri-3800k-id22638947,mogi.vn,2026-07-05T15:47:32.405008+00:00,,,,,high,3.8,20.0,Hà Cầu,can_ho_mini,1,1,0,0,1,1,1,1,0,1,7,10.0,1,618,0.3092508177156405,0.3093,geo:20.9653:105.7801,10.294,0.19
"Cho thuê CCMN full đồ tại Thanh Bình, Mỗ Lao",4000000,25,"Phường Mộ Lao, Quận Hà Đông, Hà Nội",Hà Đông,20.981632230000002,105.78538894500002,"- Nhà đẹp full nội thất mới - Chỉ việc mang vali vào ở.<br />- Phòng đẹp, sạch sẽ thoáng mát gần: HV Quân Y, ĐH Kiến Trúc, Bưu Chính, chợ Hà Đông, cách cầu trắng 500m,...<br />- Giá 4tr/tháng. Đóng 1 cọc 1 tháng (ở được luôn).<br />- Ban công cực rộng, thoáng mát.<br />- Thang máy tốc độ cao.<br />Mô tả chung.<br />- Full nội thất điều hòa, nóng lạnh, tủ lạnh, giường, tủ, phơi đồ, bàn học, để xe miễn phí, camera an ninh, máy giặt, kệ bếp.<br />- Cổng khóa vân tay đảm bảo an toàn.<br />- Chính chủ miễn môi giới.<br />- Điện 3,8k/ số.<br />- Nước 32k/số.<br />- Hàng tuần có người qua dọn vệ sinh chung cả nhà thường xuyên.<br />- Không ở chung chủ. Giờ giấc đi lại thoải mái, tiếp bạn bè vô tư miễn là lịch sự - Hợp đồng lâu dài không tăng giá, chu kỳ đóng tiền nhà 1 tháng 1 lần, đặt cọc 1 tháng tiền nhà.",16/08/2024,https://mogi.vn/quan-ha-dong/thue-phong-tro-khu-nha-tro/cho-thue-ccmn-full-do-tai-thanh-binh-mo-lao-id22464938,mogi.vn,2026-07-05T15:47:52.865574+00:00,,,,,high,4.0,25.0,Mộ Lao,can_ho_mini,1,0,1,1,1,0,1,1,0,1,7,8.0,1,688,0.2707566154725572,0.2708,geo:20.9816:105.7854,8.705,0.16
"Phòng trong CC mini full nội thất tại Bà Triệu, Tô Hiệu, Hà Đông",3800000,25,"Phường Nguyễn Trãi, Quận Hà Đông, Hà Nội",Hà Đông,20.969308855,105.78034973000001,"- Nhà đẹp full nội thất mới - Chỉ việc mang vali vào ở.<br />- Phòng đẹp, sạch sẽ thoáng mát gần: HV Quân Y, Metro Hà Đông, chợ Hà Đông, cách cầu trắng 500m,...<br />- Giá 3.8tr/tháng. Đóng 1 cọc 1 tháng.<br />- Ban công cực rộng, thoáng mát.<br />- Thang máy tốc độ cao.<br />Mô tả chung.<br />- Full nội thất điều hòa, nóng lạnh, tủ lạnh, giường, tủ, phơi đồ, bàn học, để xe miễn phí, camera an ninh, máy giặt, kệ bếp.<br />- Cổng khóa vân tay đảm bảo an toàn.<br />- Chính chủ miễn môi giới.<br />- Điện 3,8k/ số.<br />- Nước 32k/số.<br />- Hàng tuần có người qua dọn vệ sinh chung cả nhà thường xuyên.<br />- Không ở chung chủ. Giờ giấc đi lại thoải mái, tiếp bạn bè vô tư miễn là lịch sự - Hợp đồng lâu dài không tăng giá, chu kỳ đóng tiền nhà 1 tháng 1 lần, đặt cọc 1 tháng tiền nhà.",16/08/2024,https://mogi.vn/quan-ha-dong/thue-phong-tro-khu-nha-tro/phong-trong-cc-mini-full-noi-that-tai-ba-trieu-to-hieu-ha-dong-id22464978,mogi.vn,2026-07-05T15:47:57.211009+00:00,,,,,high,3.8,25.0,Nguyễn Trãi,phong_tro,1,0,1,1,1,0,1,1,0,1,7,8.0,1,688,0.2707566154725572,0.2708,geo:20.9693:105.7803,9.978,0.152
"Phòng Đẹp full đồ tại cuối Nguyễn Khuyến, Văn Quán, Hà Đông",3600000,20,"Phường Văn Quán, Quận Hà Đông, Hà Nội",Hà Đông,20.97854805,105.78979492000008,"- Nhà đẹp full nội thất - Chỉ việc mang vali vào ở.<br />- Phòng đẹp, sạch sẽ, ban công thoáng mát gần các trường ĐH: CNGTVT, kiến trúc, bưu chính, ĐH Hà Nội,...<br />- Gần viện 103, học viện Quân Y, viện Bỏng quốc gia, KĐT Xa La,...<br />- Giá 3,5 triệu/tháng. Đóng 1 cọc 1 tháng.<br />- Phòng 1 ngủ 1 khách giá 4tr5/th.<br />Mô tả chung.<br />- Full nội thất điều hòa, nóng lạnh, tủ lạnh, giường, tủ, phơi đồ, bàn học để xe miễn phí, camera an ninh, máy giặt chung, kệ bếp. Thang máy tốc độ cao.<br />- Chính chủ miễn môi giới.<br />- Điện 3,8k / số.<br />- Nước 32k/số.<br />- Hàng tuần có người qua dọn vệ sinh chung cả nhà thường xuyên.<br />- Không ở chung chủ. Giờ giấc đi lại thoải mái, tiếp bạn bè vô tư miễn là lịch sự - Hợp đồng lâu dài không tăng giá, chu kỳ đóng tiền nhà 1 tháng 1 lần, đặt cọc 1 tháng tiền nhà.",15/08/2024,https://mogi.vn/quan-ha-dong/thue-phong-tro-khu-nha-tro/phong-dep-full-do-tai-cuoi-nguyen-khuyen-van-quan-ha-dong-id22401049,mogi.vn,2026-07-05T15:47:58.928281+00:00,,,,,high,3.6,20.0,Văn Quán,phong_tro,1,0,1,1,1,0,1,1,0,1,7,8.0,1,689,0.2702429275338945,0.2702,geo:20.9785:105.7898,8.564,0.18
"Cho thuê CCMN full đồ tại Mậu Lương,Kiến Hưng, Hà Đông",3800000,35,"Phường Kiến Hưng, Quận Hà Đông, Hà Nội",Hà Đông,20.95117569,105.788288115,"- Nhà đẹp full nội thất - Chỉ việc mang vali vào ở.<br />- Phòng đẹp, sạch sẽ, ban công thoáng mát.<br />- Gần viện 103, học viện Quân Y, viện Bỏng quốc gia, KĐT Xa La,...<br />- Giá 3.8 triệu/tháng. Đóng 1 cọc 1 tháng (ở được luôn).<br />Mô tả chung.<br />- Full nội thất điều hòa, nóng lạnh, tủ lạnh, giường, tủ, phơi đồ, bàn học để xe miễn phí, camera an ninh, máy giặt chung, kệ bếp,...<br />- Chính chủ miễn môi giới.<br />- Điện 3,8k / số.<br />- Nước 32k/khối.<br />- Internet 100k/tháng có bộ phát riêng.<br />- Hàng tuần có người qua dọn vệ sinh chung cả nhà thường xuyên.<br />- Không ở chung chủ. Giờ giấc đi lại thoải mái, tiếp bạn bè vô tư miễn là lịch sự - Hợp đồng lâu dài không tăng giá, chu kỳ đóng tiền nhà 1 tháng 1 lần, đặt cọc 1 tháng tiền nhà.",30/07/2024,https://mogi.vn/quan-ha-dong/thue-phong-tro-khu-nha-tro/cho-thue-ccmn-full-do-tai-mau-luong-kien-hung-ha-dong-id22461568,mogi.vn,2026-07-05T15:48:18.623523+00:00,,,,,high,3.8,35.0,Kiến Hưng,can_ho_mini,1,0,1,0,1,0,1,1,1,1,7,7.0,1,705,0.2621552150355425,0.2622,geo:20.9512:105.7883,10.891,0.10857142857142857
"Cho thuê CCMN full đồ tại Nguyễn Khuyến, Văn Quán, Hà Đông",4500000,30,"Phường Văn Quán, Quận Hà Đông, Hà Nội",Hà Đông,20.97854805,105.78979492000008,"- Nhà đẹp full nội thất - Chỉ việc mang vali vào ở.<br />- Phòng đẹp, sạch sẽ, ban công thoáng mát gần các trường ĐH: CNGTVT, kiến trúc, bưu chính, ĐH Hà Nội,...<br />- Gần viện 103, học viện Quân Y, viện Bỏng quốc gia, KĐT Xa La,...<br />- Giá 4,3 triệu/tháng. Đóng 1 cọc 1 tháng.<br />Mô tả chung.<br />- Full nội thất điều hòa, nóng lạnh, tủ lạnh, giường, tủ, phơi đồ, bàn học để xe miễn phí, camera an ninh, máy giặt chung, kệ bếp. Thang máy tốc độ cao.<br />- Chính chủ miễn môi giới.<br />- Điện 3,8k / số.<br />- Nước 32k/số.<br />- Hàng tuần có người qua dọn vệ sinh chung cả nhà thường xuyên.<br />- Không ở chung chủ. Giờ giấc đi lại thoải mái, tiếp bạn bè vô tư miễn là lịch sự - Hợp đồng lâu dài không tăng giá, chu kỳ đóng tiền nhà 1 tháng 1 lần, đặt cọc 1 tháng tiền nhà.",13/07/2024,https://mogi.vn/quan-ha-dong/thue-phong-tro-khu-nha-tro/cho-thue-ccmn-full-do-tai-nguyen-khuyen-van-quan-ha-dong-id22488817,mogi.vn,2026-07-05T15:48:26.844727+00:00,,,,,high,4.5,30.0,Văn Quán,can_ho_mini,1,0,1,1,1,0,1,1,0,1,7,7.0,1,722,0.25382706402347266,0.2538,geo:20.9785:105.7898,8.564,0.15
"Phòng CCMN cuối đường chiến thắng không chung chủ, giờ giấc tự do",3000000,23,"Phường Văn Quán, Quận Hà Đông, Hà Nội",Hà Đông,20.97367938297989,105.79348563960455,"Phòng CCMN cuối đường chiến thắng - Hà Đông không chung chủ, giờ giấc tự do<br /><br />Full đồ (giường tủ, tủ bếp, điều hòa, máy giặt chung, nóng lạnh, thang máy, chỗ để xe)<br /><br />Vệ sinh khép kín, an ninh tốt<br /><br />Khóa cổng vân tay<br /><br />Vị trí trung tâm và an ninh",29/06/2024,https://mogi.vn/quan-ha-dong/thue-phong-tro-khu-nha-tro/phong-ccmn-cuoi-duong-chien-thang-khong-chung-chu-gio-giac-tu-do-id22590852,mogi.vn,2026-07-05T15:48:32.024883+00:00,,,,,high,3.0,23.0,Văn Quán,can_ho_mini,1,1,0,1,1,0,1,1,0,1,7,6.0,1,736,0.2471676169561055,0.2472,geo:20.9737:105.7935,8.651,0.13043478260869565
Phòng trọ đầy đủ đồ ở 104 Thanh Bình - Mộ Lao,4000000,25,"Phường Mộ Lao, Quận Hà Đông, Hà Nội",Hà Đông,20.981632230000002,105.78538894500002,"Địa điểm: Gần BigC Hà Đông, vườn hoa Hà Đông.<br />Đầy đủ nội thất: Bàn ghế sofa, tủ quần áo, điều hòa, bình nóng lạnh, máy giặt riêng, bàn bếp, bồn rửa, tủ đựng bát,...<br />Chính chủ không mất phí.<br />Không chung chủ, giờ giấc tự do thoải mái.<br />Vệ sinh khép kín.<br />Có người vệ sinh tòa nhà thường xuyên.<br />Có ban công thoáng mát.<br />Camera an ninh, cổng vân tay 24/7.<br />Giá dịch vụ: Điện 3,750k 1 số, nước 32k 1 khối, wifi 100k 1 phòng có model riêng.<br />Thông tin chi tiết, vui lòng gọi điện trực tiếp hoặc liên hệ qua ZALO.",24/04/2024,https://mogi.vn/quan-ha-dong/thue-phong-tro-khu-nha-tro/phong-tro-day-du-do-o-104-thanh-binh-mo-lao-id22466190,mogi.vn,2026-07-05T15:48:51.503973+00:00,,,,,high,4.0,25.0,Mộ Lao,phong_tro,1,1,1,0,1,0,1,1,1,0,7,4.0,1,802,0.21805133465169385,0.2181,geo:20.9816:105.7854,8.705,0.16
Cho thuê CCMN ở Xala - Hà Đông chính chủ đầy đủ nội thất,3600000,25,"Phường Kiến Hưng, Quận Hà Đông, Hà Nội",Hà Đông,20.960453463128765,105.79652786109375,"Địa điểm: Gần viện 103, bệnh viện K Tân Triều, Đại học Bưu Chính Viễn Thông, đại học Kiến Trúc thuận tiện đi lại, yên tĩnh, an ninh tốt.<br /><br />Nội thất: Điều hòa, bình nóng lạnh, tủ lạnh, máy giặt riêng, giường, tủ quần áo, bàn ăn, bàn trang điểm, tủ giày, bàn bếp, bồn rửa, quạt trần,...<br /><br />Mô tả chung:<br />* Có cửa thoát hiểm, hệ thống PCCC đầy đủ.<br /><br />* Ban công rộng, thông thoáng.<br /><br />* Thang máy tốc độ cao.<br /><br />* Camera an ninh, khóa cổng kiểm soát vân tay.<br /><br />* Điện 3,750đ/số; Nước 32k/ khối.<br /><br />* Hợp đồng dài hạn không tăng giá, giờ giấc tự do thoải mái, tiếp bạn bè lịch sự thoải mái.<br /><br />* Không chung chủ.<br /><br />* Chính chủ, miễn trung gian.",24/04/2024,https://mogi.vn/quan-ha-dong/thue-phong-tro-khu-nha-tro/cho-thue-ccmn-o-xala-ha-dong-chinh-chu-day-du-noi-that-id22464455,mogi.vn,2026-07-05T15:48:54.328369+00:00,,,,,high,3.6,25.0,Kiến Hưng,can_ho_mini,1,0,1,1,1,0,1,1,0,0,6,4.0,1,802,0.21805133465169385,0.2181,geo:20.9605:105.7965,9.551,0.14400000000000002
Phòng trọ giá rẻ ở Nguyễn Văn Trỗi đầy đủ đồ,3200000,20,"Phường Mộ Lao, Quận Hà Đông, Hà Nội",Hà Đông,20.981632230000002,105.78538894500002,"* Không chung chủ, giờ giấc tự do thoải mái.<br />* Vị trí gần các trường ĐH Bưu Chính Viễn Thông, Kiến Trúc, Y Dược Cổ Truyền, An Ninh Nhân Dân,...<br />* Nhà có thang máy, cổng vân tay, camera đảm bảo an ninh tuyệt đối.<br />* Hàng tuần có người dọn dẹp vệ sinh thường xuyên.<br />* Vệ sinh khép kín.<br />* Thông tin chi tiết, quý khách vui lòng gọi điện trực tiếp hoặc liên hệ qua zalo.",24/04/2024,https://mogi.vn/quan-ha-dong/thue-phong-tro-khu-nha-tro/phong-tro-gia-re-o-nguyen-van-troi-day-du-do-id22468211,mogi.vn,2026-07-05T15:48:55.238703+00:00,,,,,high,3.2,20.0,Mộ Lao,phong_tro,1,1,0,1,0,0,0,0,0,0,3,4.0,1,802,0.21805133465169385,0.2181,geo:20.9816:105.7854,8.705,0.16
Phòng trọ đầy đủ đồ 20m2 ở Dương Nội Gần AEON Hà Đông,3500000,20,"Phường Dương Nội, Quận Hà Đông, Hà Nội",Hà Đông,20.987537513475246,105.75107097697992,"Vị trí: Gần trung tâm thương mại AEON Hà Đông, đường rộng thuận tiện đi lại.<br /><br />Chính chủ - Miễn trung gian - Xem phòng không mất chi phí dẫn.<br /><br />Thiết kế tòa nhà 5 tầng có thang máy, vệ sinh khép kín, ban công, nội thất đầy đủ.<br /><br />Mô tả chung.<br /><br />* Nội thất: Nóng lạnh, điều hòa, tủ lạnh, giường, tủ quần áo, bàn bếp - bồn rửa, internet riêng từng căn hộ, máy giặt chung.<br /><br />* Không chung chủ, giờ giấc tự do thoải mái.<br /><br />* Vệ sinh dọn dẹp hàng tuần.<br /><br />* Camera an ninh, Khóa cổng kiểm soát vân tay.<br /><br />* Điện 3,750đ/số; Nước 32k/ khối.<br /><br />* Hợp đồng dài hạn không tăng giá, giờ giấc thoải mái, tiếp bạn bè lịch sự thoải mái.<br /><br />* Chính chủ, miễn trung gian.<br /><br />* Nhắn zalo khi cần thông tin chi tiết.",24/04/2024,https://mogi.vn/quan-ha-dong/thue-phong-tro-khu-nha-tro/phong-tro-day-du-do-20m2-o-duong-noi-gan-aeon-ha-dong-id22468210,mogi.vn,2026-07-05T15:48:56.722128+00:00,,,,,high,3.5,20.0,Dương Nội,can_ho,1,1,1,1,1,0,1,1,1,0,8,4.0,1,802,0.21805133465169385,0.2181,geo:20.9875:105.7511,11.471,0.175
Chung cư Hồ Gươm Plaza 1tr7 bao đnc Homestay ở ghép,1450000,25,"Phường Mộ Lao, Quận Hà Đông, Hà Nội",Hà Đông,20.981632230000002,105.78538894500002,"&#128204; Toilet, modem wifi, bếp, có  khu giặt phơi riêng ...<br />&#128204; Nội thất: máy lạnh, máy nước nóng, kệ bếp, giường, nệm, tủ quần áo, quạt tường ...<br />&#128204; Giờ giấc tự do, khóa vân tay, camera chống trộm<br />&#128204;Điện nước  tính  theo  bình quân đầu  người. <br />======================<br />&#128222; Hotline 0865.825.916",23/04/2024,https://mogi.vn/quan-ha-dong/thue-phong-tro-khu-nha-tro/chung-cu-ho-guom-plaza-1tr7-bao-dnc-homestay-o-ghep-id22503990,mogi.vn,2026-07-05T15:49:22.501650+00:00,,,,,high,1.45,25.0,Mộ Lao,o_ghep,1,0,0,0,0,0,0,0,1,0,2,4.0,1,803,0.21763764082403103,0.2176,geo:20.9816:105.7854,8.705,0.057999999999999996
CHO Thuê Phòng Trọ Khép Kín FULL ĐỒ VĂN QUÁN,3500000,20,"Phường Văn Quán, Quận Hà Đông, Hà Nội",Hà Đông,20.97854805,105.78979492000008,"Chính chủ cho thuê phòng 197 Trần Phú<br />Ngay gần ĐH bưu chính viên thông<br />Vskk đầy đủ đồ giá 3,5 triệu<br />- Giường, tủ, điều hoà, nóng  lạnh, bàn bếp có chậu rửa<br />&#10035; &#119819;&#119842;&#119838;̂&#119847; &#119841;&#119838;̣̂ &#119833;&#119834;&#119845;&#119848; / &#119815;&#119848;&#119853;&#119845;&#119842;&#119847;&#119838;: 09111222811 &#10035;&#65039;",09/04/2024,https://mogi.vn/quan-ha-dong/thue-phong-tro-khu-nha-tro/cho-thue-phong-tro-khep-kin-full-do-van-quan-id22517947,mogi.vn,2026-07-05T15:49:40.903167+00:00,,,,,high,3.5,20.0,Văn Quán,phong_tro,1,1,0,0,1,0,0,1,0,0,4,4.0,1,817,0.21192766519747505,0.2119,geo:20.9785:105.7898,8.564,0.175
"Phòng trọ khép kin, Không chung chủ chủ. Gác xép",3400000,20,"Phường Mộ Lao, Quận Hà Đông, Hà Nội",Hà Đông,20.981632230000002,105.78538894500002,"Cho thuê, phòng trọ, CCMN khu vực Hà Đông.<br />Địa chỉ: Ngõ 109 Nguyễn Văn Trỗi, Mỗ Lao, Hà Đông.<br />Tòa nhà 7 tầng, mỗi tầng có 4 phòng vệ sinh khép kín. Sân phơi tầng.<br />Phòng có diện tích 20m², rộng rãi thoáng mát.<br />Full đồ.<br />Gần Hồ Gươm Plaza, Học Viện Bưu Chính, Vườn hòa Hà Đông.<br />Gần chợ dân sinh, đường rộng ô tô đỗ cửa.<br />Phòng không chung chủ đi lại giờ giấc thoải mái, camera an ninh, cổng khóa vân tay.<br />Dể xe máy dưới tầng 1 miễn phí.<br />Không thu phí xem phòng, không qua trung gian.<br />Liên hệ: (call &amp; Zalo) quản lí tòa nhà để được tư vấn trực tiếp.",03/02/2024,https://mogi.vn/quan-ha-dong/thue-phong-tro-khu-nha-tro/phong-tro-khep-kin-khong-chung-chu-chu-gac-xep-id22469504,mogi.vn,2026-07-05T15:50:33.201593+00:00,,,,,high,3.4,20.0,Mộ Lao,can_ho_mini,0,1,0,0,1,1,0,0,0,0,3,2.0,1,883,0.18696264023184475,0.187,geo:20.9816:105.7854,8.705,0.16999999999999998
Phòng trọ 20m2. Gác xép. Full đồ,3800000,20,"Phường Mộ Lao, Quận Hà Đông, Hà Nội",Hà Đông,20.981632230000002,105.78538894500002,"Cho thuê, phòng trọ, CCMN khu vực Hà Đông.<br />Địa chỉ: Ngõ 104 Thanh Bình, Mộ Lao, Hà Đông.<br />Tòa nhà 7 tầng, mỗi tầng có 4 phòng vệ sinh khép kín, Có ban công<br />Phòng có diện tích 20m², rộng rãi thoáng mát.<br />Full đồ<br />Gần chợ dân sinh, đường rộng ô tô đỗ cửa.<br />Phòng không chung chủ đi lại giờ giấc thoải mái, camera an ninh, cổng khóa vân tay.<br />Dể xe máy dưới tầng 1 miễn phí.<br />Không thu phí xem phòng, không qua trung gian.",03/02/2024,https://mogi.vn/quan-ha-dong/thue-phong-tro-khu-nha-tro/phong-tro-20m2-gac-xep-full-do-id22469451,mogi.vn,2026-07-05T15:50:36.516077+00:00,,,,,high,3.8,20.0,Mộ Lao,can_ho_mini,0,1,1,0,1,1,0,0,0,0,4,2.0,1,883,0.18696264023184475,0.187,geo:20.9816:105.7854,8.705,0.19
"phòng trọ 20m2, không chung chủ, gần aeon mall",3700000,20,"Phường Dương Nội, Quận Hà Đông, Hà Nội",Hà Đông,20.987817991099398,105.7511568076684,"Cho thuê, phòng trọ, CCMN.<br />Địa chỉ: NO 11 Dịch Vụ, Dương Nội, Hà Đông, Hà Nội.<br />Tòa nhà 5 tầng, mỗi tầng có 2 phòng vệ sinh khép kín.<br />Phòng có diện tích 20m, rộng rãi thoáng mát.<br />Full đồ: Điều hòa, nóng lạnh, tủ lạnh, bàn ăn, giường, đệm, tủ quần áo, máy giặt chung.<br />Gần aeon mall, <br />Giờ giấc thoải mái, camera an ninh, cổng khóa vân tay.<br />Để xe máy dưới tầng 1 miễn phí.<br />Không thu phí xem phòng, không qua trung gian.<br />Liên hệ: (call &amp; zalo) quản lí tòa nhà để được tư vấn trực tiếp.",03/02/2024,https://mogi.vn/quan-ha-dong/thue-phong-tro-khu-nha-tro/phong-tro-20m2-khong-chung-chu-gan-aeon-mall-id22462339,mogi.vn,2026-07-05T15:50:37.686547+00:00,,,,,high,3.7,20.0,Dương Nội,can_ho_mini,1,1,0,0,1,0,1,1,0,1,6,2.0,1,883,0.18696264023184475,0.187,geo:20.9878:105.7512,11.45,0.185
"Phòng trọ mới xây 20m2, không chung chủ, cổng sau trường Phenikaa",4000000,20,"Phường Yên Nghĩa, Quận Hà Đông, Hà Nội",Hà Đông,20.959409336982336,105.74391746605954,"Cho thuê, phòng trọ, CCMN.<br />Địa chỉ: Khu đất dịch vụ Hòa Bình, Yên Nghĩa, Hà Đông.<br />Tòa nhà 6 tầng, mỗi tầng có 2 phòng vệ sinh khép kín. Sân phơi tầng 6.<br />Phòng có diện tích 20m², rộng rãi thoáng mát.<br />Full đồ: Điều hòa, nóng lạnh, tủ lạnh, bàn ăn, giường, đệm, tủ quần áo, máy giặt chung.<br />Gần cổng sau Đại học Phenika, Ngã 4 Lê Trọng Tấn 1km.<br />Gần chợ dân sinh, đường rộng ô tô đỗ cửa.<br />Phòng không chung chủ đi lại giờ giấc thoải mái, camera an ninh, cổng khóa vân tay.<br />Để xe máy dưới tầng 1 miễn phí.<br />Không thu phí xem phòng, không qua trung gian.<br />Liên hệ: (call &amp; zalo) quản lí tòa nhà để được tư vấn trực tiếp.",03/02/2024,https://mogi.vn/quan-ha-dong/thue-phong-tro-khu-nha-tro/phong-tro-moi-xay-20m2-khong-chung-chu-cong-sau-truong-phenikaa-id22462009,mogi.vn,2026-07-05T15:50:39.109807+00:00,,,,,high,4.0,20.0,Yên Nghĩa,can_ho_mini,1,1,0,0,1,0,1,1,0,1,6,2.0,1,883,0.18696264023184475,0.187,geo:20.9594:105.7439,13.645,0.2
Phòng trọ 30m2 mới xây đằng sau The Pride,4000000,30,"Phường La Khê, Quận Hà Đông, Hà Nội",Hà Đông,20.97209973593936,105.75910425129516,"Cho thuê, phòng trọ, CCMN khu vực Hà Đông.<br />Địa chỉ: LK16 Dọc Bún 2, La Khê, Hà Đông.<br />Tòa nhà 5 tầng, mỗi tầng có 2 phòng vệ sinh khép kín. Sân phơi tầng 5.<br />Phòng có diện tích 30m², rộng rãi thoáng mát.<br />Full đồ: Điều hòa, nóng lạnh, tủ lạnh, bàn ăn, bàn trang điểm, giường, đệm, tủ quần áo máy giặt chung.<br />Sau chung cư The Pride, cách Đại học Phenika, Ngã 4 Lê Trọng Tấn 1km.<br />Gần chợ dân sinh, đường rộng ô tô đỗ cửa.<br />Phòng không chung chủ đi lại giờ giấc thoải mái, camera an ninh, cổng khóa vân tay.<br />Dể xe máy dưới tầng 1 miễn phí.<br />Không thu phí xem phòng, không qua trung gian.",03/02/2024,https://mogi.vn/quan-ha-dong/thue-phong-tro-khu-nha-tro/phong-tro-30m2-moi-xay-dang-sau-the-pride-id22462007,mogi.vn,2026-07-05T15:50:40.429092+00:00,,,,,high,4.0,30.0,La Khê,can_ho_mini,1,1,0,0,1,0,1,1,0,0,5,2.0,1,883,0.18696264023184475,0.187,geo:20.9721:105.7591,11.55,0.13333333333333333
"phòng trọ 15m2, Ngõ 207 Phùng Hưng, Không chung chủ",3000000,15,"Phường Phúc La, Quận Hà Đông, Hà Nội",Hà Đông,20.969336412645355,105.78660440788691,"Tổng thể toà nhà gồm 6 tầng, 14 căn studio, 1 Mặt bằng kinh doanh<br />Tầng 1: Nhà để xe + 01 Mặt bằng kinh doanh <br />Tầng 2 : 02 Căn đơn Studio khép kín<br />Tầng 3-5: 04 căn đơn Studio + 2 wc (Số 01, 02, 03,04)<br />Tầng 6: Sân phơi + Khu nấu ăn chung<br />Hệ thống giám sát camera <br />Máy giặt chung trên sân phơi<br />Nội thất trang bị gồm: <br />+ Điện lạnh: Bình nóng lạnh 25 lít, Điều hoà 9000btu, Tủ lạnh 143 lít 2 cánh<br />+ Đồ gỗ: Giường ngủ hộp gỗ ép cao cấp 1.6m x 2.0m, Tủ quần áo gỗ ép 1.2m x 2.0m, bàn trà + 2 ghế, bàn làm việc.<br />+ Phụ kiện khác: Đệm xốp ép 9cm, tranh dán tường",03/02/2024,https://mogi.vn/quan-ha-dong/thue-phong-tro-khu-nha-tro/phong-tro-15m2-ngo-207-phung-hung-khong-chung-chu-id22465123,mogi.vn,2026-07-05T15:50:44.344661+00:00,,,,,high,3.0,15.0,Phúc La,can_ho_mini,1,1,0,0,0,0,1,1,0,1,5,2.0,1,883,0.18696264023184475,0.187,geo:20.9693:105.7866,9.499,0.2
"Phòng trọ 25m2,. Ngõ 80 Bà Triệu. Không chung chủ.Đủ đồ",3800000,25,"Phường Nguyễn Trãi, Quận Hà Đông, Hà Nội",Hà Đông,20.969308855,105.78034973000001,"Tổng thể toà nhà gồm 7 tầng, có thang máy, 20 căn đơn Studio + 01 căn 1N1K + 01 căn 2N1K.<br />Tầng 1: Nhà để xe, 02 căn đơn Studio <br />Tầng 2 - 5: 4 căn đơn Studio ( Số 01,02,03,04 )<br />Tầng 6: 1 căn 2 ngủ 1 khách, 2 căn đơn studio<br />Tầng 7: 1 căn Penshoue có sân vườn<br />Khoá cổng quản lý vân tay, hệ thống giám sát camera <br />Sân phơi chung: Dây phơi, máy giặt chung<br />Diện tích: 25m2<br />Kết cấu: Phòng Studio + Vệ sinh + Ban công<br />Nội thất trang bị gồm: <br />+ Điện lạnh: Bình nóng lạnh 25 lít, Điều hoà 9000btu, Tủ lạnh 143 lít 2 cánh.<br />+ Đồ gỗ: Giường ngủ hộp gỗ ép cao cấp 1.6m x 2.0m, Tủ quần áo gỗ ép 1.2m x 2.0m, Bàn làm việc và ghế ngồi, Bàn bếp + giá bát <br />+Phụ kiện khác: Đệm xốp ép 9cm, rèm cửa sổ, tranh dán tường",03/02/2024,https://mogi.vn/quan-ha-dong/thue-phong-tro-khu-nha-tro/phong-tro-25m2-ngo-80-ba-trieu-khong-chung-chu-du-do-id22466910,mogi.vn,2026-07-05T15:50:45.487039+00:00,,,,,high,3.8,25.0,Nguyễn Trãi,can_ho_mini,1,0,1,1,0,0,1,1,0,1,6,2.0,1,883,0.18696264023184475,0.187,geo:20.9693:105.7803,9.978,0.152
Cho thuê phòng trọ tại Trần Phú,3500000,20,"Phường Mộ Lao, Quận Hà Đông, Hà Nội",Hà Đông,20.981632230000002,105.78538894500002,"Mình có phòng cho thuê tại ngõ 55 Trần Phú<br />Gần rất nhiều trường Đại học lớn quanh khu vực Hà Đông<br />Đã lắp đầy đủ đồ như hình<br />Không giới hạn người ở<br />Giờ giấc tự do, không chung chủ<br />Xem phòng miễn phí<br />0961677695",31/01/2024,https://mogi.vn/quan-ha-dong/thue-phong-tro-khu-nha-tro/cho-thue-phong-tro-tai-tran-phu-id22464917,mogi.vn,2026-07-05T15:50:47.849248+00:00,,,,,high,3.5,20.0,Mộ Lao,phong_tro,0,0,0,0,0,0,0,0,0,0,0,1.0,1,886,0.18590052371764124,0.1859,geo:20.9816:105.7854,8.705,0.175
Chung Cư Mini Mới DV Hòa Bình-Yên Nghĩa-Hà Đông,3800000,25,"Phường Yên Nghĩa, Quận Hà Đông, Hà Nội",Hà Đông,20.949991224999998,105.73318862999997,"( Chung cư mi ni mới xây full nội thất mới tinh )<br />Nội thất: Giường, tủ quần áo, tủ lạnh,điều hòa, nóng lạnh, quạt trần, bàn ăn+ghế, bàn bếp trên dưới<br />Phòng khép kín, nhà có thang máy<br />Khóa cổng vân tay, có camera an ninh đảm bảo an toàn<br />Không chung chủ, giờ giấc thoải mái tự do<br />Có chỗ để xe free<br />* Điện 3,750k/số <br />* Nước 32k/khối",16/01/2024,https://mogi.vn/quan-ha-dong/thue-phong-tro-khu-nha-tro/chung-cu-mini-moi-dv-hoa-binh-yen-nghia-ha-dong-id22461309,mogi.vn,2026-07-05T15:51:10.076433+00:00,,,,,high,3.8,25.0,Yên Nghĩa,can_ho_mini,1,1,0,1,1,0,0,1,0,1,6,1.0,1,901,0.1806797652185867,0.1807,geo:20.9500:105.7332,15.158,0.152
"Căn hộ gác xép vip full đồ, siêu đẹp, giao thông thuận lợi",4199000,25,"Phường Phúc La, Quận Hà Đông, Hà Nội",Hà Đông,20.967533109999998,105.78967285499994,"Căn hộ gác xép vip tại 39 Ngõ ngoài Xala<br />Toà nhà thuộc Hệ thống nhà cho thuê Hland House- Chính chủ - Miễn trung gian - Xem phòng không mất chi phí dẫn.<br />Nhà thiết kế 5 tầng, có thang máy, các căn hộ khép kín, nội thất đầy đủ<br />Có 2 loại căn hộ<br />* Loại 1: Căn gác xép, rộng 25m2: Giá 4tr2<br />* Loại 2: Căn studio, rộng 30m2: Giá    4tr5<br />Mô tả chung<br />* Camer an ninh<br />* Khóa cổng kiểm soát vân tay<br />* Thiết kế: Riêng khu bếp, vệ sinh khép kín, ban công<br />* Nội thất: Điều hòa, Nóng lạnh, máy giặt chung, tủ lạnh, giường ngủ, tủ quần áo, bàn bếp, bàn ăn 4 ghế, bàn làm việc, đệm, chăn, ga, gối, khăn mặt, túi tote,&#8230; <br />* Vệ sinh dọn dẹp hàng tuần<br />* Trong phòng đều có ban công, bàn bếp, phơi đồ<br />* Mạng internet riêng từng căn hộ<br />* Điện 3,75k/số ; Nước 32k/khối<br />* Hợp đồng dài hạn không tăng giá, giờ giấc thoải mái, tiếp bạn bè lịch sự thoải mái<br />* Chính chủ, miễn trung gian<br />* Nhắn zalo khi cần thông tin chi tiết",11/01/2024,https://mogi.vn/quan-ha-dong/thue-phong-tro-khu-nha-tro/can-ho-gac-xep-vip-full-do-sieu-dep-giao-thong-thuan-loi-id22442865,mogi.vn,2026-07-05T15:51:29.445895+00:00,,,,,high,4.199,25.0,Phúc La,can_ho_mini,1,1,1,1,1,1,1,1,1,0,9,1.0,1,906,0.17897229986286292,0.179,geo:20.9675:105.7897,9.416,0.16796
Ccmn mới tinh cực đẹp cách trường Phenika 450m,3799997,30,"Phường Yên Nghĩa, Quận Hà Đông, Hà Nội",Hà Đông,20.963617237920577,105.74687862481198,"Căn hộ vip gần trường đại học Phenika<br />Toà nhà thuộc Hệ thống nhà cho thuê Hland House- Chính chủ - Miễn trung gian - Xem phòng không mất chi phí dẫn.<br />Nhà thiết kế 7 tầng, có thang máy, các căn hộ khép kín, nội thất đầy đủ<br />Có 2 loại căn hộ<br />* Loại 1: Căn 1 ngủ 1 khách có gác xép, rộng 25m2: Giá 3tr8<br />* Loại 2: Căn 1 ngủ 1 khách có gác xép, rộng 25m2: Giá 4tr<br />Mô tả chung<br />* Camer an ninh<br />* Khóa cổng kiểm soát vân tay<br />* Thiết kế: Riêng khu bếp, vệ sinh khép kín, ban công<br />* Nội thất: Điều hòa, Nóng lạnh, máy giặt, tủ lạnh, bếp từ, giường ngủ, tủ quần áo, tủ giày, bàn bếp, bàn ăn 2 ghế, đệm, chăn ga gối, khăn mặt, túi tote,&#8230;<br />* Vệ sinh dọn dẹp hàng tuần<br />* Trong phòng đều có ban công, bàn bếp, phơi đồ<br />* Mạng internet riêng từng căn hộ<br />* Điện 3,75k/số ; Nước 32k/khối<br />* Hợp đồng dài hạn không tăng giá, giờ giấc thoải mái, tiếp bạn bè lịch sự thoải mái<br />* An ninh cao, hệ thông PCCC đảm bảo an toàn<br />* Chính chủ, miễn trung gian<br />* Nhắn zalo khi cần thông tin chi tiết",11/01/2024,https://mogi.vn/quan-ha-dong/thue-phong-tro-khu-nha-tro/ccmn-moi-tinh-cuc-dep-cach-truong-phenika-450m-id22456595,mogi.vn,2026-07-05T15:51:30.682188+00:00,,,,,high,3.8,30.0,Yên Nghĩa,can_ho_mini,1,1,1,1,1,1,1,1,1,0,9,1.0,1,906,0.17897229986286292,0.179,geo:20.9636:105.7469,13.129,0.12666666666666665
"Phòng trọ studio full đồ, siêu đẹp",3799000,25,"Phường Hà Cầu, Quận Hà Đông, Hà Nội",Hà Đông,20.96593189,105.77604294000002,"Căn hộ gác xép vip tại 80 Bà Triệu<br />Toà nhà thuộc Hệ thống nhà cho thuê Hland House- Chính chủ - Miễn trung gian - Xem phòng không mất chi phí dẫn.<br />Nhà thiết kế 7 tầng, có thang máy, các căn hộ khép kín, nội thất đầy đủ<br />Có 2 loại căn hộ<br />* Loại 1: Căn gác xép, rộng 25m2: Giá 4tr2<br />* Loại 2: Căn studio, rộng 25m2: Giá 3tr8<br />Mô tả chung<br />* Camer an ninh<br />* Khóa cổng kiểm soát vân tay<br />* Thiết kế: Riêng khu bếp, vệ sinh khép kín, ban công<br />* Nội thất: Điều hòa, Nóng lạnh, máy giặt chung, tủ lạnh, giường ngủ, tủ quần áo, bàn bếp, bàn ăn 4 ghế, bàn làm việc, đệm, chăn, ga, gối, khăn mặt, túi tote,&#8230; <br />* Vệ sinh dọn dẹp hàng tuần<br />* Trong phòng đều có ban công, bàn bếp, phơi đồ<br />* Mạng internet riêng từng căn hộ<br />* Điện 3,75k/số ; Nước 32k/khối<br />* Hợp đồng dài hạn không tăng giá, giờ giấc thoải mái, tiếp bạn bè lịch sự thoải mái<br />* Chính chủ, miễn trung gian<br />* Nhắn zalo khi cần thông tin chi tiết",11/01/2024,https://mogi.vn/quan-ha-dong/thue-phong-tro-khu-nha-tro/phong-tro-studio-full-do-sieu-dep-id22442847,mogi.vn,2026-07-05T15:51:32.320971+00:00,,,,,high,3.799,25.0,Hà Cầu,can_ho_mini,1,1,1,1,1,1,1,1,1,0,9,1.0,1,906,0.17897229986286292,0.179,geo:20.9659:105.7760,10.562,0.15195999999999998
"Biệt thự Mipec Kiến Hưng mới tinh, full đồ, siêu đẹp",4199000,30,"Phường Kiến Hưng, Quận Hà Đông, Hà Nội",Hà Đông,20.95117569,105.788288115,"Hland Tower 150: Biệt thự Mipec City View Kiến Hưng<br />Hland House là đơn vị vận hành cho thuê với chất lượng sản phẩm hàng đầu và giá thành tốt nhất thị trường.<br />Tower 150 ưu điểm vị trí: Ô tô đỗ cửa, dưới chân chung cư Mepic<br />Có 2 loại căn hộ<br />* Loại 1: Tầng 1 mặt bằng KD kết hợp ở; Giá từ: 4tr5<br />* Loại 2: Căn hộ full nội thất, cửa sổ, ban công; Giá từ: 4tr2<br />Mô tả chung<br />* Camer an ninh, khóa cổng kiểm soát vân tay, ban quản lý chuyên nghiệp<br />* Nội thất: Điều hòa, Nóng lạnh, máy giặt, tủ lạnh riêng, giường ngủ, tủ quần áo, hệ bàn tủ bếp, bàn ăn, đệm&#8230; <br />* Hợp đồng dài hạn không tăng giá, giờ giấc thoải mái, tiếp bạn bè lịch sự thoải mái<br />* Chính chủ, miễn trung gian<br />* Nhắn z.a.l.o khi cần thông tin chi tiết",11/01/2024,https://mogi.vn/quan-ha-dong/thue-phong-tro-khu-nha-tro/biet-thu-mipec-kien-hung-moi-tinh-full-do-sieu-dep-id22442783,mogi.vn,2026-07-05T15:51:33.782779+00:00,,,,,high,4.199,30.0,Kiến Hưng,can_ho,1,0,1,0,1,0,1,1,0,0,5,1.0,1,906,0.17897229986286292,0.179,geo:20.9512:105.7883,10.891,0.13996666666666666
Phòng trống ngõ 207 Phùng Hưng giá ưu đãi khi vào ở luôn,3000000,20,"Phường Phú La, Quận Hà Đông, Hà Nội",Hà Đông,20.95802975,105.76300430499998,"Vị trí: Ngay cạnh chợ Yên Phúc, phía sau bệnh viện Thiên Đức, cách viện 103 chỉ 200m thuận tiện hướng đi tới hồ Văn Quán, cầu Đen, Xala<br />Bãi đỗ để xe: Xe máy để sàn tầng 1 toà nhà,Ô tô đỗ cách nhà 150m <br />Nội thất: giường, tủ, điều hòa, nóng lạnh chung, tủ lạnh <br />Điện: 3.750k/số, nước 120k/người/tháng, internet 100k/phòng <br />Phí dịch vụ 70k/người/tháng ( phí vệ sinh môi trường, sử dụng và bảo trì trang thiết bị chung, vệ sinh tòa nhà)",11/01/2024,https://mogi.vn/quan-ha-dong/thue-phong-tro-khu-nha-tro/phong-trong-ngo-207-phung-hung-gia-uu-dai-khi-vao-o-luon-id22466883,mogi.vn,2026-07-05T15:51:35.107016+00:00,,,,,high,3.0,20.0,Phú La,phong_tro,1,0,0,0,0,0,0,1,1,1,4,1.0,1,906,0.17897229986286292,0.179,geo:20.9580:105.7630,12.161,0.15
"Phòng khép kín vào ở luôn tại Yên Phúc, Hà Nội",3600000,25,"Phường Phúc La, Quận Hà Đông, Hà Nội",Hà Đông,20.967533109999998,105.78967285499994,"Vị trí: Cách hồ Văn Quán chỉ 500m, cách chợ Yên Phúc 200m, ngay gần viện 103, giao thông thuận tiện đi các hướng Xala, cầu Trắng, BigC Hà Đông,..<br />Kết cấu: Phòng studio + Vệ sinh + cửa sổ thoáng<br />Nội thất: giường, tủ quần áo, điều hòa, nóng lạnh, tủ lạnh, ....<br />Điện 3.750k/số, nước 120k/người/tháng, internet 100k/phòng <br />Phí dịch vụ 70k/người/tháng ( phí vệ sinh môi trường, sử dụng và bảo trì thiết bị chung, vệ sinh tòa nhà)",11/01/2024,https://mogi.vn/quan-ha-dong/thue-phong-tro-khu-nha-tro/phong-khep-kin-vao-o-luon-tai-yen-phuc-ha-noi-id22466872,mogi.vn,2026-07-05T15:51:36.942233+00:00,,,,,high,3.6,25.0,Phúc La,can_ho_mini,1,1,0,0,0,0,0,1,1,0,4,1.0,1,906,0.17897229986286292,0.179,geo:20.9675:105.7897,9.416,0.14400000000000002
Full đồ điện nước giá dân địa chỉ xa la,3000000,30,"Phường Văn Quán, Quận Hà Đông, Hà Nội",Hà Đông,20.97854805,105.78979492000008,Full đồ điện nước giá dân địa chỉ xa la,22/12/2023,https://mogi.vn/quan-ha-dong/thue-phong-tro-o-chung-chu/full-do-dien-nuoc-gia-dan-dia-chi-xa-la-id22448970,mogi.vn,2026-07-05T15:51:47.496660+00:00,,,,,high,3.0,30.0,Văn Quán,phong_tro,0,0,0,0,1,0,0,0,0,0,1,12.0,1,926,0.17230228015308655,0.1723,geo:20.9785:105.7898,8.564,0.1
Phòng cao cấp BIỆT THỰ Mipec Kiến Hưng,4200000,30,"Phường Kiến Hưng, Quận Hà Đông, Hà Nội",Hà Đông,20.95117569,105.788288115,"Hland Tower 150: Biệt thự Mipec City View Kiến Hưng<br />Hland House là đơn vị vận hành cho thuê với chất lượng sản phẩm hàng đầu và giá thành tốt nhất thị trường.<br />Tower 150 ưu điểm vị trí: Ô tô đỗ cửa, dưới chân chung cư Mipec<br />Có 2 loại căn hộ<br />* Loại 1: Tầng 1 mặt bằng KD kết hợp ở; Giá từ: 4tr5<br />* Loại 2: Căn hộ full nội thất, cửa sổ, ban công; Giá từ: 4tr2<br />Mô tả chung<br />* Camera an ninh, khóa cổng kiểm soát vân tay, ban quản lý chuyên nghiệp<br />* Nội thất: Điều hòa, Nóng lạnh, máy giặt, tủ lạnh riêng, giường ngủ, tủ quần áo, hệ bàn tủ bếp, bàn ăn, đệm&#8230; <br />* Hợp đồng dài hạn không tăng giá, giờ giấc thoải mái, tiếp bạn bè lịch sự thoải mái<br />* Chính chủ, miễn trung gian<br />* Nhắn z.a.l.o khi cần thông tin chi tiết<br />0377585810",18/12/2023,https://mogi.vn/quan-ha-dong/thue-phong-tro-khu-nha-tro/phong-cao-cap-biet-thu-mipec-kien-hung-id22442843,mogi.vn,2026-07-05T15:51:49.111483+00:00,,,,,high,4.2,30.0,Kiến Hưng,can_ho,1,0,1,0,1,0,1,1,0,0,5,12.0,1,930,0.17099840749812356,0.171,geo:20.9512:105.7883,10.891,0.14
Phòng gác xép Xala Hà Đông full đồ tiện nghi,4200000,40,"Phường Phúc La, Quận Hà Đông, Hà Nội",Hà Đông,20.967533109999998,105.78967285499994,"Phòng gác xép ngõ ngoài Xala<br />Hland House là đơn vị vận hành cho thuê với chất lượng sản phẩm hàng đầu và giá thành tốt nhất thị trường.<br />Tower 121 ưu điểm vị trí: Gần KĐT Xala, bệnh viện 103, học viện quân y, chợ, siêu thị,...<br />Mô tả chung<br />* Camera an ninh, khóa cổng kiểm soát vân tay, ban quản lý chuyên nghiệp<br />* Nội thất: Điều hòa, Nóng lạnh, máy giặt, tủ lạnh riêng, giường ngủ, tủ quần áo, hệ bàn tủ bếp, bàn ăn, đệm&#8230; <br />* Hợp đồng dài hạn không tăng giá, giờ giấc thoải mái, tiếp bạn bè lịch sự thoải mái<br />* Chính chủ, miễn trung gian<br />* Nhắn z.a.l.o khi cần thông tin chi tiết<br />0377585810",18/12/2023,https://mogi.vn/quan-ha-dong/thue-phong-tro-khu-nha-tro/phong-gac-xep-xala-ha-dong-full-do-tien-nghi-id22442872,mogi.vn,2026-07-05T15:51:50.449301+00:00,,,,,high,4.2,40.0,Phúc La,phong_tro,1,0,0,0,1,1,1,1,0,0,5,12.0,1,930,0.17099840749812356,0.171,geo:20.9675:105.7897,9.416,0.10500000000000001
Phòng trọ cho thuê tòa mới xây full nội thất giá 3.95tr,3950000,19,"Số 22a Đường Xa La, Phường Hà Đông, Hà Nội",Hà Đông,,,"CCMNi full nội thất giá 3.95tr ( ban công rộng, 15 phòng gác xép; 3 phòng Studio) hợp đồng 12 tháng, đóng 1 cọc 1. ĐỒNG… - 708806",26/06/2026,https://phongtro123.com/phong-tro-cho-thue-toa-moi-xay-pr708806.html,phongtro123.com,2026-07-05T15:43:35.164296+00:00,0326923731,https://pt123.cdn.static123.com/images/thumbs/450x300/fit/2026/06/26/gen-h-phong-xa-la_1782462567.jpg,"CCMNi full nội thất giá 3.95tr ( ban công rộng, 15 phòng gác xép; 3 phòng Studio) hợp đồng 12 tháng, đóng 1 cọc 1. ĐỒNG GIÁ, PHÒNG 100% CÓ BAN CÔNG hoặc cửa sổ THOÁNG. RIÊNG PHÒNG 502 GIÁ 4.7 TRIỆU. -️ Địa chỉ: Số 22a ngõ Giữa Xa La - Hà Đông, Hà Nội , Ô tô cách nhà 100m ). Nội thất : Giường tủ, tủ bếp hút mùi ,tủ lạnh,máy giặt , Thang Máy, bếp từ , phòng nào cũng thoáng ( có ban công hoặc cửa sáng) đầy đủ PCCC -️ Dịch vụ : Điện giá nhà nước ,nước 35k/khối, dvu 150k/ng, wifi 100k/ phòng. Vị trí: sát KDT Xa La; bệnh viện 103; chỉ 4-5 phút di chuyển vào đường Trần Phú, Đại Học Kiến Trúc, Bưu chính Viễn Thông, Y học cổ Truyền. Cho xạc xe điện, Pet nuôi chơi và phải sạch Lh: 0326923731",,high,3.95,19.0,Hà Đông,can_ho_mini,0,0,1,1,1,1,1,0,1,0,6,6.0,0,9,0.9830539273771995,0.9831,97c85c34de7d617dc1f2,9.977,0.20789473684210527
"PHÒNG TRỌ GIÁ RẺ KHÉP KÍN MỘ LAO, QUẬN HÀ ĐÔNG, HN",3500000,20,"Số 6 ngách 38/16 Đường Nguyễn Thanh Bình, Phường Hà Đông, Hà Nội",Hà Đông,,,"Phòng khép kín ko chung chủ, có ban công gác xép kệ bếp, full đồ nóng lạnh Địa chỉ: Số 6 ngách 38/16 Đường… - 684788",25/06/2026,https://phongtro123.com/phong-tro-gia-re-khep-kin-mo-lao-pr684788.html,phongtro123.com,2026-07-05T15:43:35.164296+00:00,0377481691,https://pt123.cdn.static123.com/images/thumbs/450x300/fit/2025/06/22/img-20220425-135053_1750560816.jpg,"Phòng khép kín ko chung chủ, có ban công gác xép kệ bếp, full đồ nóng lạnh Địa chỉ: Số 6 ngách 38/16 Đường Nguyễn Thanh Bình, Phường Mỗ Lao, Quận Hà Đông, Hà Nội Gần chợ, big C, Bưu Chính, Kiến Trúc,... ko chung chủ giớ giấc thoải mái Ưu tiên và giảm giá các bạn giữ gìn vệ sinh sạch sẽ Giá thuê: 3 triệu5/tháng",,high,3.5,20.0,Hà Đông,phong_tro,0,1,1,0,1,1,0,1,0,0,5,6.0,0,10,0.9811888466490065,0.9812,66dea4fb1a702cab07e7,9.977,0.175
"PHÒNG TRỌ, CCMN - FULL ĐỒ - ĐA SỸ, KIẾN HƯNG, HÀ ĐÔNG",3800000,20,"Ngõ 5, Tổ 3 Đường Đa Sĩ, Phường Kiến Hưng, Hà Nội",Hà Đông,,,"CHO THUÊ CCMN MỚI XÂY – FULL ĐỒ – Ở NGAY Đa Sỹ, Kiến Hưng, Hà Đông Căn hộ CCMN vừa mới hoàn thiện, phòng… - 705469",28/05/2026,https://phongtro123.com/cho-thue-tro-chinh-chu-o-da-si-ha-dong-rong-20m2-gia-4-trieu-thang-pr705469.html,phongtro123.com,2026-07-05T15:43:35.164296+00:00,0397075428,https://pt123.cdn.static123.com/images/thumbs/450x300/fit/2026/05/28/1000001306_1779985807.jpg,"CHO THUÊ CCMN MỚI XÂY – FULL ĐỒ – Ở NGAY Đa Sỹ, Kiến Hưng, Hà Đông Căn hộ CCMN vừa mới hoàn thiện, phòng đẹp, sạch sẽ, thoáng mát trước sau Full nội thất: • Điều hoà • Nóng lạnh • Máy giặt • Tủ quần áo • Bàn ghế đầy đủ Giá chỉ: 4 triệu/tháng Tiện ích: • Có ban công + cửa sổ cực thoáng • Thang máy tiện lợi • Không chung chủ – giờ giấc tự do • Để xe FREE (tối đa 2 xe, có chỗ để xe điện) • Hệ thống PCCC đầy đủ, có lối thoát hiểm an toàn Địa chỉ: Ngõ 5, Tổ 3, Đa Sỹ, Kiến Hưng, Hà Đông Yêu cầu: • Sạch sẽ, gọn gàng • Tối đa 2 người/phòng Liên hệ xem phòng trực tiếp – KHÔNG QUA TRUNG GIAN SĐT/Zalo: 0397075428",,high,3.8,20.0,Kiến Hưng,can_ho_mini,1,0,1,1,1,0,1,1,0,1,7,5.0,0,38,0.9303789821893371,0.9304,c8ef3bbfa68dacf46cd0,10.623,0.19
CĂN HỘ GÁC XÉP FULL NỘI THẤT NGAY HỒ VĂN QUÁN GẦN CÁC TRƯỜNG ĐẠI HỌC LỚN HÀ ĐÔNG,3800000,25,"Đường Nguyễn Khuyến, Phường Hà Đông, Hà Nội",Hà Đông,,,"CC mini 25m², không gian sống thoáng đãng, đầy đủ tiện nghi. Phù hợp cho ai cần không gian riêng tư và thoải mái.… - 707593",31/05/2026,https://phongtro123.com/can-ho-gac-xep-full-noi-that-ngay-ho-van-quan-gan-cac-truong-dai-hoc-lon-ha-dong-pr707593.html,phongtro123.com,2026-07-05T15:43:35.164296+00:00,0879240000,https://pt123.cdn.static123.com/images/thumbs/450x300/fit/2026/05/31/3_1780220340.png,"CC mini 25m², không gian sống thoáng đãng, đầy đủ tiện nghi. Phù hợp cho ai cần không gian riêng tư và thoải mái. Thời gian cho thuê linh hoạt, tối thiểu 6 tháng. + 1PN + 1WC + Đầy đủ nội thất + Khu vực yên tĩnh, an ninh tốt Gần chợ/siêu thị, gần trường học, có công viên gần đó.",,high,3.8,25.0,Hà Đông,can_ho,0,0,0,0,1,1,0,0,0,0,2,5.0,0,35,0.9356945717406183,0.9357,7dfece0e826334db7bef,9.977,0.152
CHÍNH CHỦ CHO THUÊ: STUDIO MỚI 100% – NGAY CỔNG LÀNG VẠN PHÚC,4200000,25,"Số 1b Ngõ 7 Phố Lụa, Vạn Phúc, Hà Đông Phố Vạn Phúc, Phường Hà Đông, Hà Nội",Hà Đông,,,"* CHÍNH CHỦ CHO THUÊ: STUDIO MỚI 100% – NGAY CỔNG LÀNG VẠN PHÚC * - Vị trí cực tiện: Số 1b Ngõ 7 Phố Lụa, Vạn… - 707167",29/05/2026,https://phongtro123.com/chinh-chu-cho-thue-studio-moi-100-ngay-cong-lang-van-phuc-pr707167.html,phongtro123.com,2026-07-05T15:43:35.164296+00:00,0932446288,https://pt123.cdn.static123.com/images/thumbs/450x300/fit/2026/05/22/behind-1_1779428898.jpg,"* CHÍNH CHỦ CHO THUÊ: STUDIO MỚI 100% – NGAY CỔNG LÀNG VẠN PHÚC * - Vị trí cực tiện: Số 1b Ngõ 7 Phố Lụa, Vạn Phúc, Hà Đông (Ngõ nông, cách đường lớn đúng 5 bước chân, sát vách Cổng Làng). - Diện tích: 25m² rộng rãi, vuông vắn, có Ban công riêng thoáng mát. - Tiện nghi cao cấp (Mới tinh): + Thang máy tốc độ cao. + Máy giặt riêng từng phòng (Không lo chung chạ). + Full nội thất: Điều hòa, nóng lạnh, giường tủ, tủ lạnh, khu bếp riêng có hút mùi. + Nhà vệ sinh khép kín, thiết bị hiện đại. - An ninh & Phòng cháy: + Hệ thống PCCC đạt chuẩn an toàn. + Cổng khóa vân tay thông minh, giờ giấc tự do, không chung chủ. - CHI PHÍ MINH BẠCH: + Giá thuê: 4.200.000 ~ 4.800.000đ/tháng. + Điện: 4.000đ/số | Nước: 35.000đ/khối. + Mạng Wifi: 100.000đ/phòng. + Dịch vụ chung (Thang máy, hành lang, rác): 120.000đ/người. Liên hệ xem phòng trực tiếp (Chính chủ): 0932.446.288",,high,4.2,25.0,Hà Đông,can_ho_mini,1,1,1,1,1,0,1,1,1,0,8,5.0,0,37,0.93214748161279,0.9321,6f6f0ec391a6a7ff2571,9.977,0.168
 Cho Thuê Phòng Cao Cấp – Ngay Cổng Làng Lụa Vạn Phúc,5000000,25,"Phố Vạn Phúc, Phường Hà Đông, Hà Nội",Hà Đông,,,Cho Thuê Phòng Cao Cấp – Ngay Cổng Làng Lụa Vạn Phúc Đặc điểm nổi bật: - Diện tích: Phòng rộng 25m² với… - 707423,27/05/2026,https://phongtro123.com/cho-thue-phong-cao-cap-ngay-cong-lang-lua-van-phuc-pr707423.html,phongtro123.com,2026-07-05T15:43:35.164296+00:00,0358152386,https://pt123.cdn.static123.com/images/thumbs/450x300/fit/2026/05/27/8927690b-69c2-4bb4-872c-d9aba699eba7_1779867309.jpg,"Cho Thuê Phòng Cao Cấp – Ngay Cổng Làng Lụa Vạn Phúc Đặc điểm nổi bật: - Diện tích: Phòng rộng 25m² với vệ sinh khép kín và ban công riêng - Tiện nghi: Full nội thất, thang máy hiện đại, mỗi phòng đều có máy giặt riêng - An ninh: Hệ thống PCCC đầy đủ, cổng khóa vân tay, không chung chủ Giá thuê: 5.000.000đ/tháng (Ưu đãi tháng đầu chỉ 4.800.000đ) Chi phí dịch vụ: - Điện: 4.000đ/số - Nước: 35.000đ/khối - Mạng: 100.000đ/phòng - Dịch vụ chung: 120.000đ/người Địa chỉ:ngõ 7 Phố Lụa, Vạn Phúc, Hà Đông Liên hệ ngay:035.815.2386 hoặc nhắn tin để được dẫn xem phòng trực tiếp!",,high,5.0,25.0,Hà Đông,phong_tro,0,1,1,1,1,0,1,0,1,0,6,5.0,0,39,0.9286138380184301,0.9286,1bdb62502e52de720cbb,9.977,0.2
"PASS PHÒNG TRỌ GẤP – DƯƠNG NỘI, HÀ ĐÔNG – HỖ TRỢ NGAY 1 TRIỆU TIỀN CỌC",3000000,30,"Đường Ỷ La, Phường Dương Nội, Hà Nội",Hà Đông,,,"PASS PHÒNG TRỌ GẤP – DƯƠNG NỘI, HÀ ĐÔNG – HỖ TRỢ NGAY 1 TRIỆU TIỀN CỌC Do đi thực tập nên mình cần pass… - 707371",26/05/2026,https://phongtro123.com/pass-phong-tro-gap-duong-noi-ha-dong-ho-tro-ngay-1-trieu-tien-coc-pr707371.html,phongtro123.com,2026-07-05T15:43:35.164296+00:00,0912112681,https://pt123.cdn.static123.com/images/thumbs/450x300/fit/2026/05/26/z7866291814097-2cabffa107136e013c17e69116810234_1779782857.jpg,"PASS PHÒNG TRỌ GẤP – DƯƠNG NỘI, HÀ ĐÔNG – HỖ TRỢ NGAY 1 TRIỆU TIỀN CỌC Do đi thực tập nên mình cần pass lại phòng đầu tháng 6, ưu tiên vào ở luôn. * Địa chỉ: gần Kaka Coffee - Ỷ La, Dương Nội, Hà Đông - Cách ĐH Kiểm Sát 150m - Cách ĐH Phenikaa, Đại Nam khoảng 2km - Gần chợ dân sinh, quán ăn, quán photo, tiện sinh hoạt - Phòng đầy đủ đồ dùng cơ bản, vệ sinh khép kín - Có 2 cửa sổ lớn, view thoáng mát - Nam nữ đều ở được, có thể ở ghép - Chủ nhà thân thiện, hàng xóm vui vẻ * Giá thuê: 3 triệu/tháng -> Hỗ trợ ngay 1 triệu tiền cọc cho ai thiện chí vào luôn, chốt sớm có thể hỗ trợ thêm Liên hệ: 0912112681",,high,3.0,30.0,Dương Nội,o_ghep,1,1,0,0,0,0,0,0,0,0,2,5.0,0,40,0.9268520427343785,0.9269,c8dbb1882ed50d579ea8,11.461,0.1
"CHO THUÊ PHÒNG CÓ BAN CÔNG + CỬA SỔ THOÁNG Ở PHÚ LƯƠNG, HÀ ĐÔNG. Giá từ 2tr->3tr5",2000000,25,"180 Đường Phú Lương, Phường Phú Lương, Hà Nội",Hà Đông,,,"Cho thuê phòng trọ ở Phú Lương, Phố Xốm, Hà Đông ko chung chủ. Bao gồm các phòng sau: - DT từ 20-30m², giá từ… - 704092",19/05/2026,https://phongtro123.com/cho-thue-phong-co-ban-cong-cua-so-thoang-o-phu-luong-ha-dong-gia-tu-2tr1-3tr5-pr704092.html,phongtro123.com,2026-07-05T15:43:35.164296+00:00,0969627392,https://pt123.cdn.static123.com/images/thumbs/450x300/fit/2026/04/02/1_1775064925.jpg,"Cho thuê phòng trọ ở Phú Lương, Phố Xốm, Hà Đông ko chung chủ. Bao gồm các phòng sau: - DT từ 20-30m², giá từ 2tr1 + Vị trí & tiện ích: ở phố Phú lương, gần các trường ĐH Đại Nam, Phenikaa, Điện Lực,... và gần cây Xăng + Nội thất: Đầy đủ (tủ lạnh, máy giặt, ban công, điều hòa, giường tủ, kệ bếp...) + Lh sđt chủ nhà để xem chi tiết và giá từng phòng Liên hệ chủ nhà Duy: 0969627392",,high,2.0,25.0,Phú Lương,phong_tro,1,0,1,0,0,0,1,0,0,1,4,5.0,0,47,0.9146127123904295,0.9146,b3ef0fc1db4e0187f5b4,13.096,0.08
Chính chủ cho thuê phòng tại ngõ 143 đường chiến thắng khu TT HV mật mã,2500000,15,"16 Đường Chiến Thắng, Phường Thanh Liệt, Hà Nội",Hà Đông,,,"Dien tích 15m2 khép kín , nóng lạnh điều hòa , VS khép kín  Phòng sạch sẽ, thoáng mát Giá thuê chỉ 2.5… - 706895",16/05/2026,https://phongtro123.com/cho-thue-phong-tai-ngo-143-duong-chien-thang-khu-tt-hv-mat-ma-pr706895.html,phongtro123.com,2026-07-05T15:43:35.164296+00:00,0984574787,https://pt123.cdn.static123.com/images/thumbs/450x300/fit/2026/05/16/z7829105904744-129859b15260d1c6e2d9c45fe6d5fca1_1778916530.jpg,"Dien tích 15m2 khép kín , nóng lạnh điều hòa , VS khép kín Phòng sạch sẽ, thoáng mát Giá thuê chỉ 2.5 triệu/tháng Ngõ 143 đường chiến thắng khu TT HV mật mã",,high,2.5,15.0,Thanh Liệt,phong_tro,1,1,0,0,0,0,0,1,0,0,3,5.0,0,50,0.9094168868248205,0.9094,fcc0b63df9e10c097a02,9.977,0.16666666666666666
"Phòng khép kín 3tr khu vực Lê Trọng Tấn, Hà Đông",3000000,25,"Phố Lê Trọng Tấn, Phường Dương Nội, Hà Nội",Hà Đông,,,"Cho thuê phòng tại khu vực Hà Đông , diện tích 25m/phong khép kín đầy đủ đồ sạch sẽ , thang máy Giá chỉ 3… - 706463",09/05/2026,https://phongtro123.com/phong-khep-kin-3tr-khu-vuc-le-trong-tan-ha-dong-pr706463.html,phongtro123.com,2026-07-05T15:43:35.164296+00:00,0973421359,https://pt123.cdn.static123.com/images/thumbs/450x300/fit/2026/05/09/img-5410_1778296836.jpg,"Cho thuê phòng tại khu vực Hà Đông , diện tích 25m/phong khép kín đầy đủ đồ sạch sẽ , thang máy Giá chỉ 3 triệu/tháng Liên hệ 0973421359",,high,3.0,25.0,Dương Nội,phong_tro,0,1,0,1,0,0,0,0,0,0,2,5.0,0,57,0.897407792400885,0.8974,8727273fb0089fbac6d8,11.461,0.12
"Phòng trọ cho thuê ở Văn Quán, Quận Hà Đông",2500000,20,"Số 9 ngách 46 ngõ 96 Đường Chiến Thắng, Phường Hà Đông, Hà Nội",Hà Đông,,,"Còn 3 phòng t3, t4 cho thuê KO KHÉP KÍN (có thể thuê cả tầng), có chỗ để xe. Giá phòg 2tr5. ( Ở được luôn ) Điện… - 706170",04/05/2026,https://phongtro123.com/phong-tro-cho-thue-o-van-quan-ha-dong-pr706170.html,phongtro123.com,2026-07-05T15:43:35.164296+00:00,0372981074,https://pt123.cdn.static123.com/images/thumbs/450x300/fit/2026/05/04/1000018777_1777869132.jpg,"Còn 3 phòng t3, t4 cho thuê KO KHÉP KÍN (có thể thuê cả tầng), có chỗ để xe. Giá phòg 2tr5. ( Ở được luôn ) Điện 4k/số, Nước 100k/ng Mạng 50k/ng. Có đhnl. Đ/c: số 9 ngách 46/96 chiến thắng,  Văn Quán, Quận Hà Đông.( giờ giấc tự do) Ai có nhu cầu thì liên hệ sdt 0372981074 hoặc ib mes.",,high,2.5,20.0,Hà Đông,phong_tro,0,1,0,0,0,0,0,0,1,1,3,5.0,0,62,0.8889270822691924,0.8889,7158c1c02386e51b9ede,9.977,0.125
CHÍNH CHỦ CHO THUÊ TRỌ SINH VIÊN CÁCH PHENIKA 1Km.,3000000,25,"Tổ 6 Đường Yên Nghĩa, Phường Yên Nghĩa, Hà Nội",Hà Đông,,,"Mình chính chủ có phòng cho thuê, diện tích 25mét vuông, rộng thoáng có ban trước cửa phòng, vệ sinh khép kín, điều… - 705622",23/04/2026,https://phongtro123.com/thue-tro-sinh-vien-dai-hoc-phenika-pr705622.html,phongtro123.com,2026-07-05T15:43:35.164296+00:00,0963781081,https://pt123.cdn.static123.com/images/thumbs/450x300/fit/2026/04/23/fb-img-1733274078077-1_1776912576.jpg,"Mình chính chủ có phòng cho thuê, diện tích 25mét vuông, rộng thoáng có ban trước cửa phòng, vệ sinh khép kín, điều hoà, giường tủ, nóng lạnh đầy đủ, điện nước giá dân, địa chỉ Tổ 6 Yên Nghĩa, vài bước ra chợ đông đúc tiện nghi, giao thông đi lại thông tứ tung, gần bến xe, gần vành đai 4, đại học Phenika, đại học Đại Nam, gần tàu điện ... Giá 3tr về ở được ngay SDT liên hệ trực tiếp chủ nhà: A Hoàng 0963781081",,high,3.0,25.0,Yên Nghĩa,phong_tro,1,1,0,0,0,0,0,1,0,0,3,4.0,0,73,0.8705505632961241,0.8706,57db6583caf6cec4aa7a,13.976,0.12
PHÒNG TRỌ MỚI ĐẸP QUANG TRUNG - HÀ ĐÔNG THANG MÁY FULL NỘI THẤT CHỈ HƠN 3 TRIỆU,3500000,18,"Đường Quang Trung, Phường Hà Đông, Hà Nội",Hà Đông,,,"Chính chủ cần cho thuê phòng trọ CCMN tại Quang Trung Hà Đông, nhà mới đẹp, sạch sẽ, vị trí gần chợ dân… - 705556",22/04/2026,https://phongtro123.com/phong-tro-moi-dep-quang-trung-ha-dong-thang-may-full-noi-that-chi-hon-3-trieu-pr705556.html,phongtro123.com,2026-07-05T15:43:35.164296+00:00,0379283456,https://pt123.cdn.static123.com/images/thumbs/450x300/fit/2026/04/22/439086839-1001651484743554-7818524768354236372-n_1776830726.jpg,"Chính chủ cần cho thuê phòng trọ CCMN tại Quang Trung Hà Đông, nhà mới đẹp, sạch sẽ, vị trí gần chợ dân sinh Diện tích 15-18m2 Thang máy, cửa vân tay, không chung chủ, hệ thống đầy PCCC từng phòng, cửa chống cháy... Các phòng đều thoáng sáng Nội thất nóng lạnh, điều hòa, máy giặt, bếp từ - hút mùi, giường tủ... Chỗ để xe rộng rãi. Giá hơn 3tr/phòng tháng tùy phòng Điện 3.8k, nước 30k/m3, internet 100k/phòng... Liên hệ mr Điệp 0379 283 456",,high,3.5,18.0,Hà Đông,can_ho_mini,1,0,0,1,1,0,1,1,1,1,7,4.0,0,74,0.8688989274770668,0.8689,e78f962a2270247edc6e,9.977,0.19444444444444445
Cho thuê phòng trọ khép kín khu vực Hà Đông,3500000,35,"Tt24 Phố Lý Thường Kiệt, Hà Nội",Hà Đông,,,"Phòng 3Tr5 - 4Tr m Đầy đủ điều hoà, nóng lạnh, tủ quần áo, bàn bếp…vv…Để xe free, xe điện, pet thoải mái.… - 705478",21/04/2026,https://phongtro123.com/cho-thue-phong-tro-khep-kin-khu-vuc-ha-dong-pr705478.html,phongtro123.com,2026-07-05T15:43:35.166302+00:00,0983569299,https://pt123.cdn.static123.com/images/thumbs/450x300/fit/2026/04/20/img-6371_1776701230.jpg,"Phòng 3Tr5 - 4Tr m Đầy đủ điều hoà, nóng lạnh, tủ quần áo, bàn bếp…vv…Để xe free, xe điện, pet thoải mái. Cửa công khoá vân tay. Ko thêm phí dv Đóng 1 cọc 1 Địa chỉ : 13TT24 KĐT Văn Phú ĐT: 0867827857 hoạc 0962285758",,high,3.5,35.0,unknown,phong_tro,1,1,0,0,0,0,0,1,0,1,4,4.0,0,75,0.8672504251932615,0.8673,46235e79449452928d08,9.977,0.1
Chính chủ cho thuê từng phòng hoặc cả nhà,3000000,36,"64 ngách 1 ngõ 36 Đường An Hòa, Phường Hà Đông, Hà Nội",Hà Đông,,,1. Nhà gần các trường Đại học: - Cách Học viện an ninh: 600m; Học viện y học cổ truyền Tuệ Tĩnh: 600m; Đại học… - 704927,13/04/2026,https://phongtro123.com/chinh-chu-cho-thue-ca-nha-hoac-tung-phong-pr704927.html,phongtro123.com,2026-07-05T15:43:35.166302+00:00,0987576680,https://pt123.cdn.static123.com/images/thumbs/450x300/fit/2026/04/13/cau-thang3-4_1776051591.jpg,"1. Nhà gần các trường Đại học: - Cách Học viện an ninh: 600m; Học viện y học cổ truyền Tuệ Tĩnh: 600m; Đại học Kiến Trúc: 800m; Học viện Bưu chính Viễn Thông: 1,3km; Đại học Hà Nội: 1,5km - Gần bến xe buýt, ga đường sắt trên cao: 800m ra ga Phùng Khoang. - Gần chợ đầu mối Phùng Khoang (500m); Chợ cóc tiện lợi. 2. Phòng ở: - Phòng tầng 2: 36m, vệ sinh khép kín. Nội thất: giường, tủ, điều hoà 2 chiều, nóng lạnh. Giá: 4,5tr/tháng. - Phòng tầng 3: 36m, vệ sinh khép kín. Nội thất: tủ, điều hoà, nóng lạnh. Giá: 4,5tr/tháng. - Phòng tầng 4: 2 phòng, mỗi phòng 15m, vệ sinh chung. Nội thất: giường, tủ, điều hoà, nóng lạnh. Giá: 3 tr/tháng. - Tầng 1: Bếp, phòng khách, chỗ để xe; - Tầng 5: Phòng giặt, sân phơi. Thuê cả nhà: 13.000.000đ/ tháng Liên hệ chính chủ: 0987576680",2.0,high,3.0,36.0,Hà Đông,phong_tro,1,1,0,0,0,0,0,1,0,1,4,4.0,0,83,0.854174503150167,0.8542,a01a6a2d9e0dd21fe0f0,9.977,0.08333333333333333
Nhà riêng 40m2 khép kín tại Văn Quán-Không chung chủ-Giá cực tốt 2.3tr/tháng,2300000,40,"Đường số 19/5, Phường Hà Đông, Hà Nội",Hà Đông,,,"Chào các bạn, mình là chính chủ cần cho thuê căn nhà khép kín, kiên cố và riêng tư tại Đường 19/5 Văn Quán. Rất… - 704861",12/04/2026,https://phongtro123.com/nha-rieng-40m2-khep-kin-tai-van-quan-khong-chung-chu-gia-cuc-tot-2-5tr-thang-pr704861.html,phongtro123.com,2026-07-05T15:43:35.166302+00:00,0965718999,https://pt123.cdn.static123.com/images/thumbs/450x300/fit/2026/04/12/phong-ngu-1_1775965371.jpg,"Chào các bạn, mình là chính chủ cần cho thuê căn nhà khép kín, kiên cố và riêng tư tại Đường 19/5 Văn Quán. Rất phù hợp cho các bạn sinh viên ở ghép, hộ gia đình trẻ hoặc người đi làm cần không gian yên tĩnh, gắn bó lâu dài. Thông tin cơ bản: Diện tích: Rộng rãi 40m2, được chia phòng công năng rõ ràng. Cấu trúc: Tầng 1 để xe rộng rãi + Phòng ngủ riêng biệt + Khu vực bếp nấu ăn + Nhà vệ sinh riêng. Phân khu rõ ràng giúp nhà luôn sạch sẽ, không bị ám mùi thức ăn. Nội thất có sẵn: Đã trang bị giường gỗ, tủ quần áo, giá treo đồ, tủ bếp, bình nóng lạnh, cây nước lọc và máy giặt (như ảnh). Chỉ cần xách vali đến ở. Điểm cộng tuyệt đối: Giờ giấc tự do 100%, chìa khóa trao tay, KHÔNG CHUNG CHỦ. Điện tính theo công-tơ riêng, nước 70K/người (các phí khác như vệ sinh, an ninh,...do mình chi trả). Vị trí trung tâm: Nằm ngay đường 19/5, cách Hồ Văn Quán vài trăm mét. Gần chợ, siêu thị và bao quanh là các trường Đại học (Kiến Trúc, Bưu Chính, An Ninh,...). Giá thuê: 2.300.000 VNĐ/tháng (ổn định không tăng, ký hợp đồng lâu dài). Liên hệ xem nhà trực tiếp (Miễn trung gian): [***] - Vui lòng gọi điện hoặc Zalo để qua xem nhà các buổi tối/ngày cuối tuần.",1.0,high,2.3,40.0,Hà Đông,o_ghep,0,1,0,0,0,0,1,1,0,1,4,4.0,0,84,0.8525539365057819,0.8526,0df4f54b2e7eec2f88fd,9.977,0.057499999999999996
"PHÒNG TRỌ - 3TR GÁC XẾP CỰC ĐẸP - GIÁ RẺ - KHÉP KÍN TẠI 35 NGÔ THÌ SỸ, VẠN PHÚC, HÀ ĐÔNG",3050000,20,"Đường Ngô Thì Sỹ, Phường Hà Đông, Hà Nội",Hà Đông,,,"Đc: Ngõ 35 Ngô Thì Sỹ, Vạn Phúc, Hà Đông. Gần: chợ Hà Đông, Bưu điện Hà Đông, đường Thanh Bình, phố Tố… - 688476",10/04/2026,https://phongtro123.com/gac-xep-cuc-dep-gia-re-khep-kin-tai-ngo-thi-sy-van-phuc-ha-dong-o-ngay-duoc-luon-pr688476.html,phongtro123.com,2026-07-05T15:43:35.166302+00:00,0988758077,https://pt123.cdn.static123.com/images/thumbs/450x300/fit/2026/04/10/z7709229413910-670ef2d6c78ee42b88d8eabd5224815c_1775807981.jpg,"Đc: Ngõ 35 Ngô Thì Sỹ, Vạn Phúc, Hà Đông. Gần: chợ Hà Đông, Bưu điện Hà Đông, đường Thanh Bình, phố Tố Hữu…. Dễ dàng di chuyển ra đường Thanh Bình, phố Tố Hữu để đi làm, đi học. 1. Khép kín riêng tư, không chung chủ 2. Đủ nội thất cơ bản, chỉ việc xách vali vào ở 3. An ninh đảm bảo: khoá vân tay, camera 24/24 4. Thang bộ riêng biệt, thoải mái di chuyển 5. Giao thông thuận tiện: gần chợ Hà Đông, Bưu điện, đường Thanh Bình, Tố Hữu… 6. Hợp đồng linh hoạt: 8 – 12 tháng Liên hệ e Trang: 0988758077 để qua xem phòng miễn phí",,high,3.05,20.0,Hà Đông,phong_tro,0,1,0,0,0,1,0,0,0,0,2,4.0,0,86,0.8493220211533232,0.8493,bf55bc8b6700e4054542,9.977,0.1525
"BA LA 2 NGỦ FULL ĐỒ, OTO ĐỖ CỬA, CÁCH ĐẠI NAM 500M, VÀO Ở ĐƯỢC LUÔN",4000000,25,"Đường Ba La, Phường Phú Lương, Hà Nội",Hà Đông,,,"Nhanh tay! Căn phòng trọ tại Đường Ba La, Phường Phú Lương, Hà Nội (cũ: Quận Hà Đông, Hà Nội) với diện tích 25m2,… - 704311",04/04/2026,https://phongtro123.com/ba-la-2-ngu-full-do-oto-do-cua-cach-dai-nam-500m-vao-o-duoc-luon-pr704311.html,phongtro123.com,2026-07-05T15:43:35.166302+00:00,0879240000,https://pt123.cdn.static123.com/images/thumbs/450x300/fit/2026/04/04/img-3447_1775293837.jpg,"Nhanh tay! Căn phòng trọ tại Đường Ba La, Phường Phú Lương, Hà Nội (cũ: Quận Hà Đông, Hà Nội) với diện tích 25m2, thiết kế 1PN + 1WC/PT + bếp, thích hợp cho những ai cần không gian sống tiện nghi. Giá cho thuê chỉ 4 triệu VND, nội thất đầy đủ giúp tiết kiệm chi phí mua sắm. Điểm nổi bật: + Nội thất: điều hòa, giường, tủ lạnh... + Không gian thoáng đãng, sạch sẽ. Tiện ích xung quanh: - Gần bệnh viện Nhi Hà Nội. - Trường mầm non Ngôi Nhà Cây Xanh. - Siêu thị T-Mart Dương Nội 1.",,high,4.0,25.0,Phú Lương,phong_tro,1,0,0,0,1,0,0,0,0,0,2,4.0,0,92,0.8396995999872398,0.8397,19fc6c7639fcb00075b8,13.096,0.16
"Cho thuê phòng tại Yên Nghĩa, 4,2 triệu 30 m2, đầy đủ nội thất, oto đỗ cửa",4200000,30,"Phường Yên Nghĩa, Hà Nội",Hà Đông,,,"Nhanh tay! Căn phòng trọ nằm tại Phường Yên Nghĩa, Hà Nội (Quận Hà Đông, Hà Nội cũ) với diện tích 30m2, gồm 1… - 704310",04/04/2026,https://phongtro123.com/cho-thue-phong-tai-yen-nghia-4-2-trieu-30-m2-day-du-noi-that-oto-do-cua-pr704310.html,phongtro123.com,2026-07-05T15:43:37.888943+00:00,0879240000,https://pt123.cdn.static123.com/images/thumbs/450x300/fit/2026/04/04/hland-tower-12_1775293475.png,"Nhanh tay! Căn phòng trọ nằm tại Phường Yên Nghĩa, Hà Nội (Quận Hà Đông, Hà Nội cũ) với diện tích 30m2, gồm 1 phòng ngủ và 1 phòng tắm, thích hợp cho nhu cầu sống thoải mái. Giá cho thuê chỉ 4,2 triệu VND. Nội thất đầy đủ với điều hòa, giường, tủ lạnh... Cách bệnh viện đa khoa Chương Mỹ khoảng 2km. Cách siêu thị T-Mart Chúc Sơn khoảng 2km.",,high,4.2,30.0,Yên Nghĩa,phong_tro,1,0,0,0,1,0,0,0,0,0,2,4.0,0,92,0.8396995999872398,0.8397,40c5aa5cba701a3e39e0,13.976,0.14
"Ngã tư Vạn Phúc 1n1k full đồ, cách 500m, gần Phenikaa, CMC, vào ở được luôn",3800000,30,"Phố Vạn Phúc, Phường Hà Đông, Hà Nội",Hà Đông,,,"Nhanh tay sở hữu phòng trọ tiện nghi tại Phường Hà Đông, Hà Nội (cũ: Quận Hà Đông, Hà Nội). Phòng có đầy đủ… - 704309",04/04/2026,https://phongtro123.com/nga-tu-van-phuc-1n1k-full-do-cach-500m-gan-phenikaa-cmc-vao-o-duoc-luon-pr704309.html,phongtro123.com,2026-07-05T15:43:37.888943+00:00,0879240000,https://pt123.cdn.static123.com/images/thumbs/450x300/fit/2026/04/04/hland-tower-135_1775292882.png,"Nhanh tay sở hữu phòng trọ tiện nghi tại Phường Hà Đông, Hà Nội (cũ: Quận Hà Đông, Hà Nội). Phòng có đầy đủ nội thất, diện tích 30m2, phù hợp cho những ai cần không gian sống thoải mái. - Giá cho thuê: 3,8 triệu VND/tháng - 1 phòng ngủ và 1 phòng tắm - Không gian phòng khách rộng rãi - Nội thất đầy đủ, chỉ việc dọn vào ở - Thời gian thuê linh hoạt, tối thiểu 1 năm Điểm nổi bật: - Gần các công viên như công viên hồ Trung Văn, công viên Thiên Văn Học, công viên An Hưng, tạo không gian thư giãn cho cư dân. - Tiện ích xung quanh phong phú với siêu thị Đức Thành, siêu thị Co.opmart Goldsilk, Winmart+ và bệnh viện Đa Khoa Hà Đông gần kề, thuận lợi cho nhu cầu sinh hoạt hàng ngày. Tiện ích xung quanh: - Công viên hồ Trung Văn - Siêu thị Đức Thành - Bệnh viện Đa Khoa Hà Đông",,high,3.8,30.0,Hà Đông,phong_tro,0,0,0,0,1,0,0,0,0,0,1,4.0,0,92,0.8396995999872398,0.8397,1bdb62502e52de720cbb,9.977,0.12666666666666665
"58 THANH BÌNH STUDIO FULL ĐỒ, NGAY PTIT, KIẾN TRÚC, GIÁ TỪ 5TR",5000000,30,"Đường Thanh Bình, Phường Hà Đông, Hà Nội",Hà Đông,,,"Nhà trọ cho thuê tại Đường Thanh Bình, Phường Hà Đông, Hà Nội - Quận Hà Đông, Hà Nội cũ với diện tích 30m2.… - 704307",04/04/2026,https://phongtro123.com/58-thanh-binh-studio-full-do-ngay-ptit-kien-truc-gia-tu-5tr-pr704307.html,phongtro123.com,2026-07-05T15:43:37.888943+00:00,0879240000,https://pt123.cdn.static123.com/images/thumbs/450x300/fit/2026/04/04/1ccd297381cc0f9256dd_1775292513.jpg,"Nhà trọ cho thuê tại Đường Thanh Bình, Phường Hà Đông, Hà Nội - Quận Hà Đông, Hà Nội cũ với diện tích 30m2. Bất động sản này có 1PN + 1WC/PT + bếp, nội thất đầy đủ gồm điều hòa, giường, tủ lạnh, và nhiều tiện nghi khác, rất phù hợp cho nhu cầu sinh hoạt hàng ngày. Điểm nhấn: - Diện tích: 30m2 - Giá cho thuê từ: 5 triệu VND - Thiết kế hiện đại, không gian thoáng đãng. Địa điểm tiện ích xung quanh: - Bệnh viện đa khoa quốc tế Thiên Đức - Công viên Hồ Trung Văn - Siêu thị Co.opmart Goldsilk - Trường mầm non Thần Đồng",,high,5.0,30.0,Hà Đông,can_ho_mini,1,0,0,0,1,0,0,0,0,0,2,4.0,0,92,0.8396995999872398,0.8397,2edd5af6ce6381c771b3,9.977,0.16666666666666666
"20 Phan Đình Giót, p La Khê, gác xép full đồ, ngay ga Hà Đông, Văn Phú",4500000,25,"Đường Phan Đình Giót, Phường Hà Đông, Hà Nội",Hà Đông,,,"Đường Phan Đình Giót, Phường Hà Đông, Hà Nội (địa chỉ cũ: Quận Hà Đông, Hà Nội) là một phòng trọ lý tưởng… - 704302",04/04/2026,https://phongtro123.com/20-phan-dinh-giot-p-la-khe-gac-xep-full-do-ngay-ga-ha-dong-van-phu-pr704302.html,phongtro123.com,2026-07-05T15:43:37.888943+00:00,0879240000,https://pt123.cdn.static123.com/images/thumbs/450x300/fit/2026/04/04/81f292d23090b1cee881_1775291802.jpg,"Đường Phan Đình Giót, Phường Hà Đông, Hà Nội (địa chỉ cũ: Quận Hà Đông, Hà Nội) là một phòng trọ lý tưởng với diện tích 25m2, được thiết kế hiện đại và đầy đủ tiện nghi để đáp ứng nhu cầu sinh hoạt hàng ngày. - Giá thuê: 4,5 triệu VND/tháng. - Phòng ngủ 1, toilet 1. - Nội thất đầy đủ: điều hòa, giường, tủ lạnh... - Không gian thoáng đãng và sạch sẽ. Khu vực xung quanh: - Gần công viên An Hưng và công viên Thiên Văn Học, tạo không gian thư giãn. - Chỉ mất vài phút đến siêu thị Đức Thành cho nhu cầu mua sắm hàng ngày. - Trường mầm non Ngôi Nhà Cây Xanh gần đó, thuận tiện cho gia đình có trẻ nhỏ.",,high,4.5,25.0,Hà Đông,phong_tro,1,0,0,0,1,1,0,0,0,0,3,4.0,0,92,0.8396995999872398,0.8397,0ef034a751806c87d321,9.977,0.18
"Cho thuê phòng trọ Đa Sĩ, Kiến Hưng, Hà Đông",2500000,20,"số 295 - Tổ dân phố 3 -Ngõ 9 - Đa Sĩ- Kiến Hưng- Hà đông Đường Đa Sĩ, Phường Kiến Hưng, Hà Nội",Hà Đông,,,"Cho thuê phòng Đa Sĩ, Kiến Hưng - DT: 20m2 có gác xép - Công trình phụ khép kín, điều hoà, nóng lạnh, chỗ để xe,… - 679432",03/04/2026,https://phongtro123.com/cho-thue-phong-tro-da-si-kien-hung-ha-dong-pr679432.html,phongtro123.com,2026-07-05T15:43:37.888943+00:00,0961122793,https://pt123.cdn.static123.com/images/thumbs/450x300/fit/2025/04/16/z6509973934173-a515bf4b65089d06462f4fa713e5bd27_1744775096.jpg,"Cho thuê phòng Đa Sĩ, Kiến Hưng - DT: 20m2 có gác xép - Công trình phụ khép kín, điều hoà, nóng lạnh, chỗ để xe, mặt trước có sân thoáng rộng - Không chung chủ, ưu tiên hộ gia đình - Giá thuê: 2.500.000/tháng - Đchi: số 295 - Tổ dân phố 3 - Đa Sĩ- Kiến Hưng- Hà đông - Nhận nhà: Đầu tháng 5 - LH: 091 3367212",,high,2.5,20.0,Kiến Hưng,phong_tro,1,1,0,0,0,1,0,1,0,1,5,4.0,0,93,0.8381064955829005,0.8381,9b5d9478e0cc57c22616,10.623,0.125
"Cho thuê phòng full đồ chỉ 3,0tr trong CCMN ở Phố Xốm",3000000,18,"Đường Trinh Lương, Hà Nội",Hà Đông,,,"Chỉ 3,0tr có ngay phòng trọ studio như video. Full đồ. Chỉ cần xách vali đến ở. + Gần ĐH Đại Nam, Điện lực, Chợ… - 703039",03/04/2026,https://phongtro123.com/cho-thue-phong-full-do-chi-3-2tr-trong-ccmn-o-pho-xom-pr703039.html,phongtro123.com,2026-07-05T15:43:37.888943+00:00,0968205275,https://pt123.cdn.static123.com/images/thumbs/450x300/fit/2026/03/16/20260311-094019-1_1773624601.jpg,"Chỉ 3,0tr có ngay phòng trọ studio như video. Full đồ. Chỉ cần xách vali đến ở. + Gần ĐH Đại Nam, Điện lực, Chợ Xốm. + Có thang máy, ban công riêng, khóa vân tay, không chung chủ Liên hệ: 0968205275",,high,3.0,18.0,unknown,can_ho_mini,1,0,1,1,1,0,0,0,0,0,4,4.0,0,93,0.8381064955829005,0.8381,f4c69e412367ef2046e5,9.977,0.16666666666666666
"Phòng Ngõ 241 Yên Xá Cuối Đường Chiến Thắng, Đủ Đồ Phòng Sạch Vệ Sinh Khép Kín",2800000,15,"Ngõ 241 Đường Yên Xá, Phường Hà Đông, Hà Nội",Hà Đông,,,Mình có phòng như hình vào ở được luôn nhé. Địa Chỉ: ngõ 241 Yên Xá (cuối đường Chiến Thắng) ngõ nông rộng ô… - 703887,30/03/2026,https://phongtro123.com/phong-ngo-241-yen-xa-cuoi-duong-chien-thang-du-do-phong-sach-ve-sinh-khep-kin-pr703887.html,phongtro123.com,2026-07-05T15:43:37.889944+00:00,0397173999,https://pt123.cdn.static123.com/images/thumbs/450x300/fit/2026/03/30/img-4342_1774834736.jpg,"Mình có phòng như hình vào ở được luôn nhé. Địa Chỉ: ngõ 241 Yên Xá (cuối đường Chiến Thắng) ngõ nông rộng ô tô tránh. Tiện ích xung quanh đủ cả. - Phòng đẹp,vệ sinh khép kín,cửa sổ thoáng mát. - Đầy đủ giường,tủ quần áo,kệ để đồ,bàn, kệ giầy,điều hoà,nóng lạnh,quạt,có máy giặt chung. - Đi lại giờ giấc tự do mỗi người 1 chìa,xe để free tầng 1 có camera an ninh,tầng thượng phơi đồ,máy giặt và để bếp nấu ăn. Nhà có thang thoát hiểm thông sang sân thượng nhà bên cạnh nên cực kỳ yên tâm và an toàn nhé - Phòng tầng 4 giá 2tr8. Điện 4k, nước 25k/số, mạng 100k/p. Chi tiết liên hệ trực tiếp mình chủ nhà 039.717.3999. Thanks!",,high,2.8,15.0,Hà Đông,phong_tro,0,1,0,0,0,0,1,1,1,0,4,3.0,0,97,0.8317642455525094,0.8318,085130f6b1d6dc178bd2,9.977,0.18666666666666665
"CHỈ 6,8TR - VỪA Ở VỪA KINH DOANH – LÔ GÓC HIẾM TẠI VẠN PHÚC, HÀ ĐÔNG",6800000,30,"2/61 Phố Vạn Phúc, Phường Hà Đông, Hà Nội",Hà Đông,,,Bạn đang tìm một mặt bằng vừa kinh doanh tốt – vừa ở lại tiện lợi? Đây chính là lựa chọn cực kỳ đáng… - 703342,20/03/2026,https://phongtro123.com/chi-6-8tr-mat-bang-vua-o-vua-kinh-doanh-lo-goc-hiem-tai-van-phuc-ha-dong-pr703342.html,phongtro123.com,2026-07-05T15:43:37.889944+00:00,0907936222,https://pt123.cdn.static123.com/images/thumbs/450x300/fit/2026/03/20/58c11360ecf962a73be81_1773990085.jpg,"Bạn đang tìm một mặt bằng vừa kinh doanh tốt – vừa ở lại tiện lợi? Đây chính là lựa chọn cực kỳ đáng tiền! Thông tin nổi bật: • Diện tích: 30m² – vuông vắn, dễ setup • Lô góc 2 mặt tiền, mặt tiền rộng tới 10m – cực kỳ thoáng, treo biển siêu nổi bật • Có sẵn điều hoà, bình nóng lạnh – vào là dùng ngay • Lối đi riêng biệt, không chung chủ – tự do, thoải mái • Có thể ở lại – tiết kiệm chi phí, tiện trông coi Phù hợp kinh doanh đa dạng: Shop thời trang, salon tóc, spa, bán hàng online, văn phòng nhỏ, nail, mi… Vị trí: 2/61 Vạn Phúc – Hà Đông (khu đông dân, dễ tiếp cận khách hàng) Giá chỉ: 6,8 triệu/tháng – quá hợp lý cho mặt bằng lô góc hiếm! Mặt bằng đẹp – giá tốt – không chờ đợi lâu Gọi ngay: 0907.936.222 (A. Hùng) để xem trực tiếp trước khi có người chốt!",,high,6.8,30.0,Hà Đông,phong_tro,1,0,0,0,0,0,0,1,0,1,3,3.0,0,107,0.8161178007775477,0.8161,6b78e0d6abc7d03d896b,9.977,0.22666666666666666
Chính chủ cho thuê phòng studio full đồ mới tinh tại ngõ 61 Vạn Phúc Hà Đông.,7800000,40,"61 Phố Vạn Phúc, Phường Hà Đông, Hà Nội",Hà Đông,,,Chính chủ cho thuê phòng studio full đồ mới tinh tại ngõ 61 Vạn Phúc Hà Đông. Căn phòng nằm trong nhà lô góc nên cực… - 703074,16/03/2026,https://phongtro123.com/chinh-chu-cho-thue-phong-studio-full-do-moi-tinh-tai-ngo-61-van-phuc-ha-dong-pr703074.html,phongtro123.com,2026-07-05T15:43:37.889944+00:00,0907936222,https://pt123.cdn.static123.com/images/thumbs/450x300/fit/2026/03/16/img-e7933_1773648421.jpg,"Chính chủ cho thuê phòng studio full đồ mới tinh tại ngõ 61 Vạn Phúc Hà Đông. Căn phòng nằm trong nhà lô góc nên cực kỳ thoáng và tràn ngập ánh sáng tự nhiên cả ngày. Không gian studio gọn gàng, hiện đại, đầy đủ nội thất, chỉ việc xách vali vào ở ngay. Ngõ ô tô tránh nhau thoải mái, có thể dừng đỗ xe ngày đêm ngay trước cửa, cực kỳ thuận tiện cho việc đi lại. Tòa nhà có thang máy, sạch sẽ, an ninh tốt, phù hợp cho người đi làm hoặc các bạn thích không gian sống riêng tư, tiện nghi. Phòng studio 40m², đặc biệt mỗi tầng chỉ có 1 phòng riêng tư thoải mái, ban công rộng, máy giặt riêng. Toàn bộ nội thất và thiết bị mới tinh: giường, tủ, đệm, sofa, bàn, tủ bếp, hút mùi, bếp điện, tủ lạnh, điều hòa, máy giặt... Giá thuê : 7,8tr/tháng . lh chính chủ : 0907936222 ( a Hùng )",,high,7.8,40.0,Hà Đông,can_ho_mini,1,0,1,1,1,0,1,0,0,0,5,3.0,0,111,0.8099419470238022,0.8099,52ccadab6e49a88c8730,9.977,0.195
Chính chủ cho thuê phòng ở Hà Trì,4200000,27,"68 Đường Hà Trì, Phường Hà Đông, Hà Nội",Hà Đông,,,"Địa chỉ: khu dịch vụ mới Hà Trì Thang máy , khoá vân tay , nhà hai mặt tiền , có ban công , cửa sổ Nội thất :… - 703593",25/03/2026,https://phongtro123.com/chinh-chu-cho-thue-ccmn-o-ha-tri-pr703593.html,phongtro123.com,2026-07-05T15:43:37.889944+00:00,0858688865,https://pt123.cdn.static123.com/images/thumbs/450x300/fit/2026/03/25/img-3471_1774410506.jpg,"Địa chỉ: khu dịch vụ mới Hà Trì Thang máy , khoá vân tay , nhà hai mặt tiền , có ban công , cửa sổ Nội thất : Điều hòa, nóng lạnh, wifi riêng, máy giặt chung, khu phơi đồ, bàn bếp có chậu rửa , giường, tủ quần áo , Kệ trang điểm , nhà để xe , khoá vân tay, vệ sinh khép kín. Giá dịch vụ : Điện 3,8k/1 số Nước 100k/1 người Wf 100k/1 phòng Dv chung 100k/1 người ( rác , máy giặt , vs toà ) Thang máy 50k/1 người Đóng 1cọc1",,high,4.2,27.0,Hà Đông,phong_tro,1,1,1,1,0,0,1,1,1,1,8,3.0,0,102,0.8239038820431119,0.8239,e4fc5b2c2a84cdba3277,9.977,0.15555555555555556
"Cho thuê phòng trọ 1PN, 25m2, giá siêu hời tại Mậu Lương, oto đỗ cửa",3500000,25,"Đường Mậu Lương, Phường Kiến Hưng, Hà Nội",Hà Đông,,,"Phòng trọ cho thuê tại Đường Mậu Lương, Phường Kiến Hưng, Hà Nội - Quận Hà Đông, Hà Nội cũ với diện tích… - 703749",27/03/2026,https://phongtro123.com/cho-thue-phong-tro-1pn-25m2-gia-sieu-hoi-tai-mau-luong-oto-do-cua-pr703749.html,phongtro123.com,2026-07-05T15:43:37.889944+00:00,0879240000,https://pt123.cdn.static123.com/images/thumbs/450x300/fit/2026/03/27/z4670934350273-f328de0a985ac8963d5158d052f809c0_1774596195.jpg,"Phòng trọ cho thuê tại Đường Mậu Lương, Phường Kiến Hưng, Hà Nội - Quận Hà Đông, Hà Nội cũ với diện tích 25m², rất thích hợp cho những ai tìm kiếm không gian sống tiện nghi và đầy đủ. - Nội thất đầy đủ, chỉ cần xách vali vào ở ngay. - 1 phòng ngủ và 1 phòng tắm, thoải mái cho sinh hoạt. - Giá thuê 3,5 triệu VND, hợp lý cho không gian này. Tiện ích xung quanh: - Gần bệnh viện Đa khoa Quốc tế Thiên Đức. - Siêu thị Winmart+ và Siêu thị Đức Thành Xa La chỉ trong vài phút đi bộ.",,high,3.5,25.0,Kiến Hưng,phong_tro,0,0,0,0,1,0,0,0,0,0,1,3.0,0,100,0.8270390740421484,0.827,c0cf5ef2f918c88fec5b,10.623,0.14
"PHÒNG VSKK CÓ BAN CÔNG + 2 MẶT CỬA SỔ THOÁNG Ở VẠN PHÚC, HÀ ĐÔNG giá 3,3tr",3300000,30,"Ngõ 103 Vạn Phúc, Phường Hà Đông, Hà Nội",Hà Đông,,,"Vạn Phúc, Tố Hữu, Hà Đông mk còn 1 phòng VSKK duy nhất cho thuê: - Ban công + cửa sổ 2 mặt thoáng - Rộng 30m2 - Vị… - 703740",27/03/2026,https://phongtro123.com/phong-vskk-co-ban-cong-2-mat-cua-so-thoang-o-van-phuc-ha-dong-gia-3-3tr-pr703740.html,phongtro123.com,2026-07-05T15:43:37.889944+00:00,0969627392,https://pt123.cdn.static123.com/images/thumbs/450x300/fit/2026/03/27/1_1774591559.jpg,"Vạn Phúc, Tố Hữu, Hà Đông mk còn 1 phòng VSKK duy nhất cho thuê: - Ban công + cửa sổ 2 mặt thoáng - Rộng 30m2 - Vị trí: gần đường Tố Hữu, Vạn Phúc, Nguyễn Thanh Bình bến xe bus, có chỗ để xe riêng. - Gần ĐH CMC, Phennika, Kiến Trúc, Bưu chính,... - Đóng 1 cọc 1, Vệ sinh khép kín, không chung chủ. - Nội thất đầy đủ: giường, tủ, kệ bếp, rửa bát, nóng lạnh, đh, ️Lh chính chủ: 0969627392",,high,3.3,30.0,Hà Đông,phong_tro,1,1,1,0,1,0,0,1,0,1,6,3.0,0,100,0.8270390740421484,0.827,a03fa69c931ac3f1c577,9.977,0.11
"Cho thuê phòng trọ 1PN, 1WC, 25m2, giá siêu hời tại Mậu Lương, p Kiến Hưng, Q.Hà Đông",3800000,25,"Đường Mậu Lương, Phường Kiến Hưng, Hà Nội",Hà Đông,,,"Phòng trọ cho thuê tại Đường Mậu Lương, Phường Kiến Hưng, Hà Nội - Quận Hà Đông, Hà Nội cũ với diện tích… - 703507",23/03/2026,https://phongtro123.com/cho-thue-phong-tro-1pn-1wc-25m2-gia-sieu-hoi-tai-mau-luong-p-kien-hung-q-ha-dong-pr703507.html,phongtro123.com,2026-07-05T15:43:37.889944+00:00,0879240000,https://pt123.cdn.static123.com/images/thumbs/450x300/fit/2026/03/23/z4670935050296-6745359e8ddc0e027df42b34a89d7173_1774262975.jpg,"Phòng trọ cho thuê tại Đường Mậu Lương, Phường Kiến Hưng, Hà Nội - Quận Hà Đông, Hà Nội cũ với diện tích 25m2, rất thích hợp cho những ai tìm kiếm không gian sống tiện nghi và đầy đủ. - Nội thất đầy đủ, chỉ cần xách vali vào ở ngay. - 1 phòng ngủ và 1 phòng tắm, thoải mái cho sinh hoạt. - Giá thuê 3,8 triệu VND, hợp lý cho không gian này. Tiện ích xung quanh: - Gần bệnh viện Đa khoa Quốc tế Thiên Đức. - Siêu thị Winmart+ và Siêu thị Đức Thành Xa La chỉ trong vài phút đi bộ. - Trường mầm non Thần Đồng và Trường mầm non Tuổi Thần Tiên - Đại Thanh gần đó.",,high,3.8,25.0,Kiến Hưng,phong_tro,0,0,0,0,1,0,0,0,0,0,1,3.0,0,104,0.8207805751280809,0.8208,c0cf5ef2f918c88fec5b,10.623,0.152
"Cho thuê nhà trọ tại Đường Nguyễn Văn Trỗi, 3,4 triệu, 22 m2, ngay ptit, kiến trúc, hvan",3400000,22,"Đường Nguyễn Văn Trỗi, Phường Hà Đông, Hà Nội",Hà Đông,,,"Nhanh tay! Căn nhà trọ cho thuê tại Đường Nguyễn Văn Trỗi, Phường Hà Đông, Hà Nội (Quận Hà Đông, Hà Nội cũ)… - 703506",23/03/2026,https://phongtro123.com/cho-thue-nha-tro-tai-duong-nguyen-van-troi-3-4-trieu-22-m2-ngay-ptit-kien-truc-hvan-pr703506.html,phongtro123.com,2026-07-05T15:43:37.889944+00:00,0879240000,https://pt123.cdn.static123.com/images/thumbs/450x300/fit/2026/03/23/8f0659955f88acd6f599_1774262679.jpg,"Nhanh tay! Căn nhà trọ cho thuê tại Đường Nguyễn Văn Trỗi, Phường Hà Đông, Hà Nội (Quận Hà Đông, Hà Nội cũ) với diện tích 22 m2, đầy đủ nội thất, rất phù hợp cho những ai đang tìm kiếm một không gian sống tiện nghi và thoải mái. + 1 phòng ngủ + 1 phòng tắm + phòng khách rộng rãi + nội thất đầy đủ như điều hòa, giường, tủ lạnh + giá cho thuê 3,4 triệu VND/tháng + thời gian thuê linh hoạt, tối thiểu 1 năm. Ưu điểm: + Không gian sống thoáng đãng, sạch sẽ + nội thất hiện đại, tiện nghi + vị trí thuận lợi cho việc di chuyển. Xung quanh có nhiều tiện ích như bệnh viện, công viên, siêu thị, và trường học, mang đến sự thuận tiện cho cuộc sống hàng ngày.",,high,3.4,22.0,Hà Đông,phong_tro,1,0,0,0,1,0,0,0,0,0,2,3.0,0,104,0.8207805751280809,0.8208,3d74fdfb14fceb6f2790,9.977,0.15454545454545454
"197 TRẦN PHÚ FULL ĐỒ, NGAY HỒ VĂN QUÁN, HỒ GƯƠM PLAZA, GA VQ",4300000,25,"Đường Trần Phú, Phường Hà Đông, Hà Nội",Hà Đông,,,"Đường Trần Phú, Phường Hà Đông, Hà Nội (cũ: Quận Hà Đông, Hà Nội) là một căn phòng trọ cực chất dành cho… - 703500",23/03/2026,https://phongtro123.com/197-tran-phu-full-do-ngay-ho-van-quan-ho-guom-plaza-ga-vq-2-pr703500.html,phongtro123.com,2026-07-05T15:43:37.889944+00:00,0879240000,https://pt123.cdn.static123.com/images/thumbs/450x300/fit/2026/03/23/hland-tower-1_1774259346.png,"Đường Trần Phú, Phường Hà Đông, Hà Nội (cũ: Quận Hà Đông, Hà Nội) là một căn phòng trọ cực chất dành cho những ai đang tìm kiếm không gian sống tiện nghi với giá cả phải chăng. Phòng có diện tích 25m², 1PN và 1WC, nội thất full đủ đồ như giường, tủ, bàn ghế, và máy lạnh, rất thích hợp cho cuộc sống thoải mái mà không lo thiếu thốn. Giá cho thuê chỉ 4,3 triệu VND, quá hời cho một không gian sống như thế này. Địa điểm tiện ích xung quanh: + Bệnh viện đa khoa quốc tế Thiên Đức + Công viên Hồ Trung Văn + Winmart+ + Trường mầm non Thần Đồng",,high,4.3,25.0,Hà Đông,phong_tro,1,0,0,0,1,0,0,0,0,0,2,3.0,0,104,0.8207805751280809,0.8208,df7d60730ddac8039d1c,9.977,0.172
"BA LA STUDIO FULL ĐỒ, NGAY ĐẠI NAM , OTO ĐỖ CỬA, CÁCH 400M, TIỆN NGHI",4000000,25,"Đường Ba La, Phường Phú Lương, Hà Nội",Hà Đông,,,"Nhanh tay! Nhà trọ cho thuê tại Đường Ba La, Phường Phú Lương, Hà Nội (địa chỉ cũ: Quận Hà Đông, Hà Nội) với… - 703486",23/03/2026,https://phongtro123.com/ba-la-studio-full-do-ngay-dai-nam-oto-do-cua-cach-400m-tien-nghi-pr703486.html,phongtro123.com,2026-07-05T15:43:37.889944+00:00,0879240000,https://pt123.cdn.static123.com/images/thumbs/450x300/fit/2026/03/23/z4237266155850-6025ec5f882bf0dce1d41b2f8f727bb1_1774250743.jpg,"Nhanh tay! Nhà trọ cho thuê tại Đường Ba La, Phường Phú Lương, Hà Nội (địa chỉ cũ: Quận Hà Đông, Hà Nội) với diện tích 25m², thiết kế 1PN + 1WC/PT + bếp, giá chỉ 4 triệu VND. Nội thất đầy đủ với điều hòa, giường, tủ lạnh và nhiều tiện nghi khác. Nhà trọ nằm trong khu vực yên tĩnh, thuận tiện cho sinh hoạt hàng ngày. Cách bệnh viện nhi Hà Nội và trường mầm non Ngôi Nhà Cây Xanh chỉ khoảng 2km, dễ dàng tiếp cận các dịch vụ cần thiết.",,high,4.0,25.0,Phú Lương,can_ho_mini,1,0,0,0,1,0,0,0,0,0,2,3.0,0,104,0.8207805751280809,0.8208,19fc6c7639fcb00075b8,13.096,0.16
PHÒNG TRỌ GIÁ SINH VIÊN TỪ 3.5TR - KHÔNG CHUNG CHỦ - FULL ĐỒ,3700000,19,"Số 16 ngõ 25/46 Đường An Hòa, Phường Hà Đông, Hà Nội",Hà Đông,,,"- Sẵn phòng trống - Gần trường SP Nghệ thuật, GTVT, Bưu Chính, ĐH Hà Nội - Khu dân cư an ninh tốt, văn minh - Nội… - 703168",18/03/2026,https://phongtro123.com/phong-tro-re-dep-khong-chung-chu-pr703168.html,phongtro123.com,2026-07-05T15:43:37.889944+00:00,0989764790,https://pt123.cdn.static123.com/images/thumbs/450x300/fit/2026/03/18/11950342457157645982_1773767396.jpg,"- Sẵn phòng trống - Gần trường SP Nghệ thuật, GTVT, Bưu Chính, ĐH Hà Nội - Khu dân cư an ninh tốt, văn minh - Nội thất sạch sẽ, đầy đủ",,high,3.7,19.0,Hà Đông,phong_tro,1,0,0,0,1,0,0,0,0,0,2,3.0,0,109,0.8130240098315366,0.813,6eeca89e405ec0cacd91,9.977,0.19473684210526318
"CHÍNH CHỦ CHO THUÊ PHÒNG, KHÔNG QUA MÔI GIỚI, GIÁ RẺ, FULL NỘI THẤT GẦN ĐẠI HỌC ĐẠI NAM, ĐH ĐIỆN LƯC",3500000,18,"55 Đường Trinh Lương, Hà Nội",Hà Đông,,,"Vị trí đắc địa: Gần ĐH Điện lực, ĐH Đại Nam, Chợ Xốm. Thuận tiện di chuyển, tiện ích xung quanh không thiếu… - 702680",14/03/2026,https://phongtro123.com/chinh-chu-cho-thue-ccmn-khong-qua-moi-gioi-gia-re-full-noi-that-gan-dai-hoc-dai-nam-dh-dien-luc-pr702680.html,phongtro123.com,2026-07-05T15:43:37.889944+00:00,0392235714,https://pt123.cdn.static123.com/images/thumbs/450x300/fit/2026/03/09/z7567281855111-52a9adc94f27d5895de0db777155b0c9_1773044341.jpg,"Vị trí đắc địa: Gần ĐH Điện lực, ĐH Đại Nam, Chợ Xốm. Thuận tiện di chuyển, tiện ích xung quanh không thiếu thứ gì! NỘI THẤT CAO CẤP - RIÊNG BIỆT: ️ Tủ lạnh, Điều hòa, Nóng lạnh đời mới. Tủ quần áo, kệ bếp, bếp từ, hút mùi hiện đại. Dịch vụ giặt là ngay trong tòa nhà, cực kỳ tiện lợi cho sinh viên. TIỆN ÍCH TÒA NHÀ: Thang máy xịn xò, Hệ thống Phòng cháy chữa cháy (PCCC) đầy đủ, an tâm sinh sống. Thiết kế có gác xép tối ưu diện tích, ban công riêng phơi đồ thoáng mát. TỰ DO & THOẢI MÁI: Không chung chủ, giờ giấc tự do 24/7. ️ Môi trường sống văn minh, sạch sẽ. ️ LIÊN HỆ CHÍNH CHỦ ĐỂ XEM PHÒNG NGAY: Số điện thoại: 0392235714 (Ms. Thắng)",,high,3.5,18.0,unknown,phong_tro,1,0,1,1,1,1,0,1,0,1,7,3.0,0,113,0.8068715678945765,0.8069,853bfe7e3ed7caea5c30,9.977,0.19444444444444445
"CỔNG TRƯỚC PHENIKAA, OTO ĐỖ CỬA, CÁCH PHENIKAA 400M, TIỆN NGHI",4500000,25,"Đường Yên Nghĩa, Phường Yên Nghĩa, Hà Nội",Hà Đông,,,"Phòng cho thuê ở Phường Yên Nghĩa, Hà Nội, trước đây Quận Hà Đông, Hà Nội cực chất. 1PN, 1WC, 25m2, giá chỉ 4,5… - 702899",13/03/2026,https://phongtro123.com/cong-truoc-phenikaa-oto-do-cua-cach-phenikaa-400m-tien-nghi-pr702899.html,phongtro123.com,2026-07-05T15:43:37.889944+00:00,0879240000,https://pt123.cdn.static123.com/images/thumbs/450x300/fit/2026/03/13/hland-tower-12_1773371459.png,"Phòng cho thuê ở Phường Yên Nghĩa, Hà Nội, trước đây Quận Hà Đông, Hà Nội cực chất. 1PN, 1WC, 25m2, giá chỉ 4,5 triệu VND. - Nội thất đầy đủ, gồm giường, tủ, bàn ghế, bếp. - Phong cách sống thoải mái, tiện nghi. - Khu vực yên tĩnh, lý tưởng để nghỉ ngơi. Khu vực xung quanh - Gần bệnh viện Nhi Hà Nội. - Siêu thị T-Mart Dương Nội 1, Winmart+. - Trường mầm non Ngôi Nhà Cây Xanh.",,high,4.5,25.0,Yên Nghĩa,phong_tro,0,0,0,0,1,0,0,0,0,0,1,3.0,0,114,0.8053407458618299,0.8053,7e00eb4c0bffed578f69,13.976,0.18
"KHAI TRƯƠNG CCMN GẦN ĐH ĐIỆN LỰC, ĐẠI NAM, CHỢ XỐM, CHO THUÊ PHÒNG FULL ĐỒ CHỈ TỪ 3,5TR",3500000,20,"Đường Trinh Lương, Hà Nội",Hà Đông,,,"Cho thuê phòng trọ dạng studio full đồ trong CCMN gần ĐH Điện lực, ĐH Đại Nam, Chợ Xốm - Trang bị riêng: Tủ Lạnh,… - 702439",11/03/2026,https://phongtro123.com/cho-thue-phong-tro-gan-dh-dien-luc-dai-nam-cho-xom-pr702439.html,phongtro123.com,2026-07-05T15:43:37.889944+00:00,0968205275,https://pt123.cdn.static123.com/images/thumbs/450x300/fit/2026/03/05/img-1768027472538-1768464381110_1772684158.jpg,"Cho thuê phòng trọ dạng studio full đồ trong CCMN gần ĐH Điện lực, ĐH Đại Nam, Chợ Xốm - Trang bị riêng: Tủ Lạnh, điều hòa, nóng lạnh, tủ áo, tủ bếp, hút mùi, bếp từ… - Đầy đủ phòng cháy chữa cháy - Khóa từ vân tay, các phòng đều có gác xép siêu đẹp, riêng biệt khu sinh hoạt nên cực sạch sẽ và riêng tư. - các phòng đều có ban công phơi đồ riêng, thoáng, mát, view đẹp. - Nhà mới, đồ mới 100% - Không chung chủ, giờ giấc thoải mái Liên hệ: 0968.205.275 (Ms. Hà)",,high,3.5,20.0,unknown,can_ho_mini,1,0,1,0,1,1,0,1,0,0,5,3.0,0,116,0.8022878092568112,0.8023,f4c69e412367ef2046e5,9.977,0.175
"KHAI TRƯƠNG CCMN PHỐ XỐM, CHO THUÊ PHÒNG FULL ĐỒ, CÓ THANG MÁY GIÁ CHỈ TỪ 3TR",3000000,14,"Đường Trinh Lương, Phường Phú Lương, Hà Nội",Hà Đông,,,"Cho thuê phòng khép kín, full đồ trong CCMN gần ĐH Điện lực, ĐH Đại Nam, Chợ Xốm - Trang bị riêng: Tủ Lạnh, máy… - 702010",26/02/2026,https://phongtro123.com/cho-thue-phong-tro-pho-xom-full-do-co-thang-may-pr702010.html,phongtro123.com,2026-07-05T15:43:39.527928+00:00,0968205275,https://pt123.cdn.static123.com/images/thumbs/450x300/fit/2026/02/26/z7416441369401-078d9d79bb88bcb502c160e2197d0e85_1772094148.jpg,"Cho thuê phòng khép kín, full đồ trong CCMN gần ĐH Điện lực, ĐH Đại Nam, Chợ Xốm - Trang bị riêng: Tủ Lạnh, máy giặt, điều hòa, nóng lạnh, tủ áo, tủ bếp, hút mùi, bếp từ… - Đầy đủ phòng cháy và chữa cháy - Khóa từ vân tay, các phòng đều có gác xép siêu đẹp, riêng biệt khu sinh hoạt nên cực sạch sẽ và riêng tư. - các phòng đều có ban công phơi đồ riêng, thoáng, mát, view đẹp. - Nhà mới, đồ mới 100% Liên hệ: 0968.205.275 (Ms. Hà)",,high,3.0,14.0,Phú Lương,can_ho_mini,1,1,1,1,1,1,1,1,0,0,8,2.0,0,129,0.7827238674393727,0.7827,5fd67958a0052d843666,13.096,0.21428571428571427
"Chính chủ cho thuê phòng cách ĐH Phenikaa 200m, full đồ, giá chỉ 3xx",3200000,25,"Đường Tố Hữu, Phường Dương Nội, Hà Nội",Hà Đông,,,"Nhà mình còn 1 phòng Cho thuê cách ĐH Phenikaa 200m - Cửa sổ thoáng mát. - Đầy đủ công năng, hệ thống pccc đầy… - 702489",06/03/2026,https://phongtro123.com/chinh-chu-cho-thue-phong-cach-dh-phenikaa-200m-full-do-gia-chi-3xx-pr702489.html,phongtro123.com,2026-07-05T15:43:39.527928+00:00,0942689782,https://pt123.cdn.static123.com/images/thumbs/450x300/fit/2026/03/06/1az5513916580877-0c5e523d894419881550c7327b7f671b_1772765142.jpg,"Nhà mình còn 1 phòng Cho thuê cách ĐH Phenikaa 200m - Cửa sổ thoáng mát. - Đầy đủ công năng, hệ thống pccc đầy đủ. - Không chung chủ, giờ giấc tự do, khóa mã số, cam 24/7, khép kín, giá 3xxx Liên hệ: 0965797512 (zalo 24/7)",,high,3.2,25.0,Dương Nội,phong_tro,1,1,0,0,1,0,0,0,0,0,3,3.0,0,121,0.7947060048529351,0.7947,9daad381469eb615b71d,11.461,0.128
Trọ đẹp ngay ga văn quán ️️,3300000,20,"106 Đường số 19/5, Phường Hà Đông, Hà Nội",Hà Đông,,,"Gần các trường ptit, hau, kma, vutm... Nằm ở mặt đường to 2 làn ô tô Đầy đủ đh, nl, vskk, máy giặt riêng trong… - 702131",28/02/2026,https://phongtro123.com/tro-dep-ngay-ga-van-quan-pr702131.html,phongtro123.com,2026-07-05T15:43:39.527928+00:00,0379822846,https://pt123.cdn.static123.com/images/thumbs/450x300/fit/2026/02/28/c2b75077115f1cfa270a4e3c1d5b27a5_1772257659.jpg,"Gần các trường ptit, hau, kma, vutm... Nằm ở mặt đường to 2 làn ô tô Đầy đủ đh, nl, vskk, máy giặt riêng trong phòng, cửa sổ to thoáng mát đủ ánh sáng Gần công viên, cạnh cK, winmart không lo đói Có thể ở luôn tháng này",,high,3.3,20.0,Hà Đông,phong_tro,1,0,0,0,0,0,1,0,0,0,2,2.0,0,127,0.7857023576008287,0.7857,e0661cce77f2220d1b3f,9.977,0.16499999999999998
 Trung Tâm Phúc La – Phòng Đẹp 4 Triệu – Full Nội Thất – Đi Bộ Ra Viện 103 & Chợ Yên Phúc,4000000,28,"số 2 Đường Yên Bình, Phường Hà Đông, Hà Nội",Hà Đông,,,"Cho thuê phòng tầng 4, full đồ, giá ~4 triệu/tháng tại Phúc La – Hà Đông. – Gần Bệnh viện 103 – Gần Trường… - 702090",27/02/2026,https://phongtro123.com/trung-tam-phuc-la-phong-dep-4-trieu-full-noi-that-di-bo-ra-vien-103-cho-yen-phuc-pr702090.html,phongtro123.com,2026-07-05T15:43:39.527928+00:00,0983382812,https://pt123.cdn.static123.com/images/thumbs/450x300/fit/2026/02/27/z3000398159051-34cd83033c1bb525e16ecb8d72b45554_1772187881.jpg,"Cho thuê phòng tầng 4, full đồ, giá ~4 triệu/tháng tại Phúc La – Hà Đông. – Gần Bệnh viện 103 – Gần Trường Tiểu học & THCS Văn Yên – Gần chợ Yên Phúc – Nhà 2 mặt tiền, cực thoáng – Ô tô đỗ cửa Phòng có: điều hòa, nóng lạnh, giường, tủ, WC khép kín, wifi. Khu an ninh tốt, dân trí cao. Phù hợp người đi làm, gia đình nhỏ. Liên hệ: 0983382812",4.0,high,4.0,28.0,Hà Đông,phong_tro,1,1,0,0,1,0,0,1,1,0,5,2.0,0,128,0.7842116984574725,0.7842,4cc0c3b9cd50a10d8218,9.977,0.14285714285714285
Phòng Full Đồ 4 Triệu – Gần Viện 103 – Ô Tô Đỗ Cửa – 2 Mặt Tiền Thoáng – Ở Là Thích!,4000000,28,"105 Đường Yên Bình, Phường Hà Đông, Hà Nội",Hà Đông,,,Cần tìm người thuê phòng sạch đẹp – ở là mê ngay từ lần xem đầu tiên! Trung tâm Phúc La – Hà Đông Gần Bệnh… - 702089,27/02/2026,https://phongtro123.com/phong-full-do-4-trieu-gan-vien-103-o-to-do-cua-2-mat-tien-thoang-o-la-thich-pr702089.html,phongtro123.com,2026-07-05T15:43:39.527928+00:00,0983382812,https://pt123.cdn.static123.com/images/thumbs/450x300/fit/2026/02/27/515043700-3025720167601443-281682268091588003-n_1772187565.jpg,"Cần tìm người thuê phòng sạch đẹp – ở là mê ngay từ lần xem đầu tiên! Trung tâm Phúc La – Hà Đông Gần Bệnh viện Quân y 103 Gần Trường Tiểu học Văn Yên & Trường THCS Văn Yên Cách Chợ Yên Phúc vài bước chân Phòng tầng 4 – riêng tư – cực thoáng vì nhà 2 mặt tiền Ô tô đỗ cửa thoải mái Giá chỉ ~4 triệu/tháng Phòng đã full nội thất: Giường Tủ quần áo Điều hòa Nóng lạnh WC khép kín Wifi đầy đủ Khu dân trí cao, an ninh tốt, yên tĩnh – rất phù hợp: – Nhân viên bệnh viện 103 – Gia đình trẻ có con học Văn Yên – Người đi làm khu Hà Đông Ai đang tìm phòng trung tâm, giá hợp lý mà đầy đủ tiện nghi thì nên xem sớm vì khu này rất nhanh hết. Liên hệ: 0983382812 Xem phòng trực tiếp – ưng là chốt ngay.",4.0,high,4.0,28.0,Hà Đông,phong_tro,1,1,0,0,1,0,0,1,1,0,5,2.0,0,128,0.7842116984574725,0.7842,25b6a3e1e801ffb5db42,9.977,0.14285714285714285
"Cho thuê phòng ( 1K + 1N) đường ôtô, Khu đấu giá yên xá,Hà Đông,gần viện 103, ĐH kiến trúc",4900000,35,"Khu đấu giá Yên Xá Đường Phúc La, Phường Hà Đông, Hà Nội",Hà Đông,,,"Cho thuê phòng ( 1 khách + 1 ngủ ) đường ôtô, Khu đấu giá yên xá gần viện 103, ĐH kiến trúc Full nội thất, ban… - 702046",27/02/2026,https://phongtro123.com/cho-thue-phong-1-khach-1-ngu-pr702046.html,phongtro123.com,2026-07-05T15:43:39.527928+00:00,0982221005,https://pt123.cdn.static123.com/images/thumbs/450x300/fit/2026/02/27/img-1022_1772169867.jpg,"Cho thuê phòng ( 1 khách + 1 ngủ ) đường ôtô, Khu đấu giá yên xá gần viện 103, ĐH kiến trúc Full nội thất, ban công, thang máy, điều hòa, bình nóng lạnh, để xe rộng, ôtô đỗ cửa, pccc đầy đủ...",,high,4.9,35.0,Hà Đông,phong_tro,1,0,1,1,1,0,0,1,0,1,6,2.0,0,128,0.7842116984574725,0.7842,3742a37343a5819c86aa,9.977,0.14
"104 THANH BÌNH FULL ĐỒ, NGAY ĐH KIẾN TRÚC, BƯU ĐIỆN HÀ ĐÔNG, PTIT",3800000,25,"Đường Thanh Bình, Phường Hà Đông, Hà Nội",Hà Đông,,,"Nhanh tay sở hữu nhà trọ Đường Thanh Bình, Phường Hà Đông, Hà Nội (cũ: Quận Hà Đông, Hà Nội) với diện tích… - 701742",27/02/2026,https://phongtro123.com/104-thanh-binh-full-do-ngay-dh-kien-truc-buu-dien-ha-dong-ptit-pr701742.html,phongtro123.com,2026-07-05T15:43:39.527928+00:00,0879240000,https://pt123.cdn.static123.com/images/thumbs/450x300/fit/2026/02/11/6c1793a8c312334c6a03_1770803408.jpg,"Nhanh tay sở hữu nhà trọ Đường Thanh Bình, Phường Hà Đông, Hà Nội (cũ: Quận Hà Đông, Hà Nội) với diện tích 25m2, 1 phòng ngủ và 1 toilet. Nội thất đầy đủ, tạo sự tiện nghi cho người thuê. - Giá cho thuê: 3,8 triệu VND. - Nội thất bao gồm: điều hòa, giường, tủ lạnh... Địa điểm xung quanh: - Bệnh viện đa khoa 16A Hà Đông. - Bệnh viện đa khoa quốc tế Thiên Đức. - Công viên Hồ Trung Văn. - Siêu thị WinMart+.",,high,3.8,25.0,Hà Đông,phong_tro,1,0,0,0,1,0,0,0,0,0,2,2.0,0,128,0.7842116984574725,0.7842,2edd5af6ce6381c771b3,9.977,0.152
"Chính chủ cho thuê phòng 35m2 ( 4.5trieu) sau bến xe yên nghĩa, oto tránh, đó ngày đêm.",4500000,35,"Đường Quang Trung, Phường Yên Nghĩa, Hà Nội",Hà Đông,,,"Chính chủ cho thuê phòng rộng 35m2 (4.5trieu). Nhà mới xây, vệ sinh khép kín, thang máy, ban công, điều hoà nóng lạnh… - 701804",22/02/2026,https://phongtro123.com/chinh-chu-cho-thue-phong-35m2-4-5trieu-sau-ben-xe-yen-nghia-oto-tranh-do-ngay-dem-pr701804.html,phongtro123.com,2026-07-05T15:43:39.528923+00:00,0986170330,https://pt123.cdn.static123.com/images/thumbs/450x300/fit/2026/02/22/img-20260222-091927_1771728302.jpg,"Chính chủ cho thuê phòng rộng 35m2 (4.5trieu). Nhà mới xây, vệ sinh khép kín, thang máy, ban công, điều hoà nóng lạnh đầy đủ... Ngay sau bến xe Yên Nghĩa, cách đại học Phenikaa 300m, gần viện nhi, đại học Đại Nam... Phù hợp làm văn phòng, hộ gia đình ở, 2-3 ng 1 phòng... Đường rộng 5m, vỉa hè 3m, oto đỗ ngày đêm. Liên hệ sdt, Zalo 0986170330",,high,4.5,35.0,Yên Nghĩa,phong_tro,1,1,1,1,0,0,0,1,0,0,5,2.0,0,133,0.7768007174599627,0.7768,f87e7d251996ca1a0caf,13.976,0.12857142857142856
"Cho thuê nhà trọ 30m2, 5,2 triệu tại Phố Vạn Phúc, Hà Đông, giá tốt!",5200000,30,"Phố Vạn Phúc, Phường Hà Đông, Hà Nội",Hà Đông,,,"Nơi ở lý tưởng cho những ai cần không gian riêng tư tại Phố Vạn Phúc, Phường Hà Đông, Hà Nội (cũ: Quận Hà… - 702025",26/02/2026,https://phongtro123.com/cho-thue-nha-tro-30m2-5-2-trieu-tai-pho-van-phuc-ha-dong-gia-tot-pr702025.html,phongtro123.com,2026-07-05T15:43:39.528923+00:00,0879240000,https://pt123.cdn.static123.com/images/thumbs/450x300/fit/2026/02/26/15114740936984470373_1772098972.jpg,"Nơi ở lý tưởng cho những ai cần không gian riêng tư tại Phố Vạn Phúc, Phường Hà Đông, Hà Nội (cũ: Quận Hà Đông, Hà Nội). Nhà trọ này có diện tích 30m2, 1PN, 1WC, nội thất đầy đủ với các món đồ cần thiết như giường, tủ và bàn ghế. Không gian sống thoải mái và riêng tư. Giá cho thuê cực mềm chỉ 5,2 triệu VND, rất phù hợp cho sinh viên hoặc người đi làm. Tiện ích xung quanh cũng khá thuận tiện với nhiều siêu thị, trường học và công viên gần đó, giúp cuộc sống thêm phần thoải mái và dễ dàng.",,high,5.2,30.0,Hà Đông,phong_tro,0,0,0,0,1,0,0,0,0,0,1,2.0,0,129,0.7827238674393727,0.7827,1bdb62502e52de720cbb,9.977,0.17333333333333334
"CHIẾN THẮNG STUDIO 30M2 FULL ĐỒ, NGAY CHỢ TRIỀU KHÚC, OTO ĐỖ CỬA",5800000,30,"Đường Chiến Thắng, Phường Hà Đông, Hà Nội",Hà Đông,,,"Tọa lạc tại Đường Chiến Thắng, Phường Hà Đông, Hà Nội (Quận Hà Đông, Hà Nội cũ), căn hộ mini cho thuê này có… - 702022",26/02/2026,https://phongtro123.com/chien-thang-studio-30m2-full-do-ngay-cho-trieu-khuc-oto-do-cua-pr702022.html,phongtro123.com,2026-07-05T15:43:39.528923+00:00,0879240000,https://pt123.cdn.static123.com/images/thumbs/450x300/fit/2026/02/26/e9060ffe14829adcc3934_1772097894.jpg,"Tọa lạc tại Đường Chiến Thắng, Phường Hà Đông, Hà Nội (Quận Hà Đông, Hà Nội cũ), căn hộ mini cho thuê này có thiết kế hiện đại với 1 phòng ngủ và 1 toilet, phù hợp cho những ai tìm kiếm không gian sống tiện nghi. Diện tích 30m2, giá cho thuê chỉ 5,8 triệu VND. Nội thất đầy đủ với điều hòa, tủ lạnh, giường, sẵn sàng cho cuộc sống hàng ngày. Điểm đặc biệt: Căn hộ có 1PN + 1WC/PT + bếp, cung cấp không gian sống thoải mái và tiện nghi cho cư dân. Gần nhiều tiện ích như trường mầm non Thần Đồng, Winmart+, bệnh viện Đa khoa 16A Hà Đông, và công viên Hồ Trung Văn, tạo điều kiện thuận lợi cho sinh hoạt hàng ngày.",,high,5.8,30.0,Hà Đông,can_ho_mini,1,0,0,0,1,0,0,0,0,0,2,2.0,0,129,0.7827238674393727,0.7827,8157d94add72c92c0ff3,9.977,0.19333333333333333
"LA KHÊ FULL ĐỒ NGAY PHENIKAA, CMC, OTO ĐỖ CỬA, NGAY CHÂN TÒA THE PRIDE",4000000,25,"Phố Lê Trọng Tấn, Phường Dương Nội, Hà Nội",Hà Đông,,,"Nơi này nằm tại Phường Dương Nội, Hà Nội - Quận Hà Đông, Hà Nội cũ, cung cấp không gian sống thoải mái cho… - 701897",24/02/2026,https://phongtro123.com/la-khe-full-do-ngay-phenikaa-cmc-oto-do-cua-ngay-chan-toa-the-pride-pr701897.html,phongtro123.com,2026-07-05T15:43:39.528923+00:00,0879240000,https://pt123.cdn.static123.com/images/thumbs/450x300/fit/2026/02/24/z5684279537935-c81a324bc04f411f1b43e89fc3d3f012_1771917745.jpg,"Nơi này nằm tại Phường Dương Nội, Hà Nội - Quận Hà Đông, Hà Nội cũ, cung cấp không gian sống thoải mái cho những ai tìm kiếm sự tiện nghi và thoải mái. Phòng trọ 1PN, 1WC có nội thất đầy đủ, thích hợp cho cuộc sống hiện đại. Giá thuê chỉ 4 triệu VND, với diện tích 25m2, vừa đủ cho một không gian riêng tư mà không quá chật chội. Không gian thoáng đãng, dễ dàng sắp xếp, tạo cảm giác gần gũi và ấm cúng. Thích hợp cho những ai muốn tận hưởng cuộc sống tiện nghi mà không lo về chi phí. Gần công viên thiên văn học và công viên An Hưng, lý tưởng cho những ai yêu thích không gian xanh. Cách siêu thị Đức Thành không xa, thuận tiện cho việc mua sắm hàng ngày.",,high,4.0,25.0,Dương Nội,phong_tro,0,0,0,0,1,0,0,0,0,0,1,2.0,0,131,0.7797566683266912,0.7798,8727273fb0089fbac6d8,11.461,0.16
"261 NGUYỄN VĂN TRỖI STUDIO FULL ĐỒ, NGAY PTIT, CÁCH 500M OTO ĐỖ CỬA",4000000,25,"Đường Nguyễn Văn Trỗi, Phường Hà Đông, Hà Nội",Hà Đông,,,"Đường Nguyễn Văn Trỗi, Phường Hà Đông, Hà Nội - Quận Hà Đông, Hà Nội cũ là căn phòng trọ cho thuê lý tưởng… - 701896",24/02/2026,https://phongtro123.com/261-nguyen-van-troi-studio-full-do-ngay-ptit-cach-500m-oto-do-cua-pr701896.html,phongtro123.com,2026-07-05T15:43:39.528923+00:00,0879240000,https://pt123.cdn.static123.com/images/thumbs/450x300/fit/2026/02/24/9f4dc055a1dc508209cd_1771917546.jpg,"Đường Nguyễn Văn Trỗi, Phường Hà Đông, Hà Nội - Quận Hà Đông, Hà Nội cũ là căn phòng trọ cho thuê lý tưởng với những đặc điểm nổi bật sau: - Diện tích 25 m2, thiết kế 1PN, 1WC, đầy đủ tiện nghi. - Nội thất gồm điều hòa, giường, tủ lạnh, tạo không gian sống thoải mái. - Giá thuê chỉ 4 triệu VND, phù hợp với nhu cầu của nhiều người. Gần các tiện ích: cách bệnh viện đa khoa quốc tế thiên đức 2km, cách công viên Phùng Khoang 2km, cách siêu thị mẹ bầu & em bé con cưng Nguyễn Văn Lộc 2km, cách trường mầm non Thần Đồng 2km.",,high,4.0,25.0,Hà Đông,can_ho_mini,1,0,0,0,1,0,0,0,0,0,2,2.0,0,131,0.7797566683266912,0.7798,3d74fdfb14fceb6f2790,9.977,0.16
"CHO THUÊ PHÒNG TRỌ GẦN ĐẠI HỌC: PHENIKA, ĐẠI NAM, ĐIỆN LỰC (CS3)",3500000,25,"Khu A, Dịch Vụ Yên Nghĩa Đường Ba La, Phường Yên Nghĩa, Hà Nội",Hà Đông,,,". Nhà mới xây, Cách Phenika (1km), Đại Nam (1.5km) & Điện Lực cơ sở 3(2km) - khóa vân tay, không chủ. Điện 4k, nước… - 701585",04/02/2026,https://phongtro123.com/cho-thue-phong-tro-gan-dai-hoc-phenika-dai-nam-dien-luc-cs3-pr701585.html,phongtro123.com,2026-07-05T15:43:39.528923+00:00,0768557688,https://pt123.cdn.static123.com/images/thumbs/450x300/fit/2026/02/04/z6594735237053-063-0517c2b881deed482c33061d2e47e464_1770170720.jpg,". Nhà mới xây, Cách Phenika (1km), Đại Nam (1.5km) & Điện Lực cơ sở 3(2km) - khóa vân tay, không chủ. Điện 4k, nước 30k ️ Phòng full nội thất: Thang máy, Lọc nước tổng, điều hoà, máy giặt riêng, sân phơi riêng, tủ lạnh, tủ quần áo, bếp, nóng lạnh, WC khép kín, cửa sổ thoáng mát. An ninh 24/7 – camera, Hệ thống PCCC an toàn tuyệt đối. Giá phòng 3.5tr , Cọc 1 - Đóng 1 (Cọc nhanh để giữ nhà qua tết đến ở luôn) Địa chỉ: Khu A Dịch vụ Yên Nghĩa ️ Liên hệ: 0768557688 - Chú Cường",,high,3.5,25.0,Yên Nghĩa,phong_tro,1,1,0,1,1,0,1,1,0,0,6,2.0,0,151,0.7506963480952707,0.7507,adddfc2aae0c72452e12,13.976,0.14
"CHO THUÊ CCMN VĂN QUÁN MỚI XÂY FULL NỘI THẤT CƠ BẢN - CÓ THANG MÁY - GIÁ 4,x TR",4500000,20,"41 Ngõ 197 Đường Trần Phú, Phường Hà Đông, Hà Nội",Hà Đông,,,CCMN cận cao cấp dành cho hộ gia đình Nếu là sinh viên lựa chọn ở ghép để tiết kiệm chi phí. ️Trống: 2… - 701794,21/02/2026,https://phongtro123.com/cho-thue-ccmn-van-quan-moi-xay-full-noi-that-co-ban-co-thang-may-gia-4-x-tr-pr701794.html,phongtro123.com,2026-07-05T15:43:39.528923+00:00,0904966879,https://pt123.cdn.static123.com/images/thumbs/450x300/fit/2026/02/21/2dd3728f-19ff-4aa5-8446-41cd86ab8b43_1771653554.jpg,"CCMN cận cao cấp dành cho hộ gia đình Nếu là sinh viên lựa chọn ở ghép để tiết kiệm chi phí. ️Trống: 2 phòng Đặc điểm nổi bật: - Đạt chuẩn an toàn PCCC - Khu vực để xe máy, có ổ điện - Thang máy chạy mạnh mẽ ️ - Không chung chủ ️ - Cửa an ninh vân tay - Full nội thất cơ bản ️ - Hẻm đủ cho xe con Vị Trí: - Gần trường ĐH: ĐH Hà Nội, ĐH Kiến Trúc Hà Nội, ĐH Công Nghệ GTVT, Học Viện An Ninh Nhân Dân,... - Gần tiện ích xã hội: Chợ, Siêu Thị, Cửa Hàng Tiện Lợi,... Địa chỉ: Số 41 ngõ 197 đường Trần Phú, Tổ 3 Văn Quán, Q. Hà Đông, TP. Hà Nội Giá Thuê: 4,5 Tr ️Liên Hệ Ngay SDT/ Zalo Chính Chủ!",,high,4.5,20.0,Hà Đông,o_ghep,1,0,0,1,1,0,0,0,0,1,4,2.0,0,134,0.7753269467873339,0.7753,a73958d75989e084cb45,9.977,0.225
"Cho thuê phòng ở khép kín mặt phố Bà Triệu, Hà Đông",3500000,30,"105 Bà Triệu, Phường Hà Đông, Hà Nội",Hà Đông,,,"Cho thuê phòng ở khép kín mặt phố Bà Triệu, Hà Đông Phòng mới, đẹp, rộng, thoáng, cửa sổ rộng. Diện tích… - 701787",20/02/2026,https://phongtro123.com/cho-thue-phong-o-khep-kin-mat-pho-ba-trieu-ha-dong-2-pr701787.html,phongtro123.com,2026-07-05T15:43:39.528923+00:00,0372133021,https://pt123.cdn.static123.com/images/thumbs/450x300/fit/2026/02/20/img-8572_1771587126.jpg,"Cho thuê phòng ở khép kín mặt phố Bà Triệu, Hà Đông Phòng mới, đẹp, rộng, thoáng, cửa sổ rộng. Diện tích 28m2 Đầy đủ nội thất: Điều hòa, bình nóng, giường đôi, tủ quần áo 3 cánh; Tủ bếp, hút mùi, Máy giặt. Khóa vân tay, camera an ninh. Thang máy chất lượng cao, khu để xe độc lập miễn phí, an toàn PCCC. Giá 3,5 triệu, hợp đồng 6 – 12 tháng. Liên hệ: O936O61299 (có dùng Zalo)",,high,3.5,30.0,Hà Đông,phong_tro,1,1,0,1,1,0,1,1,0,1,7,2.0,0,135,0.7738559721986256,0.7739,714bd15e0bed548a872e,9.977,0.11666666666666667
"XA LA STUDIO FULL ĐỒ, NGAY VIỆN 103, K TÂN TRIỀU, OTO ĐỖ CỬA",4000000,25,"Đường Xa La, Phường Kiến Hưng, Hà Nội",Hà Đông,,,"Nằm ở Đường Xa La, Phường Kiến Hưng, Hà Nội (địa chỉ cũ: Quận Hà Đông, Hà Nội), phòng trọ 25m2 này là nơi lý… - 701745",11/02/2026,https://phongtro123.com/xa-la-studio-full-do-ngay-vien-103-k-tan-trieu-oto-do-cua-pr701745.html,phongtro123.com,2026-07-05T15:43:39.528923+00:00,0879240000,https://pt123.cdn.static123.com/images/thumbs/450x300/fit/2026/02/11/hland-tower-169-1_1770805001.png,"Nằm ở Đường Xa La, Phường Kiến Hưng, Hà Nội (địa chỉ cũ: Quận Hà Đông, Hà Nội), phòng trọ 25m2 này là nơi lý tưởng cho những ai cần một không gian thoải mái và tiện nghi. Phòng có nội thất đầy đủ, 1PN, 1WC, phù hợp cho các bạn trẻ thích sống độc lập mà không cần quá nhiều chi phí. Giá chỉ 4 triệu VND, không quá chát cho một chốn an cư lý tưởng. - Nội thất full - Không gian sạch sẽ, thoáng mát - Phù hợp cho sinh viên hoặc người đi làm Tiện ích xung quanh + Siêu thị Đức Thành Xa La + Winmart+ + Siêu thị Co.opmart Hà Đông + Trường mầm non Tuổi Thần Tiên - Đại Thanh",,high,4.0,25.0,Kiến Hưng,can_ho_mini,0,0,0,0,1,0,0,0,0,0,1,2.0,0,144,0.7607421526941598,0.7607,4a0c26c0a749e3661ae7,10.623,0.16
"NGUYỄN KHUYẾN FULL ĐỒ, NGAY HỒ VĂN QUÁN, PTIT, KIẾN TRÚC, VIỆN 103",3900000,25,"Đường Nguyễn Khuyến, Phường Hà Đông, Hà Nội",Hà Đông,,,"Nằm ở Nguyễn Khuyến, p Văn Quán, Hà Đông, Hà Nội, phòng trọ này có diện tích 25m2 với 1PN và 1WC. Nội thất full,… - 701327",27/01/2026,https://phongtro123.com/nguyen-khuyen-full-do-ngay-ho-van-quan-ptit-kien-truc-vien-103-pr701327.html,phongtro123.com,2026-07-05T15:43:39.528923+00:00,0879240000,https://pt123.cdn.static123.com/images/thumbs/450x300/fit/2026/01/27/z4869740057489-74063fa2011010eb65fbc1c13b0de63e_1769509405.jpg,"Nằm ở Nguyễn Khuyến, p Văn Quán, Hà Đông, Hà Nội, phòng trọ này có diện tích 25m2 với 1PN và 1WC. Nội thất full, sẵn sàng cho cuộc sống tiện nghi. Giá cho thuê chỉ 3,9 triệu VND, rất hợp lý cho các bạn trẻ tìm kiếm không gian sống thoải mái và gần gũi. Tiện ích xung quanh: Gần bệnh viện Bỏng Quốc Gia Lê Hữu Trác và Bệnh viện Đa Khoa 16A Hà Đông, Winmart+ cho nhu cầu mua sắm hằng ngày, và Trường Mầm Non Thần Đồng cho các gia đình có trẻ nhỏ.",,high,3.9,25.0,Hà Đông,phong_tro,0,0,0,0,1,0,0,0,0,0,1,1.0,0,159,0.7393777639348282,0.7394,7dfece0e826334db7bef,9.977,0.156
"CHO THUÊ 1N1K – DƯƠNG NỘI, HÀ ĐÔNG, HÀ NỘI - FREE TIỀN PHÒNG HẾT THÁNG 1",3600000,20,"Đường Nguyễn Văn Luyện, Phường Dương Nội, Hà Nội",Hà Đông,,,"CHO THUÊ 1N1K – DƯƠNG NỘI, HÀ ĐÔNG, HÀ NỘI- FREE TIỀN PHÒNG HẾT THÁNG 1 * Địa chỉ: Khu biệt thự liền kề Dương… - 701137",22/01/2026,https://phongtro123.com/cho-thue-can-1n1k-duong-noi-ha-dong-ha-noi-free-tien-phong-het-thang-1-pr701137.html,phongtro123.com,2026-07-05T15:43:39.528923+00:00,0947578383,https://pt123.cdn.static123.com/images/thumbs/450x300/fit/2026/01/22/z7452439324647-f45d9de1bc4bc6f5ccf358fac5397070_1769082709.jpg,"CHO THUÊ 1N1K – DƯƠNG NỘI, HÀ ĐÔNG, HÀ NỘI- FREE TIỀN PHÒNG HẾT THÁNG 1 * Địa chỉ: Khu biệt thự liền kề Dương Nội, cách CV Thiên Văn Học ~500m * Diện tích: 20m² – thiết kế 1 ngủ 1 khách, không gian riêng tư, thoáng mát - Nội thất cơ bản: Giường, tủ, Kệ bếp, Điều hòa, nóng lạnh -> Chỉ việc xách vali vào ở ** Giá thuê: 3.600.000đ/tháng * Chi phí dịch vụ: + Điện: 3.800đ/kWh (công tơ riêng) + Nước sạch + nước máy lọc: 120.000đ/người/tháng + Internet + rác + vệ sinh + quản lý: 180.000đ/người/tháng - Mỗi phòng tối đa 2 xe máy (không nhận xe điện) Liên hệ: Mai Anh – 0947 578 383",,high,3.6,20.0,Dương Nội,phong_tro,1,0,0,0,0,0,0,1,1,0,3,1.0,0,164,0.7323904739348444,0.7324,4c788385a159dfcd6c5d,11.461,0.18
CHO THUÊ PHÒNG TRỌ GÓC NHỎ AN YÊN – NƠI TRỞ VỀ CỦA NHỮNG GIẤC MƠ,3500000,28,"Nhà số 12, ngõ 7 Đường Ao Sen, Phường Hà Đông, Hà Nội",Hà Đông,,,"Giữa lòng thành phố nhộn nhịp, có một góc nhỏ bình yên đang chờ bạn ghé chân. Không chỉ là một căn phòng, đây… - 701264",26/01/2026,https://phongtro123.com/cho-thue-phong-tro-goc-nho-an-yen-noi-tro-ve-cua-nhung-giac-mo-pr701264.html,phongtro123.com,2026-07-05T15:43:39.528923+00:00,0988724557,https://pt123.cdn.static123.com/images/thumbs/450x300/fit/2026/01/26/2_1769396826.jpg,"Giữa lòng thành phố nhộn nhịp, có một góc nhỏ bình yên đang chờ bạn ghé chân. Không chỉ là một căn phòng, đây là nơi bạn tìm thấy sự riêng tư để học tập, nghỉ nghơi tái tạo sức lao động, sự sáng tạo và đủ ấm áp để thảnh thơi sau mỗi ngày dài. Căn phòng này dành cho bạn – Người trẻ đầy hoài bão: NHÀ MỚI XÂY •Không gian: Ngập tràn ánh nắng tự nhiên, thoáng đãng như hơi thở buổi sớm. •Tiện nghi và diện tích: Đã sẵn điều hòa mát rượi, bình lóng lạnh..với diện tích m2 – Bạn chỉ cần mang theo những mơ mộng và dọn vào ở ngay. •An ninh và cảnh quan: Khu ở có dân trí cao, đẹp đẽ, rộng rãi, sạch sẽ, an ninh và an toàn. Giờ giấc tự do, an toàn tuyệt đối như chính ngôi nhà của bạn. •Vị trí: Gần sát trạm xe, cửa hàng tiện lợi và trường học, giao thông đi lại thuận lợi, đường xá rộng rãi, sạch sẽ – giúp bạn tiết kiệm từng phút giây quý giá. Cạnh các trường đại học trường: Bưu chính viễn thông, Kiến trúc hà nội, Trường đại học An Ninh... Bệnh viện quân y 103, Bệnh viện đa khoa Hà Đông, Bệnh viện đa khoa quốc tế Thiên Đức, Bệnh viện Y học cổ truyền Bộ Công an... Hệ thống giáo dục thực nghiệm Victory, Trường mầm non Thần Đồng, Trường phổ thông Olympia. Siêu thị Fujimart Trần Phú, WinMart+, Siêu thị Co.opmart Hà Nội. + Công viên Hồ Trung Văn.... •Chi phí: Nhẹ nhàng như cách chúng tôi chào đón bạn, phù hợp cho cả sinh viên và người đi làm. Địa chỉ: Nhà số 12, ngõ 7, Phố Ao Sen, Hà Đông, Hà Nội Mức giá yêu thương: 3.500.000/ tháng (Có thỏa thuận riêng cho phù hợp với người thuê) Đừng chỉ tìm một chỗ trọ, hãy tìm một nơi xứng đáng để gọi là ""Nhà"". Nhắn tin ngay hoặc gọi [088724557 – A.Tuấn ] để mình dẫn bạn đi xem ""góc nhỏ"" này nhé!",,high,3.5,28.0,Hà Đông,phong_tro,1,0,0,0,0,0,0,0,0,0,1,1.0,0,160,0.7379749932627772,0.738,eb988535493c3e9180ed,9.977,0.125
Phòng riêng như căn hộ mini – nguyên tầng – Hà Đông – 3tr/tháng,3000000,28,"157d ngõ 53 tổ 8 Đường Đa Sĩ, Phường Kiến Hưng, Hà Nội",Hà Đông,,,"Nhà mình trống nguyên tầng 2, diện tích khoảng 28m², ở độc lập như một căn hộ mini chứ không phải phòng trọ… - 701193",24/01/2026,https://phongtro123.com/phong-rieng-nhu-can-ho-mini-nguyen-tang-ha-dong-3tr-thang-pr701193.html,phongtro123.com,2026-07-05T15:43:39.528923+00:00,0868674373,https://pt123.cdn.static123.com/images/thumbs/450x300/fit/2026/01/24/1000005048_1769228550.jpg,"Nhà mình trống nguyên tầng 2, diện tích khoảng 28m², ở độc lập như một căn hộ mini chứ không phải phòng trọ đông người. 1 phòng ngủ + 1 WC riêng khép kín Không chung WC – không ai làm phiền Phòng rất hợp người đi làm hoặc cặp đôi: Về muộn thoải mái, không ai để ý Ở yên tĩnh, riêng tư, không ồn ào xóm trọ Ra vào tự do, chìa khóa riêng Xe để miễn phí tầng 1 Đồ đạc đủ dùng, ở được ngay: ️ Điều hòa ️ Bình nóng lạnh ️ Giường ️ Thiết bị vệ sinh đầy đủ Ảnh chụp đúng phòng – ngoài đời không khác ảnh Nhà sạch sẽ, dễ ở, ai cần ở ổn định, lâu dài là rất hợp. Giá thuê: 3.000.000đ/tháng Chính chủ – không trung gian – không mất phí xem phòng Địa chỉ: 157D ngõ 53, tổ 8 Đa Sỹ, Kiến Hưng, Hà Đông Liên hệ: 0868 674 373 (gọi hoặc nhắn đều được)",2.0,high,3.0,28.0,Kiến Hưng,can_ho_mini,1,1,0,0,0,0,0,1,0,0,3,1.0,0,162,0.7351774310109016,0.7352,de3dfbb5239bc948cdfb,10.623,0.10714285714285714
CẦN PASS PHÒNG Ở KHU C GELEXIMCO DƯƠNG NỘI HÀ ĐÔNG CÁCH AEON 700M,5000000,35,"c47 Phố Lê Trọng Tấn, Phường Dương Nội, Hà Nội",Hà Đông,,,Thông tin chi tiết: -Vì lí do cá nhân e cần chuyển trọ cần pass lại phòng khu C geleximco cách aeon 1p dichuyển -Diện… - 701149,23/01/2026,https://phongtro123.com/can-pass-phong-o-khu-c-geleximco-duong-noi-ha-dong-cach-aeon-700m-pr701149.html,phongtro123.com,2026-07-05T15:43:41.080808+00:00,0969780121,https://pt123.cdn.static123.com/images/thumbs/450x300/fit/2026/01/23/z7448533582010-02980ee91e3584dfc1bd565babfc51a7_1769141052.jpg,"Thông tin chi tiết: -Vì lí do cá nhân e cần chuyển trọ cần pass lại phòng khu C geleximco cách aeon 1p dichuyển -Diện tích 35m, có ban công rộng thoáng, khu vực an ninh tốt, tiện ích xung quanh đầy đủ -Phòng sẵn full đồ chỉ việc vào ở (Dường , tủ quần áo to,bàn ăn , điều hòa, nóng lạnh, vskk,tủ lạnh, bếp từ, bàn bếp,hút mùi ,dèm cửa ,máy giặt riêng, máy sấy chung, máy lọc nước chung) tặng cây phơi đồ to, giá để đồ -Gía 5tr/ tháng đóng 1c1 chủ nhà rất hòa đồng dễ tính -Anh chị quan tâm liên hệ zalo/sđt e:0969780121",,high,5.0,35.0,Dương Nội,phong_tro,1,0,1,0,1,0,1,1,0,0,5,1.0,0,163,0.7337826293421476,0.7338,808f934efd4f44e41459,11.461,0.14285714285714285
Cho thuê tầng 1 nhà 50m² tại Mỗ Lao - Hà Đông.,6000000,50,"số 12, dãy B3, cuối ngõ 92 Đường Trần Phú, Phường Hà Đông, Hà Nội",Hà Đông,,,"Gần các trường Học Viện An Ninh, Học Viện Bưu Chính Viễn Thông, Đại Học Kiến Trúc. Gần Coopmart Hà Đông, Big C… - 698032",19/01/2026,https://phongtro123.com/cho-thue-tang-1-nha-50m2-tai-mo-lao-ha-dong-pr698032.html,phongtro123.com,2026-07-05T15:43:41.081805+00:00,0946286648,https://pt123.cdn.static123.com/images/thumbs/450x300/fit/2026/01/19/a2_1768756601.png,"Gần các trường Học Viện An Ninh, Học Viện Bưu Chính Viễn Thông, Đại Học Kiến Trúc. Gần Coopmart Hà Đông, Big C Hồ Gươm Plaza, phố ẩm thực Ao Sen, Nguyễn Văn Lộc, công viên, chợ, rạp chiếu phim. Điện nước giá nhà nước. Ưu tiên nhóm sinh viên. Gia đình. Kho hàng. Công ty nhỏ",,high,6.0,50.0,Hà Đông,phong_tro,0,0,0,0,0,0,0,0,0,0,0,1.0,0,167,0.7282298351235453,0.7282,6478f89107df04738490,9.977,0.12
"Chính chủ cho thuê phòng trọ Yên Nghĩa, quận Hà Đông, HN",1500000,16,"Đường Yên Nghĩa, Phường Yên Nghĩa, Hà Nội",Hà Đông,,,"+ Phòng trọ Hà đông Hà nội Gần bến xe Yên nghĩa +Phòng 17m2 khép kín, hiện đại,có điều hòa + Nóng lạnh +… - 689399",13/01/2026,https://phongtro123.com/chinh-chu-cho-thue-phong-tro-tang-3-yen-nghia-quan-ha-dong-hn-pr689399.html,phongtro123.com,2026-07-05T15:43:41.081805+00:00,0337485562,https://pt123.cdn.static123.com/images/thumbs/450x300/fit/2025/08/17/z6915056628970-d9b106ff21172129ba628628cae07a69_1755396160.jpg,"+ Phòng trọ Hà đông Hà nội Gần bến xe Yên nghĩa +Phòng 17m2 khép kín, hiện đại,có điều hòa + Nóng lạnh + giường tủ + vệ sinh riêng + nhà để xe+ vườn cây ghế đá + An ninh tốt. +Cho thuê dài hạn từ 1 đến 5 năm, công nhân viên chức đang làm việc gần Hà đông. +1,5 triệu/tháng. Điện nước tự trả theo giá nhà nước . +Chính chủ : Ông Thế Zalo 0337485562.",,high,1.5,16.0,Yên Nghĩa,phong_tro,1,1,0,0,0,0,0,1,0,1,4,1.0,0,173,0.7199793317752973,0.72,7e00eb4c0bffed578f69,13.976,0.09375
80 BÀ TRIỆU STUDIO FULL ĐỒ - GẦN CHỢ HÀ ĐÔNG - TAXI ĐỖ CỬA - TIỆN NGHI,3800000,25,"Phố Bà Triệu, Phường Hà Đông, Hà Nội",Hà Đông,,,"Nhanh tay sở hữu nhà trọ tại phố Bà Triệu, phường Hà Cầu, Hà Đông, Hà Nội, chỉ với 3,8 triệu VND mỗi… - 700051",03/01/2026,https://phongtro123.com/80-ba-trieu-studio-full-do-gan-cho-ha-dong-taxi-do-cua-tien-nghi-pr700051.html,phongtro123.com,2026-07-05T15:43:41.081805+00:00,0879240000,https://pt123.cdn.static123.com/images/thumbs/450x300/fit/2026/01/03/6bb18c91853774692d26_1767429894.jpg,"Nhanh tay sở hữu nhà trọ tại phố Bà Triệu, phường Hà Cầu, Hà Đông, Hà Nội, chỉ với 3,8 triệu VND mỗi tháng. - Diện tích: 25m2. - Số phòng ngủ: 1PN. - Số phòng tắm: 1WC. - Nội thất: Đầy đủ với điều hòa, giường, tủ lạnh. Điểm đặc biệt: - Không gian sống thoải mái, tiện nghi, phù hợp cho người đi làm hoặc sinh viên. - Khu vực yên tĩnh và an ninh tốt. Khu vực xung quanh: - Gần bệnh viện đa khoa 16A Hà Đông, bệnh viện bỏng quốc gia Lê Hữu Trác. - Siêu thị Winmart+ và Winmart Quang Trung - Hà Đông.",,high,3.8,25.0,Hà Đông,can_ho_mini,1,0,0,0,1,0,0,0,0,0,2,1.0,0,183,0.7064356901557263,0.7064,a5480ffeff64be6b5f39,9.977,0.152
PHÚ LƯƠNG NGAY ĐẠI NAM FULL ĐỒ - OTO ĐỖ CỬA - VÀO Ở ĐƯỢC LUÔN - GIÁ TỪ 3TR3,3300000,25,"Đường Phúc La, Hà Nội",Hà Đông,,,"Phòng cho thuê tại Phố Phú Lương, P. Phú Lương, Hà Đông, Hà Nội. Căn hộ có diện tích 25m2, 1 phòng ngủ, 1 phòng… - 700040",03/01/2026,https://phongtro123.com/phu-luong-ngay-dai-nam-full-do-oto-do-cua-vao-o-duoc-luon-gia-tu-3tr3-pr700040.html,phongtro123.com,2026-07-05T15:43:41.081805+00:00,0879240000,https://pt123.cdn.static123.com/images/thumbs/450x300/fit/2026/01/03/51_1767426504.png,"Phòng cho thuê tại Phố Phú Lương, P. Phú Lương, Hà Đông, Hà Nội. Căn hộ có diện tích 25m2, 1 phòng ngủ, 1 phòng tắm, nội thất đầy đủ, thích hợp cho những ai tìm kiếm không gian sống tiện nghi và thoải mái. - Giá thuê: 3,3 triệu VND/tháng. - Diện tích: 25m2. - Số phòng ngủ: 1PN. - Số phòng tắm: 1WC. - Nội thất: điều hòa, tủ lạnh, giường... Căn hộ có thiết kế hợp lý, mang lại không gian sống thoải mái và tiện nghi cho người thuê. Vị trí thuận tiện, gần các tiện ích hàng ngày.",,high,3.3,25.0,unknown,can_ho,1,0,0,0,1,0,0,0,0,0,2,1.0,0,183,0.7064356901557263,0.7064,2a65220c678f1ad8a49f,9.977,0.132
"Phòng trọ full đồ cơ bản ở khu Hà Trì 5, gần Lê Lai, Tô Hiệu. Và Chợ Hà Đông",4500000,20,"Đường Hà Trì, Phường Hà Đông, Hà Nội",Hà Đông,,,"Nhà ở khu đất dịch vụ phân lô Hà Trì Nhà Ccmn thang máy, có máy giặt/sấy,… Full đồ cơ bản,… tủ lạnh đầy… - 699753",28/12/2025,https://phongtro123.com/ccmn-phong-tro-full-do-co-ban-o-khu-ha-tri-5-gan-le-lai-to-hieu-va-cho-ha-dong-pr699753.html,phongtro123.com,2026-07-05T15:43:41.081805+00:00,0966850748,https://pt123.cdn.static123.com/images/thumbs/450x300/fit/2025/12/28/attn3ewruoyahjc9hgcmvkewilo6g1xc8u019yj2izbgfu_1766916332.jpg,"Nhà ở khu đất dịch vụ phân lô Hà Trì Nhà Ccmn thang máy, có máy giặt/sấy,… Full đồ cơ bản,… tủ lạnh đầy đủ Có thể ở ngay, còn 7 phòng ở khu Hà Trì 5 Oto đỗ cửa Có các phòng thoáng tầng 3,4,5,6 Từ 3,3tr - 3,6tr - 3,8tr - 4,4tr - 4,6tr - 5,2tr - 5,5tr. Có thể chuyển vào ở luôn và từ m1/01 với từ ngày m1/02",3.0,high,4.5,20.0,Hà Đông,can_ho_mini,0,0,0,1,1,0,1,0,0,0,3,12.0,0,189,0.6984321042741304,0.6984,a547d5d7af7bb62209ab,9.977,0.225
"Phòng 45m2, nội thất cơ bản, khu Dọc Bún 2, Hà Đông",5500000,45,"52, LK 17 Đường Dọc Bún 1, Phường Hà Đông, Hà Nội",Hà Đông,,,"Mình cho thuê phòng 45m2, khu Dọc Bún 2, khu đô thị La Khê, gần toà Hải Phát, đi Aeon gần Nhà mới, gần chợ, đường… - 699491",24/12/2025,https://phongtro123.com/phong-45m2-noi-that-co-ban-khu-doc-bun-2-ha-dong-pr699491.html,phongtro123.com,2026-07-05T15:43:41.081805+00:00,0966094302,https://pt123.cdn.static123.com/images/thumbs/450x300/fit/2025/12/24/z7325958105978-deb7bcee90a5d6ff65cf3ab39f2909a0_1766561588.jpg,"Mình cho thuê phòng 45m2, khu Dọc Bún 2, khu đô thị La Khê, gần toà Hải Phát, đi Aeon gần Nhà mới, gần chợ, đường rộng, an ninh tốt Toà 6 tầng, mỗi tầng là 1 phòng, tầng 1 để xe, 5 tầng cho thuê để ở, hiện còn trống 2 tầng diện tích 45m2 Có thang máy Không chung chủ Căn này thông phòng nên ko gian nhìn rộng, có nhiều diện tích cho trẻ con chơi Có giường, tủ quần áo, điều hoà, bình nóng lạnh, loza phơi quần áo, ngoài ra còn có sân thượng phơi chăn màn thoải mái",1.0,high,5.5,45.0,Hà Đông,phong_tro,1,0,0,1,0,0,0,1,0,1,4,12.0,0,193,0.693146820055592,0.6931,0320131f4b19061754de,9.977,0.12222222222222222
"Cho thuê phòng ở khép kín mặt phố Bà Triệu, Hà Đông",4000000,25,"105 Phố Bà Triệu, Phường Hà Đông, Hà Nội",Hà Đông,,,"Cho thuê phòng ở khép kín mặt phố Bà Triệu, Hà Đông Phòng mới, đẹp, rộng, thoáng, cửa sổ rộng. Diện tích… - 697510",13/12/2025,https://phongtro123.com/cho-thue-phong-o-khep-kin-mat-pho-ba-trieu-ha-dong-pr697510.html,phongtro123.com,2026-07-05T15:43:41.081805+00:00,0372133021,https://pt123.cdn.static123.com/images/thumbs/450x300/fit/2025/11/26/img-8648_1764169927.jpg,"Cho thuê phòng ở khép kín mặt phố Bà Triệu, Hà Đông Phòng mới, đẹp, rộng, thoáng, cửa sổ rộng. Diện tích 35m2 Thang máy chất lượng cao, khu để xe độc lập miễn phí, an toàn PCCC. Khóa vân tay, camera an ninh. Đầy đủ nội thất: Điều hòa, bình nóng, giường đôi, tủ quần áo 3 cánh; Tủ bếp, bếp từ, hút mùi; Máy giặt. Giá 3,5 -> 4,2 triệu, hợp đồng 6 – 12 tháng. Liên hệ: O936O61299 (có dùng Zalo)",,high,4.0,25.0,Hà Đông,phong_tro,1,1,0,1,1,0,1,1,0,1,7,12.0,0,204,0.6788176068457101,0.6788,1b4aea0c7f0ad0ad2ca3,9.977,0.16
"Cho thuê phòng trọ full nội thất Dương Nội, Hà Đông. giá từ 3tr5/th",3500000,25,"Đường Lê Quang Đạo, Phường Dương Nội, Hà Nội",Hà Đông,,,"Cần cho thuê phòng trọ KĐT Dương Nội,Hà Đông . - Diện tích phòng từ 25m2. - Nội thất : Nóng lạnh,điều… - 698403",09/12/2025,https://phongtro123.com/cho-thue-phong-tro-full-noi-that-duong-noi-ha-dong-gia-tu-3tr5-th-pr698403.html,phongtro123.com,2026-07-05T15:43:41.081805+00:00,0986365523,https://pt123.cdn.static123.com/images/thumbs/450x300/fit/2025/12/09/z7050140638812-5d24c88f11772b3235796316637e72d3_1765287979.jpg,"Cần cho thuê phòng trọ KĐT Dương Nội,Hà Đông . - Diện tích phòng từ 25m2. - Nội thất : Nóng lạnh,điều hoà,giường, tủ quần áo,tủ lạnh,bàn bếp,tủ bếp, hút mùi bếp,hút mùi vệ sinh, máy giặt dùng chung, -Có chỗ để xe miễn phí,không chung chủ, giờ giấc tự do,khoá vân tay. - Giá chỉ từ 3tr5 Liên hệ xem phòng : 0986.365.523",,high,3.5,25.0,Dương Nội,phong_tro,1,0,0,0,1,0,1,1,0,1,5,12.0,0,208,0.6736807525075833,0.6737,fe48ad529e91220ae92d,11.461,0.14
"Cho thuê phòng DT 32m Văn Quán , Hà Đông",3700000,32,"Đường Dương Lâm, Phường Hà Đông, Hà Nội",Hà Đông,,,"Cho thuê phòng DT 32 full đồ , phòng rộng thông thoáng , có ban công cửa sổ  có đủ nội thất. giường , tủ quần áo… - 698338",08/12/2025,https://phongtro123.com/cho-thue-phong-ccmn-dt-32m-van-quan-ha-dong-pr698338.html,phongtro123.com,2026-07-05T15:43:41.081805+00:00,0965553316,https://pt123.cdn.static123.com/images/thumbs/450x300/fit/2025/12/08/img-20251208-231335_1765210434.jpg,"Cho thuê phòng DT 32 full đồ , phòng rộng thông thoáng , có ban công cửa sổ có đủ nội thất. giường , tủ quần áo , điều hòa , nóng lạnh , tủ lạnh , có khu bếp nấu ăn khép kín Nhà xe rộng để xe miễn phí Gần ĐH Buu Chính , ĐH kiến trúc Khu an ninh tốt , dân trí cao ngõ rộng , ô tô đỗ cửa Giá từ 3.7 triệu đến 4,2 triệu Phù hợp hộ gia,đình , sinh viên , người đi làm ở. Địa chỉ ngõ 22 , Dương Lâm , Văn Quán. LH 0965553316 chính chủ Chị Hạnh",,high,3.7,32.0,Hà Đông,phong_tro,1,1,1,0,1,0,0,1,0,1,6,12.0,0,209,0.6724026242651086,0.6724,b7a01505a86c51ca4c44,9.977,0.115625
TỔ 8 ĐA SỸ - STUDIO FULL NỘI THẤT - NGAY THCS KIẾN HƯNG - TAXI ĐỖ CỬA,3600000,25,"Đường Đa Sĩ, Phường Kiến Hưng, Hà Nội",Hà Đông,,,"Nhà trọ cho thuê tại Đa Sỹ, Phường Kiến Hưng, Hà Đông, Hà Nội với diện tích 25m2 và giá thuê 3,6 triệu VND. -… - 697017",20/11/2025,https://phongtro123.com/to-8-da-sy-studio-full-noi-that-ngay-thcs-kien-hung-taxi-do-cua-4-pr697017.html,phongtro123.com,2026-07-05T15:43:41.081805+00:00,0879240000,https://pt123.cdn.static123.com/images/thumbs/450x300/fit/2025/11/20/hland-tower-1647_1763611123.png,"Nhà trọ cho thuê tại Đa Sỹ, Phường Kiến Hưng, Hà Đông, Hà Nội với diện tích 25m2 và giá thuê 3,6 triệu VND. - Ưu điểm: + Cấu trúc: 1PN + 1WC + bếp. + Nội thất đầy đủ: điều hòa, tủ lạnh, giường. + Thời gian thuê linh hoạt, tối thiểu 6 tháng. - Gần trường học, gần chợ/siêu thị, có công viên.",,high,3.6,25.0,Kiến Hưng,can_ho_mini,1,0,0,0,1,0,0,0,0,0,2,11.0,0,227,0.6498065503029224,0.6498,030bd646cf8051fa4669,10.623,0.14400000000000002
"24 CHỢ MỖ LAO - STUDIO FULL NỘI THẤT - GẦN PTIT OTO ĐỖ CỬA, NGÕ THOÁNG",3800000,22,"Đường Mỗ Lao, Phường Hà Đông, Hà Nội",Hà Đông,,,"Nhà trọ cho thuê tại Khu đô thị Mỗ Lao, Hà Đông, Hà Nội, với diện tích 22m2, thiết kế 1 phòng ngủ và 1 toilet,… - 697013",20/11/2025,https://phongtro123.com/24-cho-mo-lao-studio-full-noi-that-gan-ptit-oto-do-cua-ngo-thoang-pr697013.html,phongtro123.com,2026-07-05T15:43:41.082805+00:00,0879240000,https://pt123.cdn.static123.com/images/thumbs/450x300/fit/2025/11/20/hland-tower-124-1_1763610575.png,"Nhà trọ cho thuê tại Khu đô thị Mỗ Lao, Hà Đông, Hà Nội, với diện tích 22m2, thiết kế 1 phòng ngủ và 1 toilet, nội thất đầy đủ, là lựa chọn lý tưởng cho những ai đang tìm kiếm một không gian sống tiện nghi và thoải mái. - Diện tích: 22m2 - Giá thuê: 3,8 triệu VND - Nội thất: điều hòa, giường, tủ lạnh... - Thiết kế 1PN, 1WC Nhà trọ nổi bật với không gian sống rộng rãi, thoáng mát, giúp tiết kiệm chi phí sinh hoạt mà vẫn đảm bảo sự tiện nghi cho cuộc sống hàng ngày. Cách trường mầm non Thần Đồng 200m, cách siêu thị Mẹ Bầu & Em Bé Con Cưng Nguyễn Văn Lộc 1km, gần công viên Hồ Trung Văn 1,5km, thuận tiện cho cuộc sống hàng ngày.",,high,3.8,22.0,Hà Đông,can_ho_mini,1,0,0,0,1,0,0,0,0,0,2,11.0,0,227,0.6498065503029224,0.6498,fa0fcb4b4c559cc9e13f,9.977,0.17272727272727273
CHO THUÊ PHÒNG TRỌ KHU BIỆT THỰ SOLASTA MANSION ĐỐI DIỆN ĐẠI HỌC PHENIKA,3500000,20,"Đường Tố Hữu, Phường Dương Nội, Hà Nội",Hà Đông,,,Thông tin chi tiết: -Cho thuê phòng khu biệt thự Solasta mansion cách phenika từ 3-600m -Phòng full đồ chỉ việc sách vali… - 695762,04/11/2025,https://phongtro123.com/cho-thue-phong-tro-khu-biet-thu-solasta-mansion-doi-dien-dai-hoc-phenika-2-pr695762.html,phongtro123.com,2026-07-05T15:43:41.082805+00:00,0969780121,https://pt123.cdn.static123.com/images/thumbs/450x300/fit/2025/11/04/tai-xuong_1762227051.jpg,"Thông tin chi tiết: -Cho thuê phòng khu biệt thự Solasta mansion cách phenika từ 3-600m -Phòng full đồ chỉ việc sách vali vào ở -Đa dạng loại phòng và nhiều mức giá cho các bạn sinh viên tìm được phòng phù hợp với mình nhất -Nằm trong khu biệt nên anh ninh rất đảm bảo, khoảng cách rất gần trường(phenika ,kiểm sát) nên tiết kiệm được rất nhiều thời gian chi phí đi lại -Hợp đồng linh hoạt chỉ từ 6 tháng/lần +LH để được tư vấn:0969 780 121",,high,3.5,20.0,Dương Nội,phong_tro,0,0,0,0,1,0,0,0,0,0,1,11.0,0,243,0.6303594232074805,0.6304,9daad381469eb615b71d,11.461,0.175
"Cho thuê phòng tại D49-12, khu D Geleximco Dương Nội, Hà Đông. Diện tích: 30m2",5200000,30,"D49-12 Phố Lê Trọng Tấn, Phường Dương Nội, Hà Nội",Hà Đông,,,"Địa chỉ : D49-12 khu D Geleximco Dương Nội, Hà Đông Trống : 201 Diện tích: 30m2 ————————— giá:… - 695326",29/10/2025,https://phongtro123.com/dia-chi-d49-12-khu-d-geleximco-duong-noi-ha-dong-trong-201-dien-tich-30m2-pr695326.html,phongtro123.com,2026-07-05T15:43:41.082805+00:00,0395429670,https://phongtro123.com/images/thumb_default.svg,"Địa chỉ : D49-12 khu D Geleximco Dương Nội, Hà Đông Trống : 201 Diện tích: 30m2 ————————— giá: 5,2tr Phòng :studio Nội thất : full nội thất,bếp từ,hút mùi, nóng lạnh,máy giặt ,tủ lạnh ,... Dịch Vụ : Điện 4k/ số , nước 38k/ khối , net 100k/ phòng , dịch vụ chung 100k/ người. Điện máy sấy có công tơ chia đầu người Để ô tô xe máy free.",,high,5.2,30.0,Dương Nội,can_ho_mini,0,0,0,0,1,0,1,1,0,0,3,10.0,0,249,0.6232177458400726,0.6232,1d14a4353b3b6b598c78,11.461,0.17333333333333334
"Cho thuê phòng trọ sinh viên, số nhà 12 ngõ 3 phú lãm",2000000,15,"3 Đường Thanh Lãm, Phường Phú Lương, Hà Nội",Hà Đông,,,"Cho thuê phòng trọ sinh viên so nhà 12 ngõ 3 phú lãm Cách Đại nam hơn 400 met có phòng vệ sinh khép kín, không chung… - 695191",27/10/2025,https://phongtro123.com/cho-thue-phong-tro-sinh-vien-so-nha-12-ngo-3-phu-lam-pr695191.html,phongtro123.com,2026-07-05T15:43:41.082805+00:00,0818236387,https://phongtro123.com/images/thumb_default.svg,"Cho thuê phòng trọ sinh viên so nhà 12 ngõ 3 phú lãm Cách Đại nam hơn 400 met có phòng vệ sinh khép kín, không chung chủ đầy đủ đồ ở được luôn liên hệ 033 260 6657",,high,2.0,15.0,Phú Lương,phong_tro,0,1,0,0,0,0,0,0,0,0,1,10.0,0,251,0.6208552126155351,0.6209,ccdd1c39d1764aba8c1e,13.096,0.13333333333333333
"LÔ C23 YÊN XÁ - NHÀ MỚI TINH - GẦN BỆNH VIỆN 103, BỎNG - OTO ĐỖ CỬA",4600000,20,"Đường Yên Xá, Phường Hà Đông, Hà Nội",Hà Đông,,,"Nhà trọ cho thuê với thiết kế hiện đại và đầy đủ tiện nghi. - Cấu trúc: 1PN + 1WC + bếp - Giá thuê: 4,6 triệu… - 695173",27/10/2025,https://phongtro123.com/lo-c23-yen-xa-nha-moi-tinh-gan-benh-vien-103-bong-oto-do-cua-pr695173.html,phongtro123.com,2026-07-05T15:43:41.082805+00:00,0879240000,https://pt123.cdn.static123.com/images/thumbs/450x300/fit/2025/10/27/hland-towerzip-29_1761559595.png,"Nhà trọ cho thuê với thiết kế hiện đại và đầy đủ tiện nghi. - Cấu trúc: 1PN + 1WC + bếp - Giá thuê: 4,6 triệu VND - Diện tích: 20m2 - Nội thất: điều hòa, giường, tủ lạnh, ... - Thời gian thuê linh hoạt, tối thiểu 6 tháng Khu vực xung quanh có nhiều tiện ích: - Cách trường mầm non Thần Đồng tầm 500m - Cách Winmart+ tầm 1km - Cách bệnh viện Bỏng Quốc Gia Lê Hữu Trác tầm 2km",,high,4.6,20.0,Hà Đông,phong_tro,1,0,0,0,0,0,0,0,0,0,1,10.0,0,251,0.6208552126155351,0.6209,69ea2ec5c053457eb3b6,9.977,0.22999999999999998
"KIẾN HƯNG - STUDIO FULL NỘI THẤT - NGÕ THOÁNG, OTO ĐỖ CỬA",4000000,25,"Đường Kiến Hưng, Phường Kiến Hưng, Hà Nội",Hà Đông,,,"Chung cư mini cho thuê ở Đường Kiến Hưng, Phường Kiến Hưng, Hà Đông, Hà Nội, với diện tích 25m2, 1PN và 1WC. Nội… - 694808",22/10/2025,https://phongtro123.com/dia-lao-kien-hung-studio-full-noi-that-ngo-thoang-oto-do-cua-2-pr694808.html,phongtro123.com,2026-07-05T15:43:41.082805+00:00,0879240000,https://pt123.cdn.static123.com/images/thumbs/450x300/fit/2025/10/22/2_1761106069.png,"Chung cư mini cho thuê ở Đường Kiến Hưng, Phường Kiến Hưng, Hà Đông, Hà Nội, với diện tích 25m2, 1PN và 1WC. Nội thất đầy đủ, sẵn sàng cho cuộc sống tiện nghi. Giá thuê chỉ 4 triệu VND, cực kỳ hợp lý cho những ai muốn sống thoải mái mà vẫn tiết kiệm. Nơi này mang lại không gian sống thoáng đãng, giúp cuộc sống hàng ngày trở nên dễ dàng hơn với mọi thứ đã được chuẩn bị sẵn. Không phải lo lắng về việc tìm kiếm đồ đạc hay trang trí, chỉ cần xách vali vào và tận hưởng. Gần đó có nhiều tiện ích như bệnh viện đa khoa quốc tế Thiên Đức, Winmart Xa La Hà Đông và trường mầm non Thần Đồng, giúp cho cuộc sống tiện lợi hơn rất nhiều.",,high,4.0,25.0,Kiến Hưng,can_ho_mini,0,0,0,0,1,0,0,0,0,0,1,10.0,0,256,0.6149879879975537,0.615,8a687e0fa58fac1dc95d,10.623,0.16
"LIỀN KỀ 12 DƯƠNG NỘI - STUDIO FULL NỘI THẤT - OTO ĐỖ CỬA, GẦN AEON HD",3200000,20,"Phường Dương Nội, Hà Nội",Hà Đông,,,"Phòng trọ siêu chất tại Dương Nội, Hà Đông, Hà Nội đang chờ chủ mới! - Diện tích 20m2, lý tưởng cho cuộc sống… - 694805",22/10/2025,https://phongtro123.com/lien-ke-12-duong-noi-studio-full-noi-that-oto-do-cua-gan-aeon-hd-pr694805.html,phongtro123.com,2026-07-05T15:43:41.082805+00:00,0879240000,https://pt123.cdn.static123.com/images/thumbs/450x300/fit/2025/10/22/z4436022519426-676785908b06410342888506e3ada76c_1761105758.jpg,"Phòng trọ siêu chất tại Dương Nội, Hà Đông, Hà Nội đang chờ chủ mới! - Diện tích 20m2, lý tưởng cho cuộc sống thoải mái. - Giá chỉ 3,2 triệu VND, cực kỳ hợp lý cho sinh viên và người đi làm. - Nội thất đầy đủ với giường, tủ, bàn ghế, sẵn sàng dọn vào ở ngay. - Không gian sống thoáng đãng, gần gũi với thiên nhiên. + Cách công viên An Hưng chỉ 1km, thoải mái đi dạo thư giãn. + Cách công viên Thiên Văn Học khoảng 1,5km, nơi lý tưởng để học tập và vui chơi. + Siêu thị Đức Thành chỉ 1,8km, dễ dàng mua sắm mọi thứ cần thiết. + Trường mầm non Ngôi Nhà Cây Xanh ngay gần, thuận tiện cho gia đình có trẻ nhỏ.",,high,3.2,20.0,Dương Nội,can_ho_mini,0,0,0,0,1,0,0,0,0,0,1,10.0,0,256,0.6149879879975537,0.615,251d69bf6a5e7d592237,11.461,0.16
"N2 MIPEC KIẾN HƯNG - GÁC XÉP FULL NỘI THẤT - NGÕ THOÁNG, OTO ĐỖ CỬA",4500000,25,"Đường Kiến Hưng, Phường Kiến Hưng, Hà Nội",Hà Đông,,,"Cho thuê tại Kiến Hưng, Hà Đông, Hà Nội với những đặc điểm nổi bật sau: - Diện tích: 25m2, 4 tầng, 1PN, 1WC. -… - 694629",20/10/2025,https://phongtro123.com/n2-mipec-kien-hung-gac-xep-full-noi-that-ngo-thoang-oto-do-cua-4-pr694629.html,phongtro123.com,2026-07-05T15:43:43.755547+00:00,0879240000,https://pt123.cdn.static123.com/images/thumbs/450x300/fit/2025/10/20/z4950802980550-f7363613a0fc198676eab1911f56caf7_1760930882.jpg,"Cho thuê tại Kiến Hưng, Hà Đông, Hà Nội với những đặc điểm nổi bật sau: - Diện tích: 25m2, 4 tầng, 1PN, 1WC. - Nội thất đầy đủ, tiện nghi với điều hòa, giường, tủ lạnh. - Giá thuê: 4,5 triệu VND. Khu vực xung quanh: - Bệnh viện Đa Khoa 16A Hà Đông, Bệnh viện Đa Khoa Quốc Tế Thiên Đức, Bệnh viện Bỏng Quốc Gia Lê Hữu Trác. - Siêu thị WinMart Xa La Hà Đông. - Trường Mầm Non Thần Đồng.",,high,4.5,25.0,Kiến Hưng,phong_tro,1,0,0,0,1,1,0,0,0,0,3,10.0,0,258,0.6126566526592487,0.6127,8a687e0fa58fac1dc95d,10.623,0.18
CUỐI ĐƯỜNG NGUYỄN KHUYẾN - STUDIO FULL NỘI THẤT - NGAY GẦN HỒ VĂN QUÁN,3600000,20,"Đường Nguyễn Khuyến, Phường Hà Đông, Hà Nội",Hà Đông,,,"Nằm ở Nguyễn Khuyến, p Văn Quán, Q.Hà Đông, Hà Nội, căn hộ mini này cực chill với diện tích 20m2. Chỉ 3,5 triệu… - 694624",20/10/2025,https://phongtro123.com/cuoi-duong-nguyen-khuyen-studio-full-noi-that-ngay-gan-ho-van-quan-pr694624.html,phongtro123.com,2026-07-05T15:43:43.755547+00:00,0879240000,https://pt123.cdn.static123.com/images/thumbs/450x300/fit/2025/10/20/hland-tower-165-1_1760929817.png,"Nằm ở Nguyễn Khuyến, p Văn Quán, Q.Hà Đông, Hà Nội, căn hộ mini này cực chill với diện tích 20m2. Chỉ 3,5 triệu VND, bạn đã có một không gian sống đầy đủ tiện nghi. - 1PN, 1WC - Nội thất full: giường, tủ, bàn ghế - Không gian thoáng mát và riêng tư Cách trường mầm non Thần Đồng chỉ 2km Cách Winmart+ khoảng 1,5km Cách bệnh viện Đa Khoa Quốc Tế Thiên Đức tầm 2km",,high,3.6,20.0,Hà Đông,can_ho_mini,0,0,0,0,1,0,0,0,0,0,1,10.0,0,258,0.6126566526592487,0.6127,7dfece0e826334db7bef,9.977,0.18
CHO THUÊ PHÒNG ĐỐI DIỆN ĐẠI HỌC PHENIKA 5-700m ĐƯỜNG BIỆT THỰ GIÁ CHỈ TỪ 3tr5,3500000,18,"Đường Tố Hữu, Phường Dương Nội, Hà Nội",Hà Đông,,,Cho thuê phòng cách phenika 5-700m -phòng hoàn thiện đẹp full đồ chỉ việc đến ở -dt 18-20m -khu vực biệt thự an… - 694261,15/10/2025,https://phongtro123.com/cho-thue-phong-doi-dien-dai-hoc-phenika-5-700m-duong-biet-thu-gia-chi-tu-3tr5-2-pr694261.html,phongtro123.com,2026-07-05T15:43:43.755547+00:00,0969780121,https://pt123.cdn.static123.com/images/thumbs/450x300/fit/2025/10/15/img-6387_1760497211.jpg,"Cho thuê phòng cách phenika 5-700m -phòng hoàn thiện đẹp full đồ chỉ việc đến ở -dt 18-20m -khu vực biệt thự an ninh mọi cái rất đảm bảo,không lo ngập nước,các b có thể đi bộ đi học -Xung quanh nhiều tiện ích (quán ăn của hàng tạp hoá...) -Hợp đồng linh hoạt 6 tháng -1 năm Lh zalo/sđt để được tư vấn:0969780121",,high,3.5,18.0,Dương Nội,phong_tro,0,0,0,0,1,0,0,0,0,0,1,10.0,0,263,0.6068669063193427,0.6069,9daad381469eb615b71d,11.461,0.19444444444444445
Cho thuê phòng trọ Geleximco . full đồ,3200000,16,"Phố Lê Trọng Tấn, Phường Dương Nội, Hà Nội",Hà Đông,,,"- Cần cho thuê phòng trọ KĐT Geleximco . - Phòng ở tầng 1 , đầy đủ nội thất, - không gian thoa mái ,rộng dãi.… - 692197",19/09/2025,https://phongtro123.com/cho-thue-phong-tro-geleximco-full-do-pr692197.html,phongtro123.com,2026-07-05T15:43:43.755547+00:00,0986365523,https://pt123.cdn.static123.com/images/thumbs/450x300/fit/2025/09/19/z7027004323192-3251596773d19d2a2b8ae4e4720e518d_1758247416.jpg,"- Cần cho thuê phòng trọ KĐT Geleximco . - Phòng ở tầng 1 , đầy đủ nội thất, - không gian thoa mái ,rộng dãi. giao thông thuân tiện. đường 21m. - vị trí gần đường lê trọng tấn,AEON . - khung chung chủ ,khoá vân tay,giờ giấc thoả mái - Giá 3tr2/th. SĐT Liên hệ: 0986365523",1.0,high,3.2,16.0,Dương Nội,phong_tro,0,0,0,0,1,0,0,0,0,0,1,9.0,0,289,0.577630640800186,0.5776,8727273fb0089fbac6d8,11.461,0.2
"Cho thuê phòng trọ, không chung chủ tại Dương Nội, Hà Đông gần Aeon Mall",3700000,30,"Phố Lê Trọng Tấn, Phường Dương Nội, Hà Nội",Hà Đông,,,"Khai trương tòa nhà mới tại kđt Geleximco, Dương Nội , Hà Đông Sẵn căn Studio, 1 ngủ 1 khách Giá giao động từ… - 682730",18/09/2025,https://phongtro123.com/cho-thue-nha-tro-can-ho-khong-chung-chu-tai-duong-noi-ha-dong-gan-aeon-mall-pr682730.html,phongtro123.com,2026-07-05T15:43:43.755547+00:00,0334499000,https://pt123.cdn.static123.com/images/thumbs/450x300/fit/2025/05/27/428603490-1443600256269950-1391004132962411991-n_1748330480.jpg,"Khai trương tòa nhà mới tại kđt Geleximco, Dương Nội , Hà Đông Sẵn căn Studio, 1 ngủ 1 khách Giá giao động từ 3,7tr Nội thất đầy đủ Có chỗ để xe ô tô , xe máy thoải mái , không phụ thu thêm phí Liên hệ : 0334499000",,high,3.7,30.0,Dương Nội,can_ho_mini,0,0,0,0,1,0,0,0,0,1,2,9.0,0,290,0.5765347418406604,0.5765,8727273fb0089fbac6d8,11.461,0.12333333333333334
"Cần cho thuê phòng trọ khu ĐTM Dương Nội, Hà Đông",5000000,25,"Phường Hà Đông, Hà Nội",Hà Đông,,,"Phòng view đẹp, vị trí đẹp, mặt đường to rộng. Full nội thất: Điều hòa, nóng lạnh, giường,sôfa ,tủ quần áo,… - 691070",07/09/2025,https://phongtro123.com/can-cho-thue-phong-tro-khu-dtm-duong-noi-ha-dong-pr691070.html,phongtro123.com,2026-07-05T15:43:43.755547+00:00,0986365523,https://pt123.cdn.static123.com/images/thumbs/450x300/fit/2025/09/07/img-0106_1757212105.jpg,"Phòng view đẹp, vị trí đẹp, mặt đường to rộng. Full nội thất: Điều hòa, nóng lạnh, giường,sôfa ,tủ quần áo, bàn bếp, tủ chạn bếp, hút mùi bếp, hút mùi vệ sinh, máy giặt, sân phơi rộng, vệ sinh khép kín, gương kệ sen vòi tiên tiến,... Không chung chủ, giờ giấc tự do, khoá vân tay Giá 5tr5",,high,5.0,25.0,Hà Đông,phong_tro,1,1,0,0,1,0,1,1,0,0,5,9.0,0,301,0.5646162146257819,0.5646,2cf97443cfb23977882f,9.977,0.2
"Phòng Studio 3.8 triệu, full đồ, có thang máy tại phố Lụa, Hà Đông!",3800000,25,"Đường Phố Lụa, Phường Hà Đông, Hà Nội",Hà Đông,,,"CHỈ 3.8 TRIỆU/THÁNG! PHÒNG STUDIO FULL ĐỒ, CÓ THANG MÁY TẠI PHỐ LỤA, HÀ ĐÔNG Bạn đang tìm phòng trọ đầy đủ… - 690173",24/08/2025,https://phongtro123.com/phong-studio-3-8-trieu-full-do-co-thang-may-tai-pho-lua-ha-dong-pr690173.html,phongtro123.com,2026-07-05T15:43:43.755547+00:00,0326323965,https://pt123.cdn.static123.com/images/thumbs/450x300/fit/2025/08/24/z6940781123334-5ade630374a1fa15787a097f584b5b28_1756047293.jpg,"CHỈ 3.8 TRIỆU/THÁNG! PHÒNG STUDIO FULL ĐỒ, CÓ THANG MÁY TẠI PHỐ LỤA, HÀ ĐÔNG Bạn đang tìm phòng trọ đầy đủ tiện nghi, giá cả phải chăng? P301 tại phố Lụa chính là lựa chọn lý tưởng! * Vị trí: Phố Lụa, Hà Đông * Giá thuê: 3.8 triệu/tháng * Ngày trống: 15/9 * Tiện ích: Phòng Studio có thang máy, full đồ cơ bản, kệ bếp và máy giặt chung. **Chi phí dịch vụ:** * Điện: 4k/số * Nước: 100k/người (nếu quá 3 người sẽ tính 35k/m3) * Mạng: 100k/phòng * Dịch vụ chung: 150k/người **Lưu ý:** * Đóng 1 cọc 1 (đặt cọc 1 tháng, thanh toán 1 tháng) * Giới hạn 2 xe máy Liên hệ ngay để xem phòng và đặt cọc!",,high,3.8,25.0,Hà Đông,can_ho_mini,0,0,0,1,1,0,1,0,1,1,5,8.0,0,315,0.5498028541626522,0.5498,0ec11a495b540ec5cb02,9.977,0.152
PHÒNG TRỌ KIẾN HƯNG - HÀ ĐÔNG - HÀ NỘI,3700000,25,"Đường Kiến Hưng, Hà Nội",Hà Đông,,,"Địa chỉ : DV6 Kiến Hưng - Hà Đông Trống : P602 Giá thuê: 3tr7 Phòng studio có thang máy Nội thất : điều hoà, nóng… - 690171",24/08/2025,https://phongtro123.com/phong-tro-kien-hung-ha-dong-ha-noi-pr690171.html,phongtro123.com,2026-07-05T15:43:43.755547+00:00,0766389868,https://pt123.cdn.static123.com/images/thumbs/450x300/fit/2025/08/24/z6940356947529-cf158b3b978457f696d72a55639ae4f5_1756046865.jpg,"Địa chỉ : DV6 Kiến Hưng - Hà Đông Trống : P602 Giá thuê: 3tr7 Phòng studio có thang máy Nội thất : điều hoà, nóng lạnh, giường tủ quần áo,rèm, tủ bếp, máy giặt chung, thang máy, khoá cổng vân tay Dịch vụ : điện 4k/số, nước 35k/khối, mạng 100k/phòng, DVC 150k/ng Đóng 1 cọc 1",,high,3.7,25.0,unknown,can_ho_mini,1,0,0,1,0,0,1,1,1,0,5,8.0,0,315,0.5498028541626522,0.5498,c7f5eec591431297d86b,9.977,0.14800000000000002
CHO THUÊ PHÒNG TRỌ TẠI YÊN XÁ - HÀ ĐÔNG - HÀ NỘI,3800000,25,"Đường Yên Xá, Phường Yên Nghĩa, Hà Nội",Hà Đông,,,Studio cho thuê tại ngõ 22/123 Yên Xá - Quận: Hà Đông 1/9 Trống : P302 Phòng cho thuê giá 3tr8 Có thang máy Có sẵn… - 690170,24/08/2025,https://phongtro123.com/phong-tro-yen-xa-ha-dong-ha-noi-pr690170.html,phongtro123.com,2026-07-05T15:43:43.755547+00:00,0766389868,https://pt123.cdn.static123.com/images/thumbs/450x300/fit/2025/08/24/z6940361949026-fc5b2fb80fbd1c25b34d963bdd51b976_1756046760.jpg,"Studio cho thuê tại ngõ 22/123 Yên Xá - Quận: Hà Đông 1/9 Trống : P302 Phòng cho thuê giá 3tr8 Có thang máy Có sẵn điều hòa, nóng lạnh, giường, tủ, tủ bếp, chậu rửa tay, máy giặt chung Dịch vụ : Điện 4k/số Nước 35k/khối Mạng 100k / phòng Dịch vụ chung 150k / người ( vệ sinh, rác, điện chung.....) Đóng 1 cọc 1 Giới hạn 2 XE 3 NGƯỜI",,high,3.8,25.0,Yên Nghĩa,can_ho_mini,1,0,0,1,0,0,1,1,1,0,5,8.0,0,315,0.5498028541626522,0.5498,1247fc9c8969ac58efc1,13.976,0.152
PHÒNG TRỌ PHỐ LỤA - HÀ ĐÔNG - HÀ NỘI CHO THUÊ TỪ NGÀY 15/9,3800000,25,"Đường Phố Lụa, Phường Hà Đông, Hà Nội",Hà Đông,,,"Địa chỉ : 36/23/6 phố Lụa - Quận: Hà Đông 15/9 Trống : P301 Studio giá : 3tr8, có thang máy đầy đủ Nội thất : Full… - 690169",24/08/2025,https://phongtro123.com/phong-tro-pho-lua-ha-dong-ha-noi-pr690169.html,phongtro123.com,2026-07-05T15:43:43.755547+00:00,0766389868,https://pt123.cdn.static123.com/images/thumbs/450x300/fit/2025/08/24/z6940363187589-8d588fa05195a1329a81f2d25fa28d15_1756046559.jpg,"Địa chỉ : 36/23/6 phố Lụa - Quận: Hà Đông 15/9 Trống : P301 Studio giá : 3tr8, có thang máy đầy đủ Nội thất : Full đồ cơ bản, kệ bếp. Máy giặt chung Dịch vụ : điện 4k/số,nước 100k/người(quá 3 người tính 35k/m3), mạng 100k/phòng, DVC 150k/ng * Lưu ý: - Đóng 1 cọc 1 - Giới hạn 2 XE",,high,3.8,25.0,Hà Đông,can_ho_mini,0,0,0,1,1,0,1,0,1,0,4,8.0,0,315,0.5498028541626522,0.5498,0ec11a495b540ec5cb02,9.977,0.152
CHO THUÊ PHÒNG TRỌ ĐỐI DIỆN ĐH PHENIKA ĐƯỜNG LÊ TRỌNG TẤN,3500000,25,"Phố Lê Trọng Tấn, Phường Dương Nội, Hà Nội",Hà Đông,,,Thông tin chi tiết Cho thuê phòng trọ đối diện đh phenika đường Lê Trọng Tấn Nằm ở khu biệt thự Solasta Dương… - 690072,23/08/2025,https://phongtro123.com/cho-thue-phong-tro-doi-dien-dh-phenika-duong-le-trong-tan-pr690072.html,phongtro123.com,2026-07-05T15:43:43.755547+00:00,0969780121,https://pt123.cdn.static123.com/images/thumbs/450x300/fit/2025/08/23/img-5958_1755961424.jpg,"Thông tin chi tiết Cho thuê phòng trọ đối diện đh phenika đường Lê Trọng Tấn Nằm ở khu biệt thự Solasta Dương Nội cách đh phenika chỉ vài bước chân phòng trang bị full nội thất chỉ việc xách vali vào ở Giao thông,an ninh tốt,thuộc khu sầm uốt nhiều quán ăn cafe khu vui chơi... Lh để được hỗ trợ:0969780121",,high,3.5,25.0,Dương Nội,phong_tro,1,0,0,0,1,0,0,0,0,0,2,8.0,0,316,0.5487597509522921,0.5488,8727273fb0089fbac6d8,11.461,0.14
Chính chủ cần cho thuê phòng trọ đối diện Phenika. Khu biệt thự Solasta.,3500000,25,"Đường Tố Hữu, Phường Dương Nội, Hà Nội",Hà Đông,,,"cho thuê phòng trọ đối diện Phenika.khu biệt thự solasta . giá chỉ từ 3tr5. Phòng mới tinh, view đẹp, vị trí… - 690053",23/08/2025,https://phongtro123.com/chinh-chu-can-cho-thue-phong-tro-duong-noi-full-do-pr690053.html,phongtro123.com,2026-07-05T15:43:43.755547+00:00,0986365523,https://pt123.cdn.static123.com/images/thumbs/450x300/fit/2025/08/23/z6892259155739-71852d6c89e1e626c165875f5548ff46_1755942548.jpg,"cho thuê phòng trọ đối diện Phenika.khu biệt thự solasta . giá chỉ từ 3tr5. Phòng mới tinh, view đẹp, vị trí đẹp Full nội thất : điều hòa , nóng lạnh , giường , tủ quần áo , bàn bếp , tủ chạn bếp , hút mùi bếp , hút mùi vệ sinh , máy giặt , sân phơi rộng , vệ sinh khép kín , gương kệ sen vòi tiên tiến , ... không chung chủ ,giờ giấc tự do,khoá vân tay. Liên hệ xem phòng : 0986.365.523",,high,3.5,25.0,Dương Nội,phong_tro,1,1,0,0,1,0,1,1,0,0,5,8.0,0,316,0.5487597509522921,0.5488,9daad381469eb615b71d,11.461,0.14
PHÒNG TRỌ YÊN BÌNH - QUẬN HÀ ĐÔNG,4000000,25,"182 Đường Yên Bình, Phường Hà Đông, Hà Nội",Hà Đông,,,Địa chỉ : N7- 182 YÊN BÌNH- Quận: Hà Đông 1/9 Trống : Giá : 4tr-p401-501 4tr2-p402 Dạng phòng : Gác xép Thang :… - 690010,23/08/2025,https://phongtro123.com/phong-tro-yen-binh-quan-ha-dong-pr690010.html,phongtro123.com,2026-07-05T15:43:43.755547+00:00,0766389868,https://pt123.cdn.static123.com/images/thumbs/450x300/fit/2025/08/23/z6935737450054-156ff010153029a7939134813aba55a2_1755918043.jpg,"Địa chỉ : N7- 182 YÊN BÌNH- Quận: Hà Đông 1/9 Trống : Giá : 4tr-p401-501 4tr2-p402 Dạng phòng : Gác xép Thang : Máy Nội thất : gác xếp , tủ quần áo , nl, đh , tủ lạnh , wifi, Dịch vụ : Điện: 4k/số , nước: 35k/khối , mạng : 100k/phòng , phí dvc : 170k thang máy, máy giặt chung ,dọn vệ sinh,thu rác,điện chung ) * Lưu ý: Đóng 1 cọc 1",,high,4.0,25.0,Hà Đông,phong_tro,1,0,0,1,0,1,1,0,1,0,5,8.0,0,316,0.5487597509522921,0.5488,0d461f8b713059349c8c,9.977,0.16
"CHO THUÊ PHÒNG AN QUÝ DƯƠNG NỘI, NHÀ FULL NỘI THẤT GIÁ TỪ 3TR5",3500000,22,"Đường Lê Quang Đạo, Phường Dương Nội, Hà Nội",Hà Đông,,,"+ Cho thuê phòng AN QUÝ-DƯƠNG NỘI + giá từ 3tr5/1p + Full nội thất : điều hòa , nóng lạnh , giường , tủ quần áo ,… - 689499",18/08/2025,https://phongtro123.com/cho-thue-phong-an-quy-duong-noi-nha-full-noi-that-gia-tu-3tr5-2-pr689499.html,phongtro123.com,2026-07-05T15:43:43.755547+00:00,0969780121,https://pt123.cdn.static123.com/images/thumbs/450x300/fit/2025/08/18/z6919169138521-f4f82fac5cca4fc25799e82cc924a0ff_1755503014.jpg,"+ Cho thuê phòng AN QUÝ-DƯƠNG NỘI + giá từ 3tr5/1p + Full nội thất : điều hòa , nóng lạnh , giường , tủ quần áo , bàn bếp , tủ chạn bếp , hút mùi bếp , hút mùi vệ sinh , máy giặt , sân phơi rộng , vệ sinh khép kín , gương kệ sen vòi tiên tiến , ... + Giao thông,an ninh tốt,chỗ để xe máy,oto rộng rãi... + Hợp đồng thỏa thuận,k giới hạn người ở - LH để được tư vấn:0969780121",,high,3.5,22.0,Dương Nội,phong_tro,1,1,0,0,1,0,1,1,0,1,6,8.0,0,321,0.5435738450361919,0.5436,fe48ad529e91220ae92d,11.461,0.1590909090909091
"Cho thuê phòng trọ KĐT Dương Nội. Diện tích 60m2.Full đồ,vào ở ngay.",6000000,60,"Đường Phan Kế Toại, Phường Dương Nội, Hà Nội",Hà Đông,,,"- Cho thuê phòng trọ dt 60m, hoàn thiện mới tinh chưa qua sử dụng. - Vị trí : Đường thông thoáng, gần AEON , công viên… - 689550",19/08/2025,https://phongtro123.com/cho-thue-phong-tro-kdt-duong-noi-dien-tich-60m2-full-do-vao-o-ngay-pr689550.html,phongtro123.com,2026-07-05T15:43:43.755547+00:00,0986365523,https://pt123.cdn.static123.com/images/thumbs/450x300/fit/2025/08/19/z6921448998936-f969e87a453e167816521d16fef7bd80_1755569875.jpg,"- Cho thuê phòng trọ dt 60m, hoàn thiện mới tinh chưa qua sử dụng. - Vị trí : Đường thông thoáng, gần AEON , công viên thiên văn học, hồ, gần đại PHENIKA, đh kiểm sát. - Full nội thất : điều hòa , nóng lạnh , tủ lạnh, giường , tủ quần áo , bàn bếp , tủ chạn bếp , hút mùi bếp , hút mùi vệ sinh , máy giặt riêng , vệ sinh khép kín , gương kệ sen vòi tiên tiến , - Giá : 6tr/th - Liên hệ xem ngay : 0986 365 523",,high,6.0,60.0,Dương Nội,phong_tro,1,1,0,0,1,0,1,1,0,0,5,8.0,0,320,0.5446070906811961,0.5446,71123e9555d2b67f17c1,11.461,0.1
Phòng khép kín 2 phòng + 1 vệ sinh + 2 ban công thoáng,3800000,40,"Đường Văn La, Hà Nội",Hà Đông,,,"Phòng khép kín 2 phòng + 1 vệ sinh + 2 ban công thoáng trên tầng 2 của căn góc liền kề KĐT Văn Phú xe để ga ra riêng,… - 689277",15/08/2025,https://phongtro123.com/can-ho-khep-kin-2-phong-1-ve-sinh-2-ban-cong-thoang-pr689277.html,phongtro123.com,2026-07-05T15:43:43.755547+00:00,0902423435,https://pt123.cdn.static123.com/images/thumbs/450x300/fit/2025/08/15/z6893708137696-454932847d2d45b943ce88d4eaff4844_1755246017.jpg,"Phòng khép kín 2 phòng + 1 vệ sinh + 2 ban công thoáng trên tầng 2 của căn góc liền kề KĐT Văn Phú xe để ga ra riêng, lối thang lên riêng biệt. Đầy đủ nóng lạnh điều hòa, giường tủ cơ bản Đ/C: Đường Văn La, Phường Phú La, Quận Hà Đông, Hà Nội Giá: 3.8 triệu/tháng",2.0,high,3.8,40.0,unknown,phong_tro,1,1,1,0,0,0,0,1,0,0,4,8.0,0,324,0.540485855067789,0.5405,64f282e5e1481a19fcae,9.977,0.095
"Phòng cho thuê tại phố Xa La, Phúc La, Hà Đông",4400000,25,"Đường Xa La, Phường Hà Đông, Hà Nội",Hà Đông,,,"Phòng cho thuê tại phố Xa La, Phúc La, Hà Đông Gần Học viên Quân y, Học viện Y Dược học cổ truyền, Học viện Kỹ… - 688688",08/08/2025,https://phongtro123.com/dia-chi-pho-xa-la-phuc-la-ha-dong-pr688688.html,phongtro123.com,2026-07-05T15:43:45.680298+00:00,0376775253,https://pt123.cdn.static123.com/images/thumbs/450x300/fit/2025/08/08/z6884401589422-11bca9ba956dcb38e1c77b598882fbb7_1754647946.jpg,"Phòng cho thuê tại phố Xa La, Phúc La, Hà Đông Gần Học viên Quân y, Học viện Y Dược học cổ truyền, Học viện Kỹ thuật mật mã, bệnh viện, siêu thị, chợ,... Giá phòng: 4.4 triệu/tháng LH em đi xem phòng ngay",,high,4.4,25.0,Hà Đông,phong_tro,0,0,0,0,0,0,0,0,0,0,0,8.0,0,331,0.5333485940796269,0.5333,359527a895e6514db672,9.977,0.17600000000000002
"Cho thuê trọ ở quận Hà Đông , Văn Quán",2700000,20,"Số 9 ngách 46 ngõ 96 Đường Chiến Thắng, Phường Hà Đông, Hà Nội",Hà Đông,,,"Phòng có đủ đồ , ai có nhu cần theo liên hệ sdt đăng tin Địa chỉ: Số 9 ngách 46 ngõ 96 Đường Chiến Thắng,… - 687698",28/07/2025,https://phongtro123.com/cho-thue-tro-o-ha-dong-van-quan-pr687698.html,phongtro123.com,2026-07-05T15:43:45.680298+00:00,0372981074,https://pt123.cdn.static123.com/images/thumbs/450x300/fit/2025/07/28/1000010917_1753680041.jpg,"Phòng có đủ đồ , ai có nhu cần theo liên hệ sdt đăng tin Địa chỉ: Số 9 ngách 46 ngõ 96 Đường Chiến Thắng, Phường Văn Quán, Quận Hà Đông, Hà Nội Phòng rộng 20m2 Giá cho thuê: 2tr7/tháng",,high,2.7,20.0,Hà Đông,phong_tro,0,0,0,0,0,0,0,0,0,0,0,7.0,0,342,0.522322840951098,0.5223,7158c1c02386e51b9ede,9.977,0.135
"Cho thuê phòng full nội thất tại Xa La, giá chỉ 3tr8, cách Mường Thanh Xa La 200m, có ban công",3800000,25,"Đường Xa La, Phường Kiến Hưng, Hà Nội",Hà Đông,,,"Phòng cho thuê tại Xa La, Kiến Hưng, Hà Đông với diện tích 25m2. Thiết kế 1PN + 1WC + bếp, nội thất đầy đủ, giá… - 684436",24/07/2025,https://phongtro123.com/cho-thue-cc-mini-full-noi-that-tai-xa-la-gia-chi-3tr8-cach-muong-thanh-xa-la-200m-co-ban-cong-pr684436.html,phongtro123.com,2026-07-05T15:43:45.680298+00:00,0879240000,https://pt123.cdn.static123.com/images/thumbs/450x300/fit/2025/06/18/e33db520-525c-41e3-8298-539e6e8f7f4c_1750217454.jpg,"Phòng cho thuê tại Xa La, Kiến Hưng, Hà Đông với diện tích 25m2. Thiết kế 1PN + 1WC + bếp, nội thất đầy đủ, giá chỉ 3,8 triệu VND. Điểm nhấn: Căn hộ được thiết kế hợp lý, không gian sống thoáng đãng, tiện nghi đầy đủ, phù hợp cho người độc thân hoặc cặp đôi. Gần trường học, siêu thị và công viên, tạo điều kiện thuận lợi cho cuộc sống hàng ngày.",,high,3.8,25.0,Kiến Hưng,can_ho,0,0,1,0,1,0,0,0,0,0,2,7.0,0,346,0.5183702381836035,0.5184,4a0c26c0a749e3661ae7,10.623,0.152
"197 TRẦN PHÚ - STUDIO FULL NỘI THẤT - NGAY HỒ, GA VQ, HỒ GƯƠM PLAZA",4500000,25,"Đường Nguyễn Khuyến, Phường Hà Đông, Hà Nội",Hà Đông,,,"Phòng cực chill tại Nguyễn Khuyến, Hà Đông, Hà Nội đang cần tìm người ở mới. Với diện tích 25m2, căn hộ này có… - 683775",24/07/2025,https://phongtro123.com/197-tran-phu-studio-full-noi-that-ngay-ho-ga-vq-ho-guom-plaza-2-pr683775.html,phongtro123.com,2026-07-05T15:43:45.680298+00:00,0879240000,https://pt123.cdn.static123.com/images/thumbs/450x300/fit/2025/06/09/z5209414898967-b02b137ed2dfe3f74dcbee54c327f5c2_1749462899.jpg,"Phòng cực chill tại Nguyễn Khuyến, Hà Đông, Hà Nội đang cần tìm người ở mới. Với diện tích 25m2, căn hộ này có đầy đủ nội thất, sẵn sàng để dọn vào ở ngay. - Giá thuê chỉ 4,5 triệu VND - 1PN + 1WC, phù hợp cho những ai thích không gian riêng tư - Thời gian thuê linh hoạt, tối thiểu 6 tháng Với vị trí này, tiện ích xung quanh cũng rất ổn. Có bệnh viện, công viên, siêu thị, và trường học gần kề, giúp cuộc sống trở nên dễ dàng hơn.",,high,4.5,25.0,Hà Đông,can_ho_mini,0,0,0,0,1,0,0,0,0,0,1,7.0,0,346,0.5183702381836035,0.5184,7dfece0e826334db7bef,9.977,0.18
"Phòng Mới Full Đồ Cơ Bản, Có Gác Xép - quận Hà Đông, Hn",3400000,16,"Đường Hà Trì 5, Phường Hà Đông, Hà Nội",Hà Đông,,,"Cho thuê phòng ở ngay, đủ đồ, gần tiện ích, oto đỗ cửa,… Phòng Mới Full Đồ Cơ Bản, Có Gác Xép Đ/C: Đường… - 687089",21/07/2025,https://phongtro123.com/ccmn-moi-full-do-co-ban-co-gac-xep-pr687089.html,phongtro123.com,2026-07-05T15:43:45.680298+00:00,0961862978,https://phongtro123.com/images/thumb_default.svg,"Cho thuê phòng ở ngay, đủ đồ, gần tiện ích, oto đỗ cửa,… Phòng Mới Full Đồ Cơ Bản, Có Gác Xép Đ/C: Đường Hà Trì 5, Phường Hà Cầu, Quận Hà Đông, Hà Nội Giá cho thuê phòng: 3.4 triệu/tháng Lh đi xem phòng ngay",,high,3.4,16.0,Hà Đông,phong_tro,0,0,0,0,1,1,0,0,0,0,2,7.0,0,349,0.5154254274462087,0.5154,2537fe66cd8c746126c2,9.977,0.2125
Phòng mới phòng full đồ cơ bản có thể ở ngay,3500000,17,"Đường Hà Trì 5, Phường Hà Đông, Hà Nội",Hà Đông,,,"Phòng trống có thể ở ngay Đ/C: Đường Hà Trì 5, Phường Hà Cầu, Quận Hà Đông, Hà Nội Bạn nào quan tâm liên hệ… - 687082",21/07/2025,https://phongtro123.com/ccmn-moi-phong-full-do-co-ban-co-the-o-ngay-pr687082.html,phongtro123.com,2026-07-05T15:43:45.680298+00:00,0961862978,https://pt123.cdn.static123.com/images/thumbs/450x300/fit/2025/07/21/img-5347_1753082037.jpg,"Phòng trống có thể ở ngay Đ/C: Đường Hà Trì 5, Phường Hà Cầu, Quận Hà Đông, Hà Nội Bạn nào quan tâm liên hệ mình nha, full đồ dùng cơ bản, có máy lọc nước chung ở ngoài hành lang,… oto đỗ cửa, gần các tiện ích,… Giá cho thuê: 3.5 triệu/tháng",,high,3.5,17.0,Hà Đông,phong_tro,0,0,0,0,1,0,0,0,0,0,1,7.0,0,349,0.5154254274462087,0.5154,2537fe66cd8c746126c2,9.977,0.20588235294117646
CĂN HỘ MỚI NGAY GẦN KĐT XALA - FULL NỘI THẤT -BAN CÔNG THOÁNG - CÓ MÁY GIẶT RIÊNG,3600000,22,"Đường Mậu Lương, Phường Kiến Hưng, Hà Nội",Hà Đông,,,Hland Tower 132: Căn hộ dịch vụ Xala CĂN HỘ MỚI NGAY GẦN KĐT XALA - FULL NỘI THẤT -BAN CÔNG THOÁNG - CÓ MÁY GIẶT… - 672978,16/07/2025,https://phongtro123.com/can-ho-moi-ngay-gan-kdt-xala-full-noi-that-ban-cong-thoang-co-may-giat-rieng-2-pr672978.html,phongtro123.com,2026-07-05T15:43:45.680298+00:00,0879240000,https://pt123.cdn.static123.com/images/thumbs/450x300/fit/2024/12/30/8deeac8e-e4c2-4b49-a2cd-43bca5dffcf6_1735526354.jpg,"Hland Tower 132: Căn hộ dịch vụ Xala CĂN HỘ MỚI NGAY GẦN KĐT XALA - FULL NỘI THẤT -BAN CÔNG THOÁNG - CÓ MÁY GIẶT RIÊNG Gần Xala, gần chợ, gần trung tâm,... * Đủ nội thất * Giá: 3tr6 * HĐ dài hạn không tăng giá * Chính chủ, miễn trung gian - 0879240000",,high,3.6,22.0,Kiến Hưng,can_ho,0,0,1,0,1,0,1,0,0,0,3,7.0,0,354,0.5105545385574677,0.5106,c0cf5ef2f918c88fec5b,10.623,0.16363636363636364
"N4 MIPEC KIẾN HƯNG - GÁC XÉP FULL NỘI THẤT - NGÕ THOÁNG, OTO ĐỖ CỬA",3600000,22,"Đường Kiến Hưng, Phường Kiến Hưng, Hà Nội",Hà Đông,,,"Overview: Nhà biệt thự 1PN xịn xò, đầy đủ nội thất, 3 tầng, 22m² tại Đường Kiến Hưng, Phường Kiến Hưng, Hà… - 680520",16/07/2025,https://phongtro123.com/n4-mipec-kien-hung-gac-xep-full-noi-that-ngo-thoang-oto-do-cua-3-pr680520.html,phongtro123.com,2026-07-05T15:43:45.680298+00:00,0879240000,https://pt123.cdn.static123.com/images/thumbs/450x300/fit/2025/04/30/z4962882985722-7a11473f52d3067e7803cd9e2e4a5576_1746001978.jpg,"Overview: Nhà biệt thự 1PN xịn xò, đầy đủ nội thất, 3 tầng, 22m² tại Đường Kiến Hưng, Phường Kiến Hưng, Hà Đông, Hà Nội. - Giá siêu tốt chỉ 3,6 triệu VND. - Không gian thoáng đãng, thiết kế hiện đại, sẵn sàng cho cuộc sống của các bạn trẻ. Nổi bật: Chất lượng sống đỉnh cao với mọi thứ đã có sẵn. Chỉ cần xách vali vào ở. Không cần lo nghĩ gì nữa. Nearby Places: + Gần trường THCS Kiến Hưng + Gần Winmart Xa La Hà Đông + Có bệnh viện Đa Khoa Quốc Tế Thiên Đức",,high,3.6,22.0,Kiến Hưng,phong_tro,0,0,0,0,1,1,0,0,0,0,2,7.0,0,354,0.5105545385574677,0.5106,8a687e0fa58fac1dc95d,10.623,0.16363636363636364
KĐG TRINH LƯƠNG - STUDIO FULL NỘI THẤT - OTO ĐỖ CỬA - GẦN ĐH ĐẠI NAM,3800000,25,"Đường Trinh Lương, Hà Nội",Hà Đông,,,"1PN, 1VS, 25m², full nội thất, giá 3,7 triệu VND. Chỗ ở này siêu xinh với đầy đủ đồ dùng như giường, tủ, máy… - 682636",16/07/2025,https://phongtro123.com/kdg-trinh-luong-studio-full-noi-that-oto-do-cua-gan-dh-dai-nam-3-pr682636.html,phongtro123.com,2026-07-05T15:43:45.680298+00:00,0879240000,https://pt123.cdn.static123.com/images/thumbs/450x300/fit/2025/05/26/3_1748232233.png,"1PN, 1VS, 25m², full nội thất, giá 3,7 triệu VND. Chỗ ở này siêu xinh với đầy đủ đồ dùng như giường, tủ, máy lạnh, bếp và tủ lạnh. Không gian thoáng đãng, thoải mái cho hoạt động sống và làm việc. Sống ở đây cực tiện lợi, gần gũi với mọi thứ cần thiết cho cuộc sống hàng ngày. Khu vực xung quanh Gần siêu thị điện máy Pico và các trường học như Trường tiểu học Phú Lương 2, Trường THPT Trần Hưng Đạo.",,high,3.8,25.0,unknown,can_ho_mini,1,0,0,0,1,0,0,0,0,0,2,7.0,0,354,0.5105545385574677,0.5106,f4c69e412367ef2046e5,9.977,0.152
"Cho thuê gấp phòng trọ full đồ, 3,8 triệu tại 68 Ba La, cách Đại Nam 500m, ngõ thoáng, oto đỗ cửa",3800000,25,"Đường Ba La, Phường Phú Lương, Hà Nội",Hà Đông,,,"Phòng trọ 25m2, 1PN, 1WC, đầy đủ nội thất, cho thuê gấp tại Đường Ba La, Phường Phú Lãm, Hà Đông, Hà Nội. Giá… - 684449",16/07/2025,https://phongtro123.com/cho-thue-gap-phong-tro-full-do-3-8-trieu-tai-68-ba-la-cach-dai-nam-500m-ngo-thoang-oto-do-cua-pr684449.html,phongtro123.com,2026-07-05T15:43:45.680298+00:00,0879240000,https://pt123.cdn.static123.com/images/thumbs/450x300/fit/2025/06/18/img-3447_1750220690.jpg,"Phòng trọ 25m2, 1PN, 1WC, đầy đủ nội thất, cho thuê gấp tại Đường Ba La, Phường Phú Lãm, Hà Đông, Hà Nội. Giá chỉ 3,8 triệu VND. Thời gian thuê linh hoạt từ 6 tháng trở lên, cực kỳ tiện lợi cho cuộc sống sinh viên hoặc người đi làm. Không gian thoáng đãng, sạch sẽ, thích hợp cho việc nghỉ ngơi và học tập. Khu vực này còn gần siêu thị điện máy Pico và Winmart+, rất tiện cho việc mua sắm. Cũng gần các trường mầm non và THCS, THPT, thuận lợi cho gia đình có trẻ nhỏ.",,high,3.8,25.0,Phú Lương,phong_tro,0,0,0,0,1,0,0,0,0,0,1,7.0,0,354,0.5105545385574677,0.5106,19fc6c7639fcb00075b8,13.096,0.152
"Cho thuê phòng trọ full đồ tại khu C Yên Nghĩa, cách Phenikaa 1,5km, giá chỉ 3,6 triệu, oto đỗ cửa",3600000,25,"Đường Yên Nghĩa, Phường Yên Nghĩa, Hà Nội",Hà Đông,,,"Phòng trọ đẹp, đầy đủ nội thất, nằm ở Đường Yên Nghĩa, Phường Yên Nghĩa, Hà Đông, Hà Nội. - Giá: 3,6… - 684454",16/07/2025,https://phongtro123.com/cho-thue-phong-tro-full-do-tai-khu-c-yen-nghia-cach-phenikaa-1-5km-gia-chi-3-6-trieu-oto-do-cua-pr684454.html,phongtro123.com,2026-07-05T15:43:45.680298+00:00,0879240000,https://pt123.cdn.static123.com/images/thumbs/450x300/fit/2025/06/18/0630257b-c3c6-42f5-ab02-40c326d8ba87_1750221894.png,"Phòng trọ đẹp, đầy đủ nội thất, nằm ở Đường Yên Nghĩa, Phường Yên Nghĩa, Hà Đông, Hà Nội. - Giá: 3,6 triệu VND - Diện tích: 25m2 - 1PN, 1WC - Nội thất full, vào ở ngay - Thời gian thuê linh hoạt, tối thiểu 1 năm - Cuộc sống tiện nghi, thoải mái, phù hợp với giới trẻ Địa điểm xung quanh: - Bệnh viện Nhi Hà Nội - Siêu thị Winmart+ - Siêu thị điện máy Pico 944 Quang Trung Hà Đông",,high,3.6,25.0,Yên Nghĩa,phong_tro,0,0,0,0,1,0,0,0,0,0,1,7.0,0,354,0.5105545385574677,0.5106,7e00eb4c0bffed578f69,13.976,0.14400000000000002
 Cho thuê phòng trọ khu vực TRIỀU KHÚC - TÂN TRIỀU - YÊN XÁ - HÀ ĐÔNG giá 2tr8-4tr5 lh 0975618125,2800000,28,"Đường Nguyễn Khuyến, Phường Hà Đông, Hà Nội",Hà Đông,,,"Cho thuê phòng trọ khu vực TRIỀU KHÚC - TÂN TRIỀU - YÊN XÁ - HÀ ĐÔNG Giá từ 2tr8 - 4tr5 (đủ đồ) 4tr8 - 6tr7 (1N1K,… - 686654",16/07/2025,https://phongtro123.com/cho-thue-phong-tro-khu-vuc-trieu-khuc-tan-trieu-yen-xa-ha-dong-gia-2tr8-4tr5-lh-0975618125-pr686654.html,phongtro123.com,2026-07-05T15:43:45.680298+00:00,0975618125,https://pt123.cdn.static123.com/images/thumbs/450x300/fit/2025/07/16/img-3926_1752659084.jpg,"Cho thuê phòng trọ khu vực TRIỀU KHÚC - TÂN TRIỀU - YÊN XÁ - HÀ ĐÔNG Giá từ 2tr8 - 4tr5 (đủ đồ) 4tr8 - 6tr7 (1N1K, 2N1K) - sạch sẽ, khép kín, có điều hòa, k chung chủ giờ giấc tự do, thuận tiện đi lại Inbox hoặc ️ 0975618125 để xem trực tiếp",,high,2.8,28.0,Hà Đông,phong_tro,1,1,0,0,0,0,0,0,0,1,3,7.0,0,354,0.5105545385574677,0.5106,7dfece0e826334db7bef,9.977,0.09999999999999999
"Chính chủ cho thuê phòng đẹp ngay sát đại học Phenikaa, ô tô đỗ cửa - quận Hà Đông, HN",4200000,25,"Đường Yên Lộ, Phường Yên Nghĩa, Hà Nội",Hà Đông,,,"Hợp Đồng: 60 HĐ 6 - 12TH Địa chỉ : Lu8, lk45,46 kđt Đô Nghĩa, Yên Nghĩa, Hà Đông ( mặt khu đô thị) Ngay sát đại… - 686516",15/07/2025,https://phongtro123.com/chinh-chu-cho-thue-phong-dep-ngay-sat-dai-hoc-phenikaa-o-to-do-cua-quan-ha-dong-hn-pr686516.html,phongtro123.com,2026-07-05T15:43:45.681503+00:00,0906188835,https://pt123.cdn.static123.com/images/thumbs/450x300/fit/2025/07/15/z6805602263257-00e71046ffe441df518811f5be357487_1752547280.jpg,"Hợp Đồng: 60 HĐ 6 - 12TH Địa chỉ : Lu8, lk45,46 kđt Đô Nghĩa, Yên Nghĩa, Hà Đông ( mặt khu đô thị) Ngay sát đại học Phenikaa, ô tô đỗ cửa Giá: + P306 – 4,2tr- cửa sổ nhỏ - ở luôn + P304, 404 – 4tr7 - Cửa sổ to + Ban Công + P201: 4,7tr Ban Công Thang máy Loại phòng: Studio 25m2 Nội Thất: Full đồ như hình Dịch Vụ: Tiền điện: 4k/ số, nước: 33k/ khối, Phí dịch vụ chung: wifi, dọn vệ sinh chung, đổ rác, Thang máy,máy giặt: 300k/ phòng ( ở 1-2 người). Ở 3 người thì thêm 100k (Ở tối đa 3 người/ phòng) LƯU Ý - Nhà ko nấu Bếp gas ( chỉ cho nấu bếp điện), ko Nuôi Pet, k nhận xe đạp điện - Giới hạn 3 ng, 2 xe - Đóng 3c1 - Khách gọi trước 30p trước khi qua Điện thoại: 0906188835",,high,4.2,25.0,Yên Nghĩa,can_ho_mini,0,0,1,1,1,0,1,0,1,0,5,7.0,0,355,0.5095858984818459,0.5096,42d61cbf1ed483ae69e3,13.976,0.168
"DUY NHẤT 1 PHÒNG TẦNG 2 RỘNG 35M2 TẠI VĂN QUÁN, HÀ ĐÔNG",4500000,35,"Phường Hà Đông, Hà Nội",Hà Đông,,,"DUY NHẤT 1 PHÒNG TẦNG 2 RỘNG 35M2 TẠI VĂN QUÁN, HÀ ĐÔNG * Địa chỉ: TT12 - B34 KĐT Văn Quán, Hà Đông, HN (Gần cổng… - 686209",10/07/2025,https://phongtro123.com/duy-nhat-1-phong-tang-2-rong-35m2-tai-van-quan-ha-dong-pr686209.html,phongtro123.com,2026-07-05T15:43:45.681503+00:00,0975316862,https://pt123.cdn.static123.com/images/thumbs/450x300/fit/2025/07/10/a76a5da9-7041-43b4-9579-bcdf8124a720_1752156973.jpg,"DUY NHẤT 1 PHÒNG TẦNG 2 RỘNG 35M2 TẠI VĂN QUÁN, HÀ ĐÔNG * Địa chỉ: TT12 - B34 KĐT Văn Quán, Hà Đông, HN (Gần cổng sau Học Viện An Ninh). - Mặt ngoài, view rộng và thoáng, đã có đồ tương đối đầy đủ. - Nhà sạch sẽ, rộng rãi, có người lau chùi, dọn dẹp hành lang, cầu thang thường xuyên. - Có đầy đủ nóng lạnh, điều hòa, sàn gỗ, khu nấu nướng riêng trên tầng 5 rất thoải mái. - Để xe dưới tầng 1, chỗ để xe rất thoải mái, rộng rãi. - Đường to, oto đỗ cửa, giao thông thuận tiện. - Giá thuê: 4.500.000/tháng - Đóng tiền: Cọc 1 tháng, đóng 2 tháng / lần. => Ai có nhu cầu liên hệ: Hạnh (032.886.8888).",2.0,high,4.5,35.0,Hà Đông,phong_tro,1,0,0,0,0,0,0,1,0,1,3,7.0,0,360,0.5047701944854935,0.5048,2cf97443cfb23977882f,9.977,0.12857142857142856
"trống 2/3p trong nhà nguyên căn ko thu thêm phí dv, có đủ đồ bếp giường tủ đh nóng lanh mỗi phòng",3700000,25,"Đường Yên Bình, Phường Hà Đông, Hà Nội",Hà Đông,,,"trống 2/3p trong nhà nguyên căn ko thu thêm phí dv, có đủ đồ bếp giường tủ đh nóng lanh mỗi phòng - ngay đường… - 685819",05/07/2025,https://phongtro123.com/trong-2-3p-trong-nha-nguyen-can-ko-thu-them-phi-dv-co-du-do-bep-giuong-tu-dh-nong-lanh-moi-phong-pr685819.html,phongtro123.com,2026-07-05T15:43:45.681503+00:00,0336031299,https://pt123.cdn.static123.com/images/thumbs/450x300/fit/2025/07/05/5e74258e-5fe6-4bbe-b7ba-4f02edd5de29_1751649062.jpg,"trống 2/3p trong nhà nguyên căn ko thu thêm phí dv, có đủ đồ bếp giường tủ đh nóng lanh mỗi phòng - ngay đường nguyễn khuyến - k phí dv - điện nước giá dân - đươc nuôi pet - bếp t1, phơi t5 - mỗi phòng có vskk, ĐH, giường tủ new LH: 0336031299",,high,3.7,25.0,Hà Đông,nha_nguyen_can,1,0,0,0,0,0,0,0,0,0,1,7.0,0,365,0.5,0.5,49ef26a20be60b63b5a7,9.977,0.14800000000000002
PHÒNG TRỌ PHÚ LƯƠNG - VSKK - giá chỉ 3tr/tháng,3000000,20,"số 44, ngõ 9 Đường Phú Lương, Hà Nội",Hà Đông,,,"Đ/c: Số 44, ngõ 9, Nhân Trạch, Phú Lương, Hà Đông (cách Đại Nam 1.9km) Phòng rộng thoáng, vskk, có giường, tủ quần… - 685581",02/07/2025,https://phongtro123.com/phong-tro-phu-luong-vskk-gia-chi-3tr-thang-pr685581.html,phongtro123.com,2026-07-05T15:43:45.681503+00:00,0984315456,https://pt123.cdn.static123.com/images/thumbs/450x300/fit/2025/07/02/z6744035744701-f8855454cf35c9fd87ef2f4f5cd9f52e-copy_1751446994.jpg,"Đ/c: Số 44, ngõ 9, Nhân Trạch, Phú Lương, Hà Đông (cách Đại Nam 1.9km) Phòng rộng thoáng, vskk, có giường, tủ quần áo, điều hòa, nóng lạnh, kệ bếp Sân để xe rộng rãi tầng 1, có máy giặt chung Lh Zalo/sdt: 0984315456",1.0,high,3.0,20.0,unknown,phong_tro,1,0,0,0,0,0,1,1,0,1,4,7.0,0,368,0.4971595487930464,0.4972,779a7b402f89e7d55198,9.977,0.15
"CHO THUÊ PHÒNG STUDIO TẠI 136 Đ. Tô Hiệu P. Nguyễn Trãi, Hà Đông, Hà Nội",3600000,25,"Đường Tô Hiệu, Hà Nội",Hà Đông,,,"CHO THUÊ PHÒNG STUDIO TẠI 136 Đ. Tô Hiệu P. Nguyễn Trãi, Hà Đông, Hà Nội *Địa chỉ: 136 TÔ HIỆU - Hà Đông Có Thang… - 685057",25/06/2025,https://phongtro123.com/cho-thue-phong-studio-tai-136-d-to-hieu-p-nguyen-trai-ha-dong-ha-noi-pr685057.html,phongtro123.com,2026-07-05T15:43:45.681503+00:00,0813134286,https://pt123.cdn.static123.com/images/thumbs/450x300/fit/2025/06/25/z6740733092570-2352433cea17471a008f594970ab595e_1750841446.jpg,"CHO THUÊ PHÒNG STUDIO TẠI 136 Đ. Tô Hiệu P. Nguyễn Trãi, Hà Đông, Hà Nội *Địa chỉ: 136 TÔ HIỆU - Hà Đông Có Thang máy - Nội thất: Điều hoà , nóng lạnh , tủ bàn bếp , tủ quần áo ,tủ lạnh, máy giặt chung, * Phí dịch vụ: - điện 3.8k/s nước 30k/m3 - Mạng 100k/p - dvc 150k/ng *Giá: 3tr6 -4tr - 4tr3 - 4tr5 Liên hệ: 0962803065",,high,3.6,25.0,unknown,can_ho_mini,1,0,0,1,0,0,1,1,1,0,5,6.0,0,375,0.4905944233245032,0.4906,249f649b6227f46ff139,9.977,0.14400000000000002
"Cho thuê phòng trọ full nội thất, 3,8 triệu, 25m2, ở Kiến Hưng, ngõ thoáng, oto đỗ cửa",3800000,25,"Đường Kiến Hưng, Phường Kiến Hưng, Hà Nội",Hà Đông,,,"Phòng trọ nằm ở đường Kiến Hưng, p Kiến Hưng, Hà Đông, Hà Nội, với đầy đủ nội thất, cực kỳ tiện nghi cho… - 684440",18/06/2025,https://phongtro123.com/cho-thue-phong-tro-full-noi-that-3-8-trieu-25m2-o-kien-hung-ngo-thoang-oto-do-cua-pr684440.html,phongtro123.com,2026-07-05T15:43:45.681503+00:00,0879240000,https://pt123.cdn.static123.com/images/thumbs/450x300/fit/2025/06/18/z5684261023569-70bcd3f5334136e6fb66d0cecc2e8814_1750217795.jpg,"Phòng trọ nằm ở đường Kiến Hưng, p Kiến Hưng, Hà Đông, Hà Nội, với đầy đủ nội thất, cực kỳ tiện nghi cho cuộc sống hàng ngày. Diện tích 25m2, có 2PN và 1WC, rất phù hợp cho nhóm bạn hoặc cặp đôi. Tòa nhà 4 tầng thoáng đãng, không khí trong lành. Giá thuê chỉ 3,8 triệu VND, quá hời cho một chỗ ở chất lượng như thế này. Phòng được thiết kế hiện đại, layout thoáng đãng, đầy đủ tiện ích cần thiết. Gần trường học, có chợ/siêu thị gần đó, thuận tiện cho việc mua sắm hàng ngày. Công viên cũng không xa, thích hợp cho những buổi chiều thư giãn.",,high,3.8,25.0,Kiến Hưng,phong_tro,0,0,0,0,1,0,0,0,0,0,1,6.0,0,382,0.4841159921023491,0.4841,8a687e0fa58fac1dc95d,10.623,0.152
68 BA LA - NGAY GẦN ĐH ĐẠI NAM - FULL NỘI THẤT - OTO ĐỖ CỬA,3700000,25,"Đường Ba La, Phường Hà Đông, Hà Nội",Hà Đông,,,"Nằm ở Đường Ba La, p Phú Lãm, Hà Đông, Hà Nội, căn hộ mini này cực kỳ xịn xò với diện tích 25m2, 1PN, 1WC. Nội… - 683781",09/06/2025,https://phongtro123.com/68-ba-la-can-ho-ngay-gan-dh-dai-nam-full-noi-that-oto-do-cua-pr683781.html,phongtro123.com,2026-07-05T15:43:45.681503+00:00,0879240000,https://pt123.cdn.static123.com/images/thumbs/450x300/fit/2025/06/18/z4237263558259-190a36c44270ed5c18bb396065e26d20_1750219661.jpg,"Nằm ở Đường Ba La, p Phú Lãm, Hà Đông, Hà Nội, căn hộ mini này cực kỳ xịn xò với diện tích 25m2, 1PN, 1WC. Nội thất đầy đủ, sẵn sàng cho cuộc sống thoải mái. - Giá chỉ 3,7 triệu VND - Nội thất full với giường, tủ, bàn ghế, bếp đầy đủ tiện nghi - Thời gian cho thuê linh hoạt, tối thiểu 1 năm Cách trường học, siêu thị và bệnh viện chỉ tầm 2km, thuận tiện cho mọi nhu cầu sinh hoạt.",,high,3.7,25.0,Hà Đông,can_ho_mini,1,0,0,0,1,0,0,0,0,0,2,6.0,0,391,0.47591212734232363,0.4759,86c12c201085834ce167,9.977,0.14800000000000002
"Khu C Yên Nghĩa studio full nội thất, giá chỉ 3tr7, ngay cổng sau Phenikaa, gần bv Nhi, oto đỗ cửa",3700000,25,"Đường Yên Nghĩa, Phường Yên Nghĩa, Hà Nội",Hà Đông,,,"Phòng cho thuê ở Đường Yên Nghĩa, Phường Yên Nghĩa, Hà Đông, Hà Nội, có 1PN, 1VS, đầy đủ nội thất, chỉ cần… - 683779",,https://phongtro123.com/khu-c-yen-nghia-studio-full-noi-that-gia-chi-3tr7-ngay-cong-sau-phenikaa-gan-bv-nhi-oto-do-cua-pr683779.html,phongtro123.com,2026-07-05T15:43:45.681503+00:00,0879240000,https://pt123.cdn.static123.com/images/thumbs/450x300/fit/2025/06/09/z5023214341276-65b57f0b543a9198bf976c902d448716_1749463797.jpg,,,high,3.7,25.0,Yên Nghĩa,can_ho_mini,0,0,0,0,1,0,0,0,0,0,1,,0,1256,0.0920718604964025,0.0921,7e00eb4c0bffed578f69,13.976,0.14800000000000002
"[CÒN PHÒNG CHO THUÊ] từ 24 - 27m2, VẠN PHÚC, HÀ ĐÔNG",4000000,27,"5, ngách 39/2, phố Lụa Phố Cầu Am, Phường Hà Đông, Hà Nội",Hà Đông,,,"Nhà mình còn phòng mới xây tháng 4/2025 phòng 24m2 - 27m2 rộng rãi, trần cao thoáng mát, phòng nhiều ánh sáng. Có điều… - 683401",04/06/2025,https://phongtro123.com/con-phong-cho-thue-tu-24-27m2-van-phuc-ha-dong-pr683401.html,phongtro123.com,2026-07-05T15:43:47.905834+00:00,0383376648,https://pt123.cdn.static123.com/images/thumbs/450x300/fit/2025/06/04/73637699e18155df0c90_1749048798.jpg,"Nhà mình còn phòng mới xây tháng 4/2025 phòng 24m2 - 27m2 rộng rãi, trần cao thoáng mát, phòng nhiều ánh sáng. Có điều hòa, nóng lạnh, giường, vệ sinh khép kín, bệ bếp, chỗ phơi đầy đủ, sân rộng, để xe thoải mái. Nhà gần chợ Vạn Phúc, trường học, khu nhiều hàng quán. Đường rộng ô tô vào thoải mái. Phòng từ 4tr đến 4tr5/1 tháng phù hợp với các bạn ở 2-3 người hoặc gia đình. Ưu tiên hộ gia đình thuê ạ ️ Ai có nhu cầu liên hệ cô Hạnh: 0383376648 Địa chỉ: số 5 ngách 2 ngõ 39 phố Lụa, TDP Bạch Đằng, Vạn Phúc, Hà Đông (gần trường mầm non Vạn Phúc). Cảm ơn admin đã duyệt bài.",,high,4.0,27.0,Hà Đông,phong_tro,1,1,0,0,0,0,0,1,0,1,4,6.0,0,396,0.4714146482315734,0.4714,9a86562bc3e623605e5d,9.977,0.14814814814814814
"80 BÀ TRIỆU - STUDIO FULL NỘI THẤT - NGÕ THOÁNG, NGAY GẦN CHỢ HÀ ĐÔNG",3200000,22,"Phố Bà Triệu, Phường Hà Đông, Hà Nội",Hà Đông,,,"Phòng trọ này cực chất nằm ở Bà Triệu, Hà Cầu, Hà Đông, Hà Nội. Diện tích 22m2, 1PN, 1WC, nội thất đầy đủ… - 683308",03/06/2025,https://phongtro123.com/80-ba-trieu-studio-full-noi-that-ngo-thoang-ngay-gan-cho-ha-dong-pr683308.html,phongtro123.com,2026-07-05T15:43:47.905834+00:00,0879240000,https://pt123.cdn.static123.com/images/thumbs/450x300/fit/2025/06/03/1242f8bd0dd2c48c9dc3_1748946089.jpg,"Phòng trọ này cực chất nằm ở Bà Triệu, Hà Cầu, Hà Đông, Hà Nội. Diện tích 22m2, 1PN, 1WC, nội thất đầy đủ như giường, tủ, bàn ghế. Giá chỉ 3,2 triệu VND, quá hời cho một chỗ ở tiện nghi như vậy. Không cần lo lắng về việc tìm chỗ ở, đây là lựa chọn hoàn hảo cho những ai cần không gian riêng tư nhưng vẫn muốn tiết kiệm. Nội thất full, chỉ việc dọn vào ở ngay. Địa điểm tiện ích xung quanh: - Bệnh viện Bỏng Quốc Gia Lê Hữu Trác - Bệnh viện Đa Khoa 16A Hà Đông - Bệnh viện Đa Khoa Quốc Tế Thiên Đức - Winmart+ - Trường Tiểu Học Marie Curie II",,high,3.2,22.0,Hà Đông,can_ho_mini,0,0,0,0,1,0,0,0,0,0,1,6.0,0,397,0.470520265582851,0.4705,a5480ffeff64be6b5f39,9.977,0.14545454545454548
Nhà trọ Đồng Mai - Nhà có 8 phòng trọ cần cho thuê,2500000,25,"Tổ 2 Xóm 4 Đường số 6, Phường Yên Nghĩa, Hà Nội",Hà Đông,,,"Nhà trọ đồng mai Nhà có 8 phòng trọ cần cho thuê. *Địa chỉ: Tổ 2 Đồng Mai cách QL6 200m , trường tiểu học và… - 683173",01/06/2025,https://phongtro123.com/nha-tro-dong-mai-yen-nghia-bien-giang-nha-co-8-phong-tro-can-cho-thue-pr683173.html,phongtro123.com,2026-07-05T15:43:47.905834+00:00,0364222597,https://pt123.cdn.static123.com/images/thumbs/450x300/fit/2025/06/01/img-7254_1748795880.jpg,"Nhà trọ đồng mai Nhà có 8 phòng trọ cần cho thuê. *Địa chỉ: Tổ 2 Đồng Mai cách QL6 200m , trường tiểu học và trường mầm non,nhà văn hoá tổ 2 100m,chợ dân sinh gần nhà,cách phenika 2,5km ,cách đại học đại nam 3km *Phòng rộng, thoáng, mới,vừa xây xong *Diện tích: khoảng 25m2, nhà vệ sinh khép kín * Có gác chắc chắn, rộng khoảng 15m2 và thoáng như 1 phòng riêng * Nhà vs khép kín,máy giặt chung,điều hoà,wifi *Ưu tiên hộ gia đình, thuê lâu dài * đóng tiền 12 tháng giảm ngay 1 tháng Liên hệ: 0972571294 0364222597",,high,2.5,25.0,Yên Nghĩa,phong_tro,1,1,0,0,0,1,1,0,1,0,5,6.0,0,399,0.46873658761848347,0.4687,3ea0b56a99091ea433c2,13.976,0.1
"Nhà trọ full đồ, 2tr8 ở 207 Phùng Hưng, ngay chân bệnh viện Thiên Đức, gần bv 103, chợ Yên Phúc",2800000,20,"Phố Phùng Hưng, Phường Hà Đông, Hà Nội",Hà Đông,,,"Nhà trọ 1PN, 1WC, 6 tầng, full nội thất, không cần lo lắng gì thêm! Giá chỉ 2,8 triệu VND cho 20m2. Nhà trọ này cực… - 682900",29/05/2025,https://phongtro123.com/nha-tro-full-do-2tr8-o-207-phung-hung-ngay-chan-benh-vien-thien-duc-gan-bv-103-cho-yen-phuc-pr682900.html,phongtro123.com,2026-07-05T15:43:47.905834+00:00,0879240000,https://pt123.cdn.static123.com/images/thumbs/450x300/fit/2025/05/29/49d1d6c3bde075be2cf1_1748486009.jpg,"Nhà trọ 1PN, 1WC, 6 tầng, full nội thất, không cần lo lắng gì thêm! Giá chỉ 2,8 triệu VND cho 20m2. Nhà trọ này cực chất với nội thất đầy đủ từ giường, tủ, bàn ghế đến bếp, sẵn sàng để dọn vào ở ngay. Thời gian thuê linh hoạt, tối thiểu 6 tháng, dễ dàng cho mọi kế hoạch. Gần các tiện ích như bệnh viện đa khoa 16A Hà Đông, các trường học và Winmart+, đầy đủ mọi thứ cần thiết cho cuộc sống hàng ngày.",,high,2.8,20.0,Hà Đông,phong_tro,0,0,0,0,1,0,0,0,0,0,1,5.0,0,402,0.466073740806395,0.4661,a9c45a10b0c2aea51a67,9.977,0.13999999999999999
TỔ 8 ĐA SỸ - STUDIO FULL NỘI THẤT - NGAY THCS KIẾN HƯNG - TAXI ĐỖ CỬA,3400000,25,"Đường Đa Sĩ, Phường Kiến Hưng, Hà Nội",Hà Đông,,,"Nằm ở Đa Sỹ, p Kiến Hưng, Q.Hà Đông, căn hộ mini này có mọi thứ cần thiết cho cuộc sống thoải mái. Với diện… - 682675",26/05/2025,https://phongtro123.com/to-8-da-sy-studio-full-noi-that-ngay-thcs-kien-hung-taxi-do-cua-3-pr682675.html,phongtro123.com,2026-07-05T15:43:47.905834+00:00,0879240000,https://pt123.cdn.static123.com/images/thumbs/450x300/fit/2025/05/26/hland-tower-1647_1748253303.png,"Nằm ở Đa Sỹ, p Kiến Hưng, Q.Hà Đông, căn hộ mini này có mọi thứ cần thiết cho cuộc sống thoải mái. Với diện tích 25m2, 1PN và 1VS, căn hộ được trang bị đầy đủ nội thất, sẵn sàng để dọn vào ở ngay. Giá chỉ 3,4 triệu, cực kỳ hợp lý cho không gian sống riêng tư và tiện nghi. Thời gian thuê linh hoạt, tối thiểu 1 năm, phù hợp với phong cách sống hiện đại, giúp tiết kiệm thời gian và công sức cho những ai bận rộn. Căn hộ này chính là lựa chọn hoàn hảo cho những ai đang tìm kiếm một chốn dừng chân yên tĩnh, gần gũi với cuộc sống hàng ngày mà không tốn quá nhiều chi phí. Địa điểm xung quanh: - Gần bệnh viện đa khoa 16A Hà Đông, bệnh viện bỏng quốc gia Lê Hữu Trác, bệnh viện đa khoa quốc tế Thiên Đức. - Siêu thị Đức Thành Xa La, WinMart Xa La Hà Đông. - Trường tiểu học Marie Curie II, trường tiểu học Kiến Hưng, trường THCS Kiến Hưng.",,high,3.4,25.0,Kiến Hưng,can_ho_mini,0,0,0,0,1,0,0,0,0,0,1,5.0,0,405,0.4634260213671892,0.4634,030bd646cf8051fa4669,10.623,0.136
PHÒNG CHO THUÊ TẠI KHU C PHENIKAA (NGAY CỔNG SAU PHENIKAA) - FULL NỘI THẤT,3700000,25,"Đường Yên Xá, Phường Yên Nghĩa, Hà Nội",Hà Đông,,,"Phòng tại Đường Yên Nghĩa, Phường Yên Nghĩa, Hà Đông, Hà Nội đang chờ đón những ai muốn tìm chốn an cư lý… - 682673",26/05/2025,https://phongtro123.com/khu-c-phenikaa-ngay-cong-sau-phenikaa-full-noi-that-oto-do-cua-pr682673.html,phongtro123.com,2026-07-05T15:43:47.905834+00:00,0879240000,https://pt123.cdn.static123.com/images/thumbs/450x300/fit/2025/05/26/z4569144157730-cae8ebb5e8dd7c37096c9c9966225c5a_1748252192.jpg,"Phòng tại Đường Yên Nghĩa, Phường Yên Nghĩa, Hà Đông, Hà Nội đang chờ đón những ai muốn tìm chốn an cư lý tưởng. CC này có diện tích 25m2, 1PN, 1WC, nội thất đầy đủ như giường, tủ, bàn ghế, và bếp. Giá cho thuê chỉ 3,7 triệu VND, cực kỳ hợp lý cho không gian sống thoải mái. Thời gian cho thuê linh hoạt, tối thiểu 1 năm, phù hợp với nhu cầu của giới trẻ. Cuộc sống tại đây sẽ thật tiện lợi với đầy đủ mọi thứ cần thiết quanh khu vực.",,high,3.7,25.0,Yên Nghĩa,phong_tro,0,0,0,0,1,0,0,0,0,0,1,5.0,0,405,0.4634260213671892,0.4634,1247fc9c8969ac58efc1,13.976,0.14800000000000002
68 BA LA - NGAY GẦN ĐH ĐẠI NAM - FULL NỘI THẤT - OTO ĐỖ CỬA,3800000,25,"Đường Ba La, Phường Phú Lương, Hà Nội",Hà Đông,,,"Phòng này tọa lạc ở Ba La, Phú Lãm, Hà Đông, Hà Nội, với diện tích 25m2, 1PN và 1WC, nội thất đầy đủ, rất thích… - 682672",26/05/2025,https://phongtro123.com/68-ba-la-can-ho-ngay-gan-dh-dai-nam-full-noi-that-oto-do-cua-2-pr682672.html,phongtro123.com,2026-07-05T15:43:47.905834+00:00,0879240000,https://pt123.cdn.static123.com/images/thumbs/450x300/fit/2025/05/26/z4237261621374-96fd422188b9c31a12a83fd5ffe391aa_1748251632.jpg,"Phòng này tọa lạc ở Ba La, Phú Lãm, Hà Đông, Hà Nội, với diện tích 25m2, 1PN và 1WC, nội thất đầy đủ, rất thích hợp cho những ai muốn tìm không gian sống thoải mái và tiện nghi. Giá cho thuê chỉ 3,8 triệu VND/tháng, cực kỳ hợp lý cho một căn hộ dịch vụ chất lượng. Điểm nổi bật của căn hộ này là không gian sống thoáng đãng và được trang bị đầy đủ tiện nghi, phù hợp cho những ai muốn có một chốn an cư lý tưởng. Thời gian thuê linh hoạt, tối thiểu 1 năm, giúp dễ dàng hơn cho việc định cư lâu dài. Địa điểm tiện ích xung quanh: - Bệnh viện Nhi Hà Nội - Siêu thị điện máy Pico 944 Quang Trung, Hà Đông - Winmart+ - Trường THCS và THPT Ban Mai - Trường THPT Trần Hưng Đạo - Trường THCS Yên Nghĩa",,high,3.8,25.0,Phú Lương,can_ho,1,0,0,0,1,0,0,0,0,0,2,5.0,0,405,0.4634260213671892,0.4634,19fc6c7639fcb00075b8,13.096,0.152
ĐỐI DIỆN MƯỜNG THANH XA LA - GÁC XÉP FULL NỘI THẤT - GIÁ CHỈ TỪ 3TR3,3300000,25,"Đường Xa La, Phường Kiến Hưng, Hà Nội",Hà Đông,,,"Phòng trọ cho thuê tại Đường Xa La, p Kiến Hưng, Hà Đông, Hà Nội, 25m2, 1PN, 1WC, 5 tầng, nội thất đầy đủ như… - 682634",26/05/2025,https://phongtro123.com/doi-dien-muong-thanh-xa-la-gac-xep-full-noi-that-gia-chi-tu-3tr3-pr682634.html,phongtro123.com,2026-07-05T15:43:47.905834+00:00,0879240000,https://pt123.cdn.static123.com/images/thumbs/450x300/fit/2025/05/26/z5270678776689-df812fabebbc05e835c488445c806127_1748231647.jpg,"Phòng trọ cho thuê tại Đường Xa La, p Kiến Hưng, Hà Đông, Hà Nội, 25m2, 1PN, 1WC, 5 tầng, nội thất đầy đủ như giường, tủ, bàn ghế. Giá chỉ 3,3 triệu/tháng. Cuộc sống thoải mái với không gian riêng tư, gần gũi. Sống ở đây sẽ có nhiều tiện nghi thuận lợi, thoải mái và thoáng đãng. Phòng trọ có đầy đủ nội thất, sống thoải mái không cần lo lắng gì. Mọi thứ đều được chuẩn bị sẵn sàng, chỉ việc xách vali vào ở thôi. Không gian rộng rãi, thoáng đãng, thích hợp cho những ai yêu thích sự tự do và riêng tư. Hoàn hảo cho các bạn trẻ đang tìm kiếm chốn dừng chân. Gần công viên Chu Văn An, gần trường học, gần chợ/siêu thị như Winmart+. Mọi thứ đều dễ dàng tiếp cận, sống thoải mái mà không cần đi xa.",,high,3.3,25.0,Kiến Hưng,phong_tro,0,0,0,0,1,1,0,0,0,0,2,5.0,0,405,0.4634260213671892,0.4634,4a0c26c0a749e3661ae7,10.623,0.132
"24 CHỢ MỖ LAO - STUDIO FULL NỘI THẤT - GẦN PTIT OTO ĐỖ CỬA, NGÕ THOÁNG",3700000,25,"Đường Mỗ Lao, Phường Hà Đông, Hà Nội",Hà Đông,,,"Phòng trọ tại Mỗ Lao, Đường Mỗ Lao, Phường Mỗ Lao, Hà Đông, Hà Nội cực chất với diện tích 25m2. Phòng có 1PN,… - 682629",26/05/2025,https://phongtro123.com/24-cho-mo-lao-studio-full-noi-that-gan-ptit-oto-do-cua-ngo-thoang-2-pr682629.html,phongtro123.com,2026-07-05T15:43:47.905834+00:00,0879240000,https://pt123.cdn.static123.com/images/thumbs/450x300/fit/2025/05/26/hland-tower-124-3_1748229260.png,"Phòng trọ tại Mỗ Lao, Đường Mỗ Lao, Phường Mỗ Lao, Hà Đông, Hà Nội cực chất với diện tích 25m2. Phòng có 1PN, 1WC, nội thất đầy đủ như giường, bàn ghế, tủ quần áo, tiện nghi chỉ cần xách vali vào ở. Giá thuê cực kỳ hợp lý chỉ 3,7 triệu VND/tháng. Thời gian thuê linh hoạt từ 1 năm trở lên, phù hợp cho những ai muốn tìm chốn an cư lâu dài. Cuộc sống tại đây rất tiện lợi với đầy đủ các tiện ích xung quanh, dễ dàng tiếp cận các dịch vụ cần thiết. Không gian sống thoải mái, gần gũi với các tiện ích như siêu thị Winmart+, công viên Hồ Trung Văn và nhiều trường học xung quanh.",,high,3.7,25.0,Hà Đông,can_ho_mini,0,0,0,0,1,0,0,0,0,0,1,5.0,0,405,0.4634260213671892,0.4634,fa0fcb4b4c559cc9e13f,9.977,0.14800000000000002
CHO THUÊ PHÒNG NHÀ MỚI XÂY MỚI TINH CHƯA BÓC SEAL CÓ THANG MÁY,3900000,25,"7 Đường Văn La, Hà Nội",Hà Đông,,,"NHÀ MỚI XÂY CHO THUÊ PHÒNG MỚI TINH CHƯA BÓC SEAL CÓ THANG MÁY : LK1 Phố Văn La, Khu Đô Thị Văn Phú, Hà Đông Tiện Ích… - 682394",23/05/2025,https://phongtro123.com/cho-thue-phong-nha-moi-xay-moi-tinh-chua-boc-seal-co-thang-may-pr682394.html,phongtro123.com,2026-07-05T15:43:47.905834+00:00,0929292918,https://pt123.cdn.static123.com/images/thumbs/450x300/fit/2025/05/23/z6599523367610-48a24733b5c13de7178e81b7099ee94c_1747972740.jpg,"NHÀ MỚI XÂY CHO THUÊ PHÒNG MỚI TINH CHƯA BÓC SEAL CÓ THANG MÁY : LK1 Phố Văn La, Khu Đô Thị Văn Phú, Hà Đông Tiện Ích : Phòng rất gần các trường ĐH Phenika 1,8km, ĐH Đại Nam 1,5km, ĐH Kiểm Sát 2,5km, Ngay Sát Chợ Văn La, Cách BRT 150m,100m ra mặt đường chính quang trung. Phòng khép kín diện tích 25-35m2, rộng thoáng mát, cửa sổ toàn cảnh, phòng lớn có thể ở nhóm hoặc hộ gia đình, sinh viên Giá chỉ từ: 3TR900k - 4TR900k ( vào ở luôn giảm 500k tháng đầu ) Nhà mới tinh vừa hoàn thiện xong, thang máy, PCCC đi các phòng ,camera nhà xe, an ninh an toàn. Nội thất Full mới 100%: Giường, tủ quần áo, điều hoà, nóng lạnh, quạt trần, kệ giày dép, máy giặt, bàn học, thiết bị vệ sinh thông minh, cảnh báo cháy trong phòng, cửa thoát hiểm, chỉ việc xách vali đến ở. Điện: 4.000/số , wifi tốc độ cao FPT 6 100K/1 phòng ,nước 100k/1 người dịch vụ: 250.000/người (gồm rác,vệ sinh, điện chung hành lang, thang máy, máy giặt) Cọc 1 đóng 1 linh hoạt Sát ga tàu điện trên cao, điểm bus trung chuyển Giờ giấc tự do, cổng cửa cuốn điều khiển, camera 24/24 Có sân phơi, nhà để xe . ️Liên hệ xem phòng có thể vào luôn : 09.29.29.29.18",,high,3.9,25.0,unknown,phong_tro,1,1,0,1,0,0,1,1,1,1,7,5.0,0,408,0.46079334336373706,0.4608,c6adc62d8156c2da69c6,9.977,0.156
24 CHỢ MỖ LAO - STUDIO FULL NỘI THẤT - OTO ĐỖ CỬA - NGAY GA VĂN QUÁN,3800000,25,"Đường Mỗ Lao, Phường Hà Đông, Hà Nội",Hà Đông,,,24 CHỢ MỖ LAO - STUDIO FULL NỘI THẤT - OTO ĐỖ CỬA - NGAY GA VĂN QUÁN Nằm cạnh Học Viện Bưu Chính Viễn Thông – Gần… - 681429,13/05/2025,https://phongtro123.com/24-cho-mo-lao-studio-full-noi-that-oto-do-cua-ngay-ga-van-quan-2-pr681429.html,phongtro123.com,2026-07-05T15:43:47.905834+00:00,0879240000,https://pt123.cdn.static123.com/images/thumbs/450x300/fit/2025/05/13/z5240521688870-6e7525f61e88064e046e568f7b6f96d7_1747101370.jpg,"24 CHỢ MỖ LAO - STUDIO FULL NỘI THẤT - OTO ĐỖ CỬA - NGAY GA VĂN QUÁN Nằm cạnh Học Viện Bưu Chính Viễn Thông – Gần các trường Đại học Kiến Trúc, Học Viện Y Dược Cổ Truyền ... Cách điểm xe buýt và ga tàu điện chỉ 300m, cạnh Hồ Nguyễn Văn Trỗi. Nội thất siêu đẹp, siêu sang, chỉ cần vô tận hưởng thôi Giá cho thuê: 3tr8/tháng Có camera 24/7, cổng kiểm soát vân tay nghiêm ngặt Có máy giặt, máy lạnh, tủ lạnh, giường, tủ ..... Kí hợp đồng dài hạn đảm bảo không tăng giá Nhắn z.a.l.o khi cần thông tin chi tiết.",,high,3.8,25.0,Hà Đông,can_ho_mini,1,0,0,0,1,0,1,0,0,0,3,5.0,0,418,0.4521252891186048,0.4521,fa0fcb4b4c559cc9e13f,9.977,0.152
XA LA - STUDIO FULL NỘI THẤT - ĐỐI DIỆN MƯỜNG THANH XA LA - GẦN LINH ĐÀM,3000000,20,"Đường Xa La, Phường Kiến Hưng, Hà Nội",Hà Đông,,,"XA LA - STUDIO FULL NỘI THẤT - ĐỐI DIỆN MƯỜNG THANH XA LA - GẦN LINH ĐÀM Gần Học Viện Quân Y,Cngay cầu ML 1,... Căn… - 680945",07/05/2025,https://phongtro123.com/xa-la-studio-full-noi-that-doi-dien-muong-thanh-xa-la-gan-linh-dam-pr680945.html,phongtro123.com,2026-07-05T15:43:47.905834+00:00,0879240000,https://pt123.cdn.static123.com/images/thumbs/450x300/fit/2025/05/07/0f74a7d2-d53b-422b-b0ba-31c63225d3f4_1746590547.jpg,"XA LA - STUDIO FULL NỘI THẤT - ĐỐI DIỆN MƯỜNG THANH XA LA - GẦN LINH ĐÀM Gần Học Viện Quân Y,Cngay cầu ML 1,... Căn hộ đã trang bị đủ nội thất Có giá thuê cực tốt: chỉ 3 triệu/tháng Camera giám sát 24/24 Chính chủ, miễn trung gian Nhắn z.a.l.o khi cần thông tin chi tiết.",,high,3.0,20.0,Kiến Hưng,can_ho_mini,0,0,0,0,1,0,0,0,0,0,1,5.0,0,424,0.44700292110814305,0.447,4a0c26c0a749e3661ae7,10.623,0.15
"N2 MIPEC KIẾN HƯNG - GÁC XÉP FULL NỘI THẤT - NGÕ THOÁNG, OTO ĐỖ CỬA",4100000,25,"Đường Kiến Hưng, Phường Kiến Hưng, Hà Nội",Hà Đông,,,"Nhà biệt thự cho thuê ở Đường Kiến Hưng, Phường Kiến Hưng, Hà Đông, Hà Nội, cực chất với thiết kế 4 tầng, 1… - 680519",30/04/2025,https://phongtro123.com/n2-mipec-kien-hung-gac-xep-full-noi-that-ngo-thoang-oto-do-cua-3-pr680519.html,phongtro123.com,2026-07-05T15:43:47.906838+00:00,0879240000,https://pt123.cdn.static123.com/images/thumbs/450x300/fit/2025/04/30/z4950802980550-f7363613a0fc198676eab1911f56caf7_1746001826.jpg,"Nhà biệt thự cho thuê ở Đường Kiến Hưng, Phường Kiến Hưng, Hà Đông, Hà Nội, cực chất với thiết kế 4 tầng, 1 phòng ngủ, 1 toilet. Nội thất đầy đủ với các món như giường, tủ, bàn ghế, giúp cuộc sống trở nên thoải mái hơn. Diện tích 25m² là đủ cho một không gian sống tiện nghi và dễ chịu. Điểm nổi bật là giá cho thuê chỉ 4,1 triệu, quá hời cho một căn BT trong khu vực này. Nằm trong khu dân cư yên tĩnh, dễ dàng tiếp cận cuộc sống sôi động. + Cách trường tiểu học Kiến Hưng 2km + Cách chợ Winmart Xa La 2km + Cách bệnh viện Đa khoa Quốc tế Thiên Đức 2km",,high,4.1,25.0,Kiến Hưng,phong_tro,0,0,0,0,1,1,0,0,0,0,2,4.0,0,431,0.44110012738929627,0.4411,8a687e0fa58fac1dc95d,10.623,0.16399999999999998
"CHO THUÊ CĂN HỘ MINI 1 PHÒNG NGỦ – 1 PHÒNG KHÁCH ĐẸP, TIỆN NGHI",6800000,45,"a 01-l70 Đường số 70, Phường Dương Nội, Hà Nội",Hà Đông,,,"CHO THUÊ CĂN HỘ MINI 1 PHÒNG NGỦ – 1 PHÒNG KHÁCH ĐẸP, TIỆN NGHI • Vị trí: Villa 10 A01-L70 KHU ĐÔ THỊ DƯƠNG NỘI (… - 680513",30/04/2025,https://phongtro123.com/cho-thue-can-ho-mini-1-phong-ngu-1-phong-khach-dep-tien-nghi-pr680513.html,phongtro123.com,2026-07-05T15:43:47.906838+00:00,0355514623,https://pt123.cdn.static123.com/images/thumbs/450x300/fit/2025/04/30/z5989042106635-6dc72c5b2ec70fbda2d7c2c037ae85d9_1745993389.jpg,"CHO THUÊ CĂN HỘ MINI 1 PHÒNG NGỦ – 1 PHÒNG KHÁCH ĐẸP, TIỆN NGHI • Vị trí: Villa 10 A01-L70 KHU ĐÔ THỊ DƯƠNG NỘI ( CẠNH AEON MAIL HÀ ĐÔNG ) • Diện tích: : [ 45m² ] • Kết cấu: 1 phòng ngủ, 1 phòng khách, bếp riêng, WC riêng • [Đầy đủ nội thất: giường, nệm, tủ lạnh, máy lạnh, máy giặt, bàn ghế,ti vi,sofa …] • Tiện ích: Giờ giấc tự do, có thang máy, bãi xe rộng, wifi mạnh, khu vực yên tĩnh, sạch sẽ • Giá thuê: [chỉ hơn #6tr – có thương lượng] • Điện/nước: giá dân • Liên hệ: [SĐT: 0355514623 /Zalo: HUY MINH ] để xem phòng trực tiếp Ưu tiên người ở lâu dài, lịch sự – chuyển vào ở ngay!",,high,6.8,45.0,Dương Nội,can_ho_mini,1,1,0,1,1,0,1,0,1,1,7,4.0,0,431,0.44110012738929627,0.4411,6cef4c827e1f542ab868,11.461,0.1511111111111111
1 PHÒNG DUY NHẤT CHỈ HƠN 3TR CẠNH AENOn,3300000,27,"1 Đường số 1, Phường Dương Nội, Hà Nội",Hà Đông,,,"“Đi xem phòng ngay đi, do dự là đầu tháng ra đường ở mất!” [ 1 PHÒNG DUY NHẤT CHỈ HƠN 3TR CẠNH AENON MAIL HÀ… - 680432",28/04/2025,https://phongtro123.com/1-phong-duy-nhat-chi-hon-3tr-canh-aenon-pr680432.html,phongtro123.com,2026-07-05T15:43:47.906838+00:00,0355514623,https://pt123.cdn.static123.com/images/thumbs/450x300/fit/2025/04/28/318970680-674283880898351-5248603213705146171-n_1745841108.jpg,"“Đi xem phòng ngay đi, do dự là đầu tháng ra đường ở mất!” [ 1 PHÒNG DUY NHẤT CHỈ HƠN 3TR CẠNH AENON MAIL HÀ ĐÔNG ĐỊA CHỈ : KĐT Dương Nội Hà Đông ] Phòng trọ rộng rãi, sạch sẽ, an ninh đảm bảo, giờ giấc tự do. • Diện tích: 27m² • Tiện ích: có máy lạnh, WC riêng, chỗ để xe rộng rãi • Vị trí: cách chợ, siêu thị, trường học chỉ 5 phút Liên hệ: 0355514623 (Zalo/HUYMINH )",,high,3.3,27.0,Dương Nội,phong_tro,1,1,0,0,0,0,0,0,0,1,3,4.0,0,433,0.43942797714444043,0.4394,b0af8d8814fb5388890a,11.461,0.12222222222222222
"Ngõ 1 ngô thì nhậm hà đông - Em còn trống 1 phòng đồ nội thất như hình
Giá thuê 3xxx",3500000,28,"Đường Ngô Thì Nhậm, Phường Hà Đông, Hà Nội",Hà Đông,,,"Ngõ 1 ngô thì nhậm hà đông Em còn trống 1 phòng đồ nội thất như hình Giá thuê 3xxx Điện nước giá bình dân , an… - 680265",26/04/2025,https://phongtro123.com/ngo-1-ngo-thi-nham-ha-dong-em-con-trong-1-phong-do-noi-that-nhu-hinh-gia-thue-3xxx-dien-nuoc-gia-bi-pr680265.html,phongtro123.com,2026-07-05T15:43:47.906838+00:00,0367690638,https://pt123.cdn.static123.com/images/thumbs/450x300/fit/2025/04/26/img-20250426-081125_1745630603.jpg,"Ngõ 1 ngô thì nhậm hà đông Em còn trống 1 phòng đồ nội thất như hình Giá thuê 3xxx Điện nước giá bình dân , an ninh tốt Đóng 1 cọc 1 Liên hệ 0367690638 để thuê phòng",,high,3.5,28.0,Hà Đông,phong_tro,0,0,0,0,0,0,0,0,0,0,0,4.0,0,435,0.4377621657924295,0.4378,927860e1c40dedd1307f,9.977,0.125
"Chill SỐNG CHẤT – phòng CCMN Mộ Lao, Hà Đông",3600000,20,"28 , ngõ 255 Đường Nguyễn Văn Trỗi, Phường Hà Đông, Hà Nội",Hà Đông,,,"CCMN mới tinh tại Mộ Lao – Hà Đông ️ Gần Ga VĂN QUÁN, ĐH Kiến Trúc, Bưu chính viễn thông, HV An ninh... ️ Cho setup… - 680065",23/04/2025,https://phongtro123.com/chill-song-chat-phong-ccmn-mo-lao-ha-dong-2-pr680065.html,phongtro123.com,2026-07-05T15:43:47.906838+00:00,0976514555,https://pt123.cdn.static123.com/images/thumbs/450x300/fit/2025/04/23/z6420694852533-48102c2646bf5ad1e01c010533343d0b_1745395652.jpg,"CCMN mới tinh tại Mộ Lao – Hà Đông ️ Gần Ga VĂN QUÁN, ĐH Kiến Trúc, Bưu chính viễn thông, HV An ninh... ️ Cho setup lại phòng , thể hiện Gu...u ️ Có thang máy – Khóa Vân tay - Vệ sinh riêng biệt – Nấu ăn , máy giặt, hút mùi, tủ lạnh, Điều hòa… ️ Phụ phí rẻ hơn CCMN khác Điện 4K/số. Nước 100k/người. Mạng 100k/ người/ Dịch vụ chung, rác, thang máy, An ninh =150k/ ng Ở NGUYÊN PHÒNG riêng tư hay GHÉP PHÒNG siêu tiết kiệm đều OK Giá Phòng: 3.6tr ~20m2 và 4.3tr/tháng ~30m2. 0976514555",,high,3.6,20.0,Hà Đông,can_ho_mini,1,1,0,1,0,0,1,0,1,0,5,4.0,0,438,0.4352752816480621,0.4353,638e40d5f2a35ca3cc5f,9.977,0.18
"Chính chủ cho thuê phòng tại Kiến Hưng Hà Đông. 33m2 có gác lửng, ĐH, NL, TM siêu thoáng giá 3,3tr",3300000,33,"số 2 ngõ 98 Đường Xa La, Phường Kiến Hưng, Hà Nội",Hà Đông,,,"Địa chỉ: Chung cư mini Xa La Hà Đông. Số 2 ngõ 98 Tổ 15 Kiến Hưng (đối diện tỉnh đội, cách đường 70 và cổng… - 680035",22/04/2025,https://phongtro123.com/chinh-chu-cho-thue-phong-tai-kien-hung-ha-dong-33m2-co-gac-lung-dh-nl-tm-sieu-thoang-gia-3-3tr-pr680035.html,phongtro123.com,2026-07-05T15:43:47.906838+00:00,0935986866,https://pt123.cdn.static123.com/images/thumbs/450x300/fit/2025/04/22/z6530824938954-2a99a55c09e13d394b8f696b36a3369e_1745317475.jpg,"Địa chỉ: Chung cư mini Xa La Hà Đông. Số 2 ngõ 98 Tổ 15 Kiến Hưng (đối diện tỉnh đội, cách đường 70 và cổng viện K Tân Triều 200m. Thông tin phòng: Diện tích 32m² (có gác lửng). Giá thuê: 3tr3. Tiền cọc: Đóng 1 cọc 1 tháng. Tiện ích: Phòng mới, sạch sẽ, thoáng mát. Nhà vệ sinh trong phòng. Có khu vực bếp riêng, ban công siêu thoáng cho từng phòng. Điều hoà, nóng lạnh, thang máy... Có chỗ để xe an toàn, miễn phí tầng 1. Giờ giấc. Tự do.",1.0,high,3.3,33.0,Kiến Hưng,can_ho_mini,1,0,1,1,0,1,0,1,0,1,6,4.0,0,439,0.43444946373853344,0.4344,54e9c70a6806db21798b,10.623,0.09999999999999999
"Cho thuê phòng trọ Phường Yên nghĩa, Quận Hà đông, Hà nội",1000000,16,"Đường Ba La, Phường Yên Nghĩa, Hà Nội",Hà Đông,,,"Cho thuê phòng trọ Phường Yên nghĩa, Quận Hà đông,Hà nội. Nhà 2 tầng 3 phòng 17m2, khép kín,Giường, tủ,vệ sinh… - 674750",20/04/2025,https://phongtro123.com/cho-thue-phong-tro-phuong-yen-nghia-quan-ha-dong-ha-noi-pr674750.html,phongtro123.com,2026-07-05T15:43:47.906838+00:00,0337485562,https://pt123.cdn.static123.com/images/thumbs/450x300/fit/2025/02/17/z6324657718144-077c34c780911ecbcf356aa0528e2735_1739761111.jpg,"Cho thuê phòng trọ Phường Yên nghĩa, Quận Hà đông,Hà nội. Nhà 2 tầng 3 phòng 17m2, khép kín,Giường, tủ,vệ sinh riêng, quạt,tủ bếp, an ninh tốt,thoáng mát, vườn cây, ghế đá, nhà để xe riêng. Điện nước internet tự trả theo giá nhà nước. Dành cho: Công chức viên chức ở lâu dài. 1 triệu tháng. Liên hệ Chính chủ : Ông Thế, 0337485562 Đến xem sẽ thích ngay.Nhà 2 tầng 3 phòng 17m2, khép kín,Giường, tủ,vệ sinh riêng, quạt,tủ bếp, an ninh tốt,thoáng mát, vườn cây, ghế đá, nhà để xe riêng. Điện nước internet tự trả theo giá nhà nước. Dành cho: Công chức viên chức ở lâu dài. 1 triệu tháng. Liên hệ Chính chủ : Ông Thế, 0337485562 Đến xem sẽ thích ngay.",3.0,high,1.0,16.0,Yên Nghĩa,phong_tro,0,1,0,0,0,0,0,0,1,1,3,4.0,0,441,0.43280252524983354,0.4328,d85ca6380120243fa5d7,13.976,0.0625
"Full nội thất cao cấp, Ban công thoáng mát. Nhà có thang máy",3800000,22,"Đường Thanh Bình, Phường Hà Đông, Hà Nội",Hà Đông,,,GIÁ DỊCH VỤ: Điện 4k/số Nước 35k/khối Mạng 100k/p Dịch vụ chung 100k/ ng Máy giặt chung 70k/ ng Thang máy 50k/… - 679766,19/04/2025,https://phongtro123.com/full-noi-that-cao-cap-ban-cong-thoang-mat-nha-thang-may-khong-chung-chu-gio-giac-tu-do-ib-de-co-th-pr679766.html,phongtro123.com,2026-07-05T15:43:50.245094+00:00,0392386365,https://pt123.cdn.static123.com/images/thumbs/450x300/fit/2025/04/19/1000005834_1745034103.jpg,"GIÁ DỊCH VỤ: Điện 4k/số Nước 35k/khối Mạng 100k/p Dịch vụ chung 100k/ ng Máy giặt chung 70k/ ng Thang máy 50k/ ng NỘI THẤT: điều hoà, nóng lạnh, tủ quần áo, kệ bếp CÁC THÔNG TIN KHÁC: -Phơi đồ ở tầng thượng -Có máy giặt chung -Ko giới hạn xe -Ko nhận xe điện -Nhà thang máy -Khoá vân tay -Ko giới hạn người -Fixx qua xem thương lượng",,high,3.8,22.0,Hà Đông,phong_tro,1,0,1,1,1,0,1,1,1,0,7,4.0,0,442,0.4319813987312605,0.432,2edd5af6ce6381c771b3,9.977,0.17272727272727273
CHO THUÊ PHÒNG ĐẦY ĐỦ TIỆN NGHI – GIÁ RẺ,3200000,27,"D14-09 Phố Lê Trọng Tấn, Phường Dương Nội, Hà Nội",Hà Đông,,,"CHO THUÊ PHÒNG ĐẦY ĐỦ TIỆN NGHI – GIÁ RẺ Bạn đang tìm kiếm một không gian sống tiện nghi, sạch sẽ với mức… - 679761",19/04/2025,https://phongtro123.com/cho-thue-phong-day-du-tien-nghi-gia-re-pr679761.html,phongtro123.com,2026-07-05T15:43:50.245094+00:00,0355514623,https://pt123.cdn.static123.com/images/thumbs/450x300/fit/2025/04/19/z6472969710266-66191bca0e43c57d3bccc8af2fe2cd52_1745032923.jpg,"CHO THUÊ PHÒNG ĐẦY ĐỦ TIỆN NGHI – GIÁ RẺ Bạn đang tìm kiếm một không gian sống tiện nghi, sạch sẽ với mức giá hợp lý? ĐỊA CHỈ : D14-09 GLEXIMCO LÊ TRỌNG TẤN chính là lựa chọn lý tưởng dành cho bạn! TIỆN NGHI , SIÊU ĐẸP • Phòng rộng rãi, thoáng mát • Trang bị đầy đủ nội thất: giường, nệm, tủ quần áo, bàn bếp , điều hoà ,máy lọc nước, nóng lạnh ,… • Nhà vệ sinh khép kín , sạch sẽ • An ninh 24/7, môi trường sống văn minh, yên tĩnh • Giao thông thuận tiện, gần chợ, siêu thị, trường học Giá thuê: Cực kỳ hợp lý chỉ #2tr9, #3tr – ưu đãi cho người thuê lâu dài! Nhanh tay liên hệ để xem phòng và chọn ngay chỗ ở lý tưởng cho mình nhé! Liên hệ: [0355514623] /Zalo: HUY MINH ] ( XEM PHÒNG MIỄN PHÍ )",,high,3.2,27.0,Dương Nội,phong_tro,1,1,0,0,1,0,0,1,0,1,5,4.0,0,442,0.4319813987312605,0.432,22f4d4b41628b0cd3b88,11.461,0.11851851851851852
Chính chủ cho thuê phòng FULL ĐỒ/NỘI THẤT tại Ngõ 87 Yên Xá,3800000,25,"Đường Chiến Thắng, Phường Hà Đông, Hà Nội",Hà Đông,,,"CCMN mới tinh luôn ạ (free tiền nhà tháng 4/2025 để ăn mừng Giải phóng miền Nam ạaaa) Khép kín Ban công rộng rãi,… - 679628",18/04/2025,https://phongtro123.com/chinh-chu-cho-thue-phong-full-do-noi-that-tai-ngo-87-yen-xa-pr679628.html,phongtro123.com,2026-07-05T15:43:50.245094+00:00,0876854444,https://pt123.cdn.static123.com/images/thumbs/450x300/fit/2025/04/17/z6515020045915-1766971ee861592dd8f5892fcfa0a341_1744889767.jpg,"CCMN mới tinh luôn ạ (free tiền nhà tháng 4/2025 để ăn mừng Giải phóng miền Nam ạaaa) Khép kín Ban công rộng rãi, thoáng mát (gác xép) Full đồ/nội thất: Điều hoà, nóng lạnh, internet, combo bàn bếp siêu rộng + tủ bếp, tủ quần áo, hút mùi, máy giặt chung, …, (khoá cửa vân tay) Full trang thiết bị đảm bảo an toàn PCCC Không chung chủ (giờ giấc tự do) Giá phòng chỉ từ 3.800.000K !!! LH ngay và luôn: 0889.289.652 !!!",,high,3.8,25.0,Hà Đông,can_ho_mini,1,1,1,0,1,1,1,1,1,0,8,4.0,0,443,0.4311618300796596,0.4312,8157d94add72c92c0ff3,9.977,0.152
"80 BÀ TRIỆU - 1N1K FULL NỘI THẤT - NGÕ THOÁNG, NGAY GẦN CHỢ HÀ ĐÔNG",4000000,30,"Phố Bà Triệu, Phường Hà Đông, Hà Nội",Hà Đông,,,"80 BÀ TRIỆU - 1N1K FULL NỘI THẤT - NGÕ THOÁNG, NGAY GẦN CHỢ HÀ ĐÔNG Gần Cách chợ Hà Đông chỉ 200m, cầu Đen 150m,… - 679659",18/04/2025,https://phongtro123.com/80-ba-trieu-1n1k-full-noi-that-ngo-thoang-ngay-gan-cho-ha-dong-pr679659.html,phongtro123.com,2026-07-05T15:43:50.245094+00:00,0879240000,https://pt123.cdn.static123.com/images/thumbs/450x300/fit/2025/04/18/z4513025662462-e7929b6f6b19ac0f4f12ce69c8b5152b_1744941760.jpg,"80 BÀ TRIỆU - 1N1K FULL NỘI THẤT - NGÕ THOÁNG, NGAY GẦN CHỢ HÀ ĐÔNG Gần Cách chợ Hà Đông chỉ 200m, cầu Đen 150m, ngã năm Hà Trì 200m. Giá: 4tr An ninh camera, vân tay Có máy lạnh, máy nóng lạnh, máy giặt, tủ lạnh riêng, giường ngủ, tủ quần áo, hệ bàn tủ bếp, bàn ăn, đệm… Chính chủ, miễn trung gian Nhắn z.a.l.o khi cần thông tin chi tiết.",,high,4.0,30.0,Hà Đông,phong_tro,1,0,0,0,1,0,1,1,0,0,4,4.0,0,443,0.4311618300796596,0.4312,a5480ffeff64be6b5f39,9.977,0.13333333333333333
24 CHỢ MỖ LAO - STUDIO FULL NỘI THẤT - OTO ĐỖ CỬA - NGAY GA VĂN QUÁN,3200000,22,"Đường Mỗ Lao, Phường Hà Đông, Hà Nội",Hà Đông,,,"CC mini tại Mỗ Lao, Hà Đông, Hà Nội với diện tích 22m², 1PN, 1WC. Nội thất full xịn xò như giường, tủ, bếp. Giá… - 679654",18/04/2025,https://phongtro123.com/24-cho-mo-lao-studio-full-noi-that-oto-do-cua-ngay-ga-van-quan-pr679654.html,phongtro123.com,2026-07-05T15:43:50.245094+00:00,0879240000,https://pt123.cdn.static123.com/images/thumbs/450x300/fit/2025/04/18/84b861703dccc3929add_1744940772.jpg,"CC mini tại Mỗ Lao, Hà Đông, Hà Nội với diện tích 22m², 1PN, 1WC. Nội thất full xịn xò như giường, tủ, bếp. Giá thuê là 3,3 triệu VND, thời gian thuê linh hoạt từ 6 thang. Chỗ ở thoải mái, dễ chịu cho những ai đang tìm kiếm không gian riêng tư. Khu vực xung quanh. + Gần bệnh viện đa khoa 16A Hà Đông. + Bệnh viện y học cổ truyền - Bộ Công An. + Công viên hồ Trung Văn. + Vinmart. + Trường phổ thông Olympia, Trường tiểu học - Mầm non Ban Mai, Trường THCS Mỗ Lao.",,high,3.2,22.0,Hà Đông,can_ho_mini,0,0,0,0,1,0,0,0,0,0,1,4.0,0,443,0.4311618300796596,0.4312,fa0fcb4b4c559cc9e13f,9.977,0.14545454545454548
"DỌC BÚN 2 - STUDIO FULL NỘI THẤT - NGAY CHÂN TÒA THE PRIDE, NGÕ THOÁNG",3800000,25,"Phố Lê Trọng Tấn, Phường Hà Đông, Hà Nội",Hà Đông,,,"Nhà trọ 1PN, 1WC, full nội thất cực xịn. Không gian thoáng đãng, phù hợp cho cuộc sống năng động. - Giá: 3,8 triệu… - 679653",18/04/2025,https://phongtro123.com/doc-bun-2-studio-full-noi-that-ngay-chan-toa-the-pride-ngo-thoang-pr679653.html,phongtro123.com,2026-07-05T15:43:50.245094+00:00,0879240000,https://pt123.cdn.static123.com/images/thumbs/450x300/fit/2025/04/18/img-1752_1744940646.jpg,"Nhà trọ 1PN, 1WC, full nội thất cực xịn. Không gian thoáng đãng, phù hợp cho cuộc sống năng động. - Giá: 3,8 triệu VND. - Diện tích: 25m². - Nội thất đầy đủ: Giường, tủ, bàn ghế, bếp, máy lạnh. - Thời gian thuê linh hoạt từ 1 năm trở lên. Khu vực xung quanh. - Gần công viên An Hưng, công viên Thiên Văn Học. - Siêu thị Đức Thành gần đó. - Trường Quốc Tế Nhật Bản (JIS), Trường Mầm Non Tuổi Thần Tiên, Trường Tiểu Học An Hưng.",,high,3.8,25.0,Hà Đông,can_ho_mini,1,0,0,0,1,0,0,0,0,0,2,4.0,0,443,0.4311618300796596,0.4312,587ec2262c268d6e2903,9.977,0.152
KĐG MẬU LƯƠNG - STUDIO FULL NỘI THẤT - OTO ĐỖ CỬA - NGAY SÂN BÓNG ML,3600000,25,"Đường Kiến Hưng, Phường Kiến Hưng, Hà Nội",Hà Đông,,,"Căn hộ mini cho thuê với diện tích 25m², 1PN, 1WC, full nội thất. Nằm tại Mậu Lương, Kiến Hưng, Hà Đông, HN, căn… - 679629",18/04/2025,https://phongtro123.com/kdg-mau-luong-studio-full-noi-that-oto-do-cua-ngay-san-bong-ml-3-pr679629.html,phongtro123.com,2026-07-05T15:43:50.245094+00:00,0879240000,https://pt123.cdn.static123.com/images/thumbs/450x300/fit/2025/04/17/z4670935050296-6745359e8ddc0e027df42b34a89d7173_1744889801.jpg,"Căn hộ mini cho thuê với diện tích 25m², 1PN, 1WC, full nội thất. Nằm tại Mậu Lương, Kiến Hưng, Hà Đông, HN, căn hộ này cực kỳ phù hợp cho những ai thích sự tiện lợi và thoải mái. Căn hộ được trang bị đầy đủ đồ đạc như giường, tủ, bàn ghế, bếp và máy lạnh, sẵn sàng cho cuộc sống mới. Giá thuê cực mềm chỉ 3,6 triệu VND. Địa điểm tiện ích xung quanh: + Bệnh viện 09. + Bệnh viện Bỏng Quốc Gia Lê Hữu Trác. + Trường THCS Kiến Hưng. + Vinmart Xa La Hà Đông.",,high,3.6,25.0,Kiến Hưng,can_ho_mini,1,0,0,0,1,0,0,0,0,0,2,4.0,0,443,0.4311618300796596,0.4312,8a687e0fa58fac1dc95d,10.623,0.14400000000000002
"N2 MIPEC KIẾN HƯNG - GÁC XÉP FULL NỘI THẤT - NGÕ THOÁNG, OTO ĐỖ CỬA",5200000,30,"Đường Kiến Hưng, Phường Kiến Hưng, Hà Nội",Hà Đông,,,"Căn hộ mini cho thuê ở đường Kiến Hưng, p Kiến Hưng, Hà Đông, Hà Nội với diện tích 30m², 1PN, 1VS, nội thất… - 679625",17/04/2025,https://phongtro123.com/n2-mipec-kien-hung-gac-xep-full-noi-that-ngo-thoang-oto-do-cua-2-pr679625.html,phongtro123.com,2026-07-05T15:43:50.245094+00:00,0879240000,https://pt123.cdn.static123.com/images/thumbs/450x300/fit/2025/04/17/5_1744888706.png,"Căn hộ mini cho thuê ở đường Kiến Hưng, p Kiến Hưng, Hà Đông, Hà Nội với diện tích 30m², 1PN, 1VS, nội thất full. Giá chỉ 5,2 triệu VND, cực kỳ hợp lý cho một không gian sống thoải mái. Thích hợp cho những ai đang tìm kiếm một nơi riêng tư, đầy đủ tiện nghi trong khu vực Hà Đông. Thời gian thuê linh hoạt, tối thiểu 1 năm, dễ dàng cho việc định cư lâu dài. Địa điểm xung quanh. Gần bệnh viện Bỏng quốc gia Lê Hữu Trác, bệnh viện đa khoa 16A Hà Đông, Vinmart Xa La Hà Đông, các trường tiểu học và THCS Kiến Hưng.",,high,5.2,30.0,Kiến Hưng,can_ho_mini,0,0,0,0,1,1,0,0,0,0,2,4.0,0,444,0.4303438163393966,0.4303,8a687e0fa58fac1dc95d,10.623,0.17333333333333334
"N2 MIPEC KIẾN HƯNG - GÁC XÉP FULL NỘI THẤT - NGÕ THOÁNG, OTO ĐỖ CỬA",4300000,25,"Đường Kiến Hưng, Phường Kiến Hưng, Hà Nội",Hà Đông,,,"CHO THUÊ CĂN HỘ MINI – KIẾN HƯNG, HÀ ĐÔNG Căn hộ 30m², gồm 1PN – 1WC, nội thất đầy đủ, chỉ xách vali… - 679624",17/04/2025,https://phongtro123.com/n2-mipec-kien-hung-gac-xep-full-noi-that-ngo-thoang-oto-do-cua-pr679624.html,phongtro123.com,2026-07-05T15:43:50.245094+00:00,0879240000,https://pt123.cdn.static123.com/images/thumbs/450x300/fit/2025/04/17/z4950802980550-f7363613a0fc198676eab1911f56caf7_1744888548.jpg,"CHO THUÊ CĂN HỘ MINI – KIẾN HƯNG, HÀ ĐÔNG Căn hộ 30m², gồm 1PN – 1WC, nội thất đầy đủ, chỉ xách vali vào ở. Giá thuê: 4.3 triệu/tháng – Không gian sống riêng tư, tiện nghi, cực hợp lý. Vị trí: Đường Kiến Hưng, P. Kiến Hưng, Hà Đông Thời gian thuê linh hoạt – tối thiểu 1 năm Gần BV Bỏng QG, BV 16A, Vinmart Xa La, trường học các cấp Liên hệ ngay để xem nhà và giữ chỗ đẹp!",,high,4.3,25.0,Kiến Hưng,can_ho_mini,0,0,0,0,1,1,0,0,0,1,3,4.0,0,444,0.4303438163393966,0.4303,8a687e0fa58fac1dc95d,10.623,0.172
"N4 MIPEC KIẾN HƯNG - GÁC XÉP FULL NỘI THẤT - NGÕ THOÁNG, OTO ĐỖ CỬA",3800000,25,"Đường Kiến Hưng, Phường Kiến Hưng, Hà Nội",Hà Đông,,,"N4 MIPEC KIẾN HƯNG - GÁC XÉP FULL NỘI THẤT - NGÕ THOÁNG, OTO ĐỖ CỬA Đ/c: Kiến Hưng, p Kiến Hưng, Hà Đông, Hà… - 679623",17/04/2025,https://phongtro123.com/n4-mipec-kien-hung-gac-xep-full-noi-that-ngo-thoang-oto-do-cua-2-pr679623.html,phongtro123.com,2026-07-05T15:43:50.245094+00:00,0879240000,https://pt123.cdn.static123.com/images/thumbs/450x300/fit/2025/04/17/z4962882985722-7a11473f52d3067e7803cd9e2e4a5576_1744887191.jpg,"N4 MIPEC KIẾN HƯNG - GÁC XÉP FULL NỘI THẤT - NGÕ THOÁNG, OTO ĐỖ CỬA Đ/c: Kiến Hưng, p Kiến Hưng, Hà Đông, Hà Nội DT: 25m², 1PN, 1VS Full nội thất Giá chỉ 3,8 triệu VND Thời gian thuê tối thiểu 1 năm",,high,3.8,25.0,Kiến Hưng,phong_tro,0,0,0,0,1,1,0,0,0,0,2,4.0,0,444,0.4303438163393966,0.4303,8a687e0fa58fac1dc95d,10.623,0.152
Còn 1 phòng gác xép có ban công cho thuê,3800000,26,"29 ngõ 18 Đường Thanh Bình, Phường Hà Đông, Hà Nội",Hà Đông,,,"- Phòng gác xép 26m2 - Nội thất: Điều hòa, nóng lạnh, tủ quần áo, bàn bếp, tủ bếp, có ban công * Điểm nổi… - 675764",01/03/2025,https://phongtro123.com/con-1-phong-gac-xep-co-ban-cong-cho-thue-pr675764.html,phongtro123.com,2026-07-05T15:43:50.246096+00:00,0989937982,https://pt123.cdn.static123.com/images/thumbs/450x300/fit/2025/03/01/1_1740814589.jpg,"- Phòng gác xép 26m2 - Nội thất: Điều hòa, nóng lạnh, tủ quần áo, bàn bếp, tủ bếp, có ban công * Điểm nổi bật: - Hệ thống PCCC, thang thoát hiểm đầy đủ - Không chung chủ, đóng 1 cọc 1 - Để xe free tầng 1, có chỗ sạc xe điện - Gần trường bưu chính, kiến trúc, gần chợ, siêu thị,..... - Khóa vân tay, có thang máy, máy giặt chung,....",1.0,high,3.8,26.0,Hà Đông,phong_tro,1,0,1,1,0,1,1,1,0,1,7,3.0,0,491,0.3935979251226243,0.3936,35008cf0b95c3c577037,9.977,0.14615384615384613
"Chung cư mini, đủ nội thất, trang bị PCCC đạt chuẩn",3400000,20,"12 Đường Thanh Bình, Phường Hà Đông, Hà Nội",Hà Đông,,,"Thiết kế kiểu căn hộ Studio, có xép lửng. Trang bị PCCC đạt chuẩn, có thang thoát hiểm. Bố trí không gian và mặt… - 654340",02/04/2025,https://phongtro123.com/chung-cu-mini-vuon-san-thuong-thiet-ke-dep-du-noi-that-pr654340.html,phongtro123.com,2026-07-05T15:43:50.246096+00:00,0978625007,https://pt123.cdn.static123.com/images/thumbs/450x300/fit/2024/05/09/132425435-387966292429637-7424813135766765393-n_1715242015.jpg,"Thiết kế kiểu căn hộ Studio, có xép lửng. Trang bị PCCC đạt chuẩn, có thang thoát hiểm. Bố trí không gian và mặt bằng thông minh giúp tiết kiệm điện năng, tăng công năng tối ưu cũng như cảm giác thoải mái cho người sử dụng. 1.Khu vực PHÒNG NGỦ ấm cúng 2.Không gian PHÒNG KHÁCH kết hợp làm việc / học tập: 3.BẾP riêng biệt ngăn cách với khu vực ngủ, tiếp khách/ làm việc, học tập giúp tiết kiệm điện năng và ngăn mùi (tùy phòng) 4.PHÒNG VỆ SINH thông thoáng 5.BAN CÔNG hoặc Khu phơi quần áo (tùy phòng) Các không gian được thiết kế linh hoạt để bạn có thể tùy ý xếp đặt, trang trí nội thất theo gu thẩm mỹ của riêng mình. Trang thiết bị nội thất mới 100%, chất lượng và tinh tế do chủ đầu tư lựa chọn cẩn thận: -Tủ lạnh Sharp inverter 165 lít, nhập khẩu Thái Lan -Điều hòa nhiệt độ Casper -Đệm bông ép cứng bọc gấm Singapore king size (1,8 x 2m) -Tủ quần áo gỗ to, rộng -Cửa ra vào tiêu chuẩn khách sạn, chống ồn, chống cháy, có mắt thần quan sát (tùy phòng) -Kệ bếp, chậu rửa và vòi rửa kiểu dáng hiện đại. -Bình nóng lạnh, chậu rửa lavabo, gương soi, vòi sen nóng lạnh -Bồn cầu liền khối kiểu dáng hiện đại, tiết kiệm nước -Gương, tranh trang trí TIỆN ÍCH KHÁC: -VƯỜN SÂN THƯỢNG -SẢNH CHỜ tại tầng lửng -Chỗ để xe miễn phí -Máy giặt sử dụng chung -Khu chứa rác kín, riêng biệt cho tòa nhà -Internet tốc độ cao -Khóa vân tay cổng ra vào -Thang máy sử dụng thẻ từ, camera Đi bộ đến Ga đường sắt Cát Linh – Hà Đông, điểm dừng 20 tuyến xe bus, Km0 ngã tư Cầu Trắng giao 4 con phố Trần Phú, Thanh Bình, Quang Trung, Phùng Hưng. Bao quanh là nhà trẻ, trường học, siêu thị, nhà hàng, quán cà phê, hàng ăn sáng, tiệm giặt là, hiệu thuốc, vườn hoa... Gần các trường Đại học Hà Nội, ĐH Kiến trúc, Bưu chính Viễn thông, Sự Phạm Nhạc họa... Giá thuê: 3.400.000 - 4.000.000 đ/ tháng Lưu ý: -Các môi giới và chủ CCMN / phòng trọ vui lòng không liên hệ -Hình ảnh thật 100%, bao gồm các trang thiết bị liệt kê như trên. Không bao gồm một số đồ đạc cá nhân như đàn piano….",,high,3.4,20.0,Hà Đông,can_ho_mini,1,0,1,1,0,0,1,1,1,1,7,4.0,0,459,0.41825820683308923,0.4183,8af8f347ebb25a02ac57,9.977,0.16999999999999998
Cho thuê phòng cách trường Phenikaa 300m,3000000,20,"Đường Yên Nghĩa, Phường Yên Nghĩa, Hà Nội",Hà Đông,,,"Chính chủ Nhà ở khu C, cách cổng sau trường Phen 300m Nội thất giường, bàn, tủ, điều hoà, nóng lạnh, vskk Giờ… - 678258",01/04/2025,https://phongtro123.com/cho-thue-phong-cach-truong-phenikaa-300m-pr678258.html,phongtro123.com,2026-07-05T15:43:50.246096+00:00,0967626281,https://pt123.cdn.static123.com/images/thumbs/450x300/fit/2025/04/01/photo-1-2025-03-31-21-28-06_1743481620.jpg,"Chính chủ Nhà ở khu C, cách cổng sau trường Phen 300m Nội thất giường, bàn, tủ, điều hoà, nóng lạnh, vskk Giờ giấc tự do, đóng 1 cọc 1 Giá 3tr",,high,3.0,20.0,Yên Nghĩa,phong_tro,1,0,0,0,0,0,0,1,0,0,2,4.0,0,460,0.4174646742513577,0.4175,7e00eb4c0bffed578f69,13.976,0.15
Phòng đầy đủ nội thất - giá có thể lương thượng tại Khu Geleximco,3000000,30,"Phố Lê Trọng Tấn, Phường Dương Nội, Hà Nội",Hà Đông,,,"Nhà đã trang bị đầy đủ đồ đạc như giường, tủ quần áo,tủ bếp Khu vực yên tĩnh, an ninh tốt Gần các tiện… - 678236",31/03/2025,https://phongtro123.com/can-ho-mini-day-du-noi-that-gia-co-the-luong-thuong-2-pr678236.html,phongtro123.com,2026-07-05T15:43:50.246096+00:00,0945964902,https://phongtro123.com/images/thumb_default.svg,"Nhà đã trang bị đầy đủ đồ đạc như giường, tủ quần áo,tủ bếp Khu vực yên tĩnh, an ninh tốt Gần các tiện ích như siêu thị, trường học, bệnh viện, giao thông thuận tiện. Liên hệ sđt: 0945964902",,high,3.0,30.0,Dương Nội,phong_tro,0,0,0,0,1,0,0,0,0,0,1,3.0,0,461,0.41667264718451613,0.4167,8727273fb0089fbac6d8,11.461,0.1
"[CHÍNH CHỦ] Cho thuê phòng full nội thất cao cấp – Trung tâm Văn Quán, gần Đại học Kiến Trúc",4200000,35,"10 ngõ 2 Đường Nguyễn Công Trứ, Phường Hà Đông, Hà Nội",Hà Đông,,,"MIỄN PHÍ TIỀN PHÒNG THÁNG 3 [CHÍNH CHỦ] Cho thuê phòng full nội thất cao cấp – Trung tâm Văn Quán, gần Đại học… - 677360",20/03/2025,https://phongtro123.com/chinh-chu-cho-thue-phong-full-noi-that-cao-cap-trung-tam-van-quan-gan-dai-hoc-kien-truc-buu-ch-pr677360.html,phongtro123.com,2026-07-05T15:43:50.246096+00:00,0931963864,https://pt123.cdn.static123.com/images/thumbs/450x300/fit/2025/03/20/z6423353786567-5f61b7d4de3a306fb7704a8ba75369b1_1742480727.jpg,"MIỄN PHÍ TIỀN PHÒNG THÁNG 3 [CHÍNH CHỦ] Cho thuê phòng full nội thất cao cấp – Trung tâm Văn Quán, gần Đại học Kiến Trúc, Bưu Chính, Mật Mã, An Ninh Nhân Dân. Địa chỉ: 10 ngõ 2 Nguyễn Công Trứ, Phúc La, Hà Đông. ————————— Giá chỉ từ 4tr2 Nội thất đầy đủ, sang trọng: • Giường, tủ quần áo, bàn làm việc • Điều hòa, nóng lạnh, hút mùi • Kệ bếp, máy giặt riêng từng phòng Hệ thống an toàn, đạt chuẩn: • PCCC đầy đủ: báo nhiệt, báo khói, vòi rồng, bơm tăng áp • Cửa chống cháy riêng từng tầng, lối thoát hiểm tách biệt với nhà xe Dịch vụ tiện ích: • Điện: 3k8/số • Nước: 35k/m³ • Dịch vụ chung: 150k/ng (gồm thang máy, vệ sinh, rác, an ninh…) • Internet tốc độ cao: 100k/phòng • Miễn phí gửi 2 xe máy Cọc 1 đóng 1, hợp đồng linh hoạt Liên hệ xem phòng ngay: 0931963864",,high,4.2,35.0,Hà Đông,phong_tro,1,0,0,1,1,0,1,1,1,0,6,3.0,0,472,0.4080589003887739,0.4081,26af1ddafe3f40dfc6ee,9.977,0.12000000000000001
Cho thuê phòng trọ khép kín đủ đồ 33m2 - có ban công rộng,3000000,33,"Phố Nguyễn Trác, Phường Yên Nghĩa, Hà Nội",Hà Đông,,,"Cho thuê phòng trọ khép kín đủ đồ 33m2 có ban công rộng đủ đồ , khép kín ban công đông bắc rộng 5m2, toa lét 4… - 677172",18/03/2025,https://phongtro123.com/cho-thue-phong-tro-khep-kin-du-do-33m-co-ban-cong-rong-pr677172.html,phongtro123.com,2026-07-05T15:43:50.246096+00:00,0903260539,https://pt123.cdn.static123.com/images/thumbs/450x300/fit/2025/03/18/z6418756252748-d493fa15890ce218e01fcc3acaa4df7a_1742289894.jpg,"Cho thuê phòng trọ khép kín đủ đồ 33m2 có ban công rộng đủ đồ , khép kín ban công đông bắc rộng 5m2, toa lét 4 m2 có nóng lạnh trần cao có hầm xe, an ninh tốt . Giá thuê: 3 triệu/tháng LH: 0903260539",,high,3.0,33.0,Yên Nghĩa,phong_tro,0,1,1,0,0,0,0,1,0,1,4,3.0,0,474,0.4065120049157683,0.4065,eea08026e054289c617b,13.976,0.09090909090909091
"N4 MIPEC KIẾN HƯNG - GÁC XÉP FULL NỘI THẤT - NGÕ THOÁNG, OTO ĐỖ CỬA",4200000,25,"Đường Kiến Hưng, Phường Kiến Hưng, Hà Nội",Hà Đông,,,Hland Tower 151: Căn hộ dịch vụ Kiến Hưng. Hland House là đơn vị vận hành cho thuê với chất lượng sản phẩm hàng… - 676944,15/03/2025,https://phongtro123.com/n4-mipec-kien-hung-gac-xep-full-noi-that-ngo-thoang-oto-do-cua-pr676944.html,phongtro123.com,2026-07-05T15:43:50.246096+00:00,0879240000,https://pt123.cdn.static123.com/images/thumbs/450x300/fit/2025/03/15/z4950876093413-4f56e6d289155d37fd8b4efdd620b5b1_1742042534.jpg,"Hland Tower 151: Căn hộ dịch vụ Kiến Hưng. Hland House là đơn vị vận hành cho thuê với chất lượng sản phẩm hàng đầu và giá thành *** thị trường. Tower 151 ưu điểm vị trí: Gần KĐT Xala, Thanh Hà, Mậu Lương, ngõ thoáng, oto đỗ cửa,... *Căn hộ full nội thất, Giá: 4tr2 Mô tả chung Camera an ninh, khóa cổng kiểm soát vân tay, ban quản lý chuyên nghiệp Nội thất: Điều hòa, Nóng lạnh, máy giặt, tủ lạnh riêng, giường ngủ, tủ quần áo, hệ bàn tủ bếp, bàn ăn, đệm… Hợp đồng dài hạn không tăng giá, giờ giấc thoải mái, tiếp bạn bè lịch sự thoải mái Chính chủ, miễn trung gian Nhắn z.a.l.o khi cần thông tin chi tiết.",,high,4.2,25.0,Kiến Hưng,can_ho,1,0,0,0,1,1,1,1,0,0,5,3.0,0,477,0.4042026498857601,0.4042,8a687e0fa58fac1dc95d,10.623,0.168
"ĐÌA LÃO - KIẾN HƯNG - GÁC XÉP FULL NỘI THẤT - NGÕ THOÁNG, OTO ĐỖ CỬA",3700000,22,"Đường Kiến Hưng, Phường Kiến Hưng, Hà Nội",Hà Đông,,,Hland Tower 163: Căn hộ dịch vụ Kiến Hưng Hland House là đơn vị vận hành cho thuê với chất lượng sản phẩm hàng… - 676934,15/03/2025,https://phongtro123.com/dia-lao-kien-hung-gac-xep-full-noi-that-ngo-thoang-oto-do-cua-pr676934.html,phongtro123.com,2026-07-05T15:43:50.246096+00:00,0879240000,https://pt123.cdn.static123.com/images/thumbs/450x300/fit/2025/03/15/11_1742041040.png,"Hland Tower 163: Căn hộ dịch vụ Kiến Hưng Hland House là đơn vị vận hành cho thuê với chất lượng sản phẩm hàng đầu và giá thành *** thị trường. Tower 163 ưu điểm vị trí: Gần KĐT Xala, Thanh Hà, Mậu Lương, oto đỗ ngay cửa, ngõ thoáng,... *Căn hộ full nội thất, Giá: 3tr7 Mô tả chung Camera an ninh, khóa cổng kiểm soát vân tay, ban quản lý chuyên nghiệp Nội thất: Điều hòa, Nóng lạnh, máy giặt, tủ lạnh riêng, giường ngủ, tủ quần áo, hệ bàn tủ bếp, bàn ăn, đệm… Hợp đồng dài hạn không tăng giá, giờ giấc thoải mái, tiếp bạn bè lịch sự thoải mái Chính chủ, miễn trung gian Nhắn z.a.l.o khi cần thông tin chi tiết.",,high,3.7,22.0,Kiến Hưng,can_ho,1,0,0,0,1,1,1,1,0,0,5,3.0,0,477,0.4042026498857601,0.4042,8a687e0fa58fac1dc95d,10.623,0.16818181818181818
Chính chủ cho thuê siêu phẩm căn hộ mini tại Khu Mộ Lao Hà Đông. Diện tích sử dụng 38m2,4700000,38,"55/58 Đường Thanh Bình, Phường Hà Đông, Hà Nội",Hà Đông,,,"Nhà mới, phòng thoáng mát nhiều cửa sổ, ban công quá rộng, view hồ điều hòa sang công viên quá là lung linh( Mùa hè… - 676543",11/03/2025,https://phongtro123.com/chinh-chu-cho-thue-sieu-pham-can-ho-mini-tai-khu-mo-lao-ha-dong-dien-tich-su-dung-38m2-pr676543.html,phongtro123.com,2026-07-05T15:43:50.246096+00:00,0916075928,https://pt123.cdn.static123.com/images/thumbs/450x300/fit/2025/03/11/z6395933648983-3c5f91c334448ce1a50ac6da7e45dfc5_1741679673.jpg,"Nhà mới, phòng thoáng mát nhiều cửa sổ, ban công quá rộng, view hồ điều hòa sang công viên quá là lung linh( Mùa hè không cần quạt hay máy lạnh.) Trang bị: Thang máy, máy giặt, tủ lạnh, tủ quần áo rất to, tủ bếp. Khu bếp riêng với hệ thống hút mùi riêng, khu vệ sinh riêng có hệ thống hút mùi. Gác xép rộng rãi, nhà xe rộng,). Tất cả đều chưa bóc tem. An ninh: camera giám sát, khoá vân tay, giờ tự do không ở cùng chủ. Tiện ích: giữa khu sầm uất nhất quận Hà Đông, chỉ 200m đến ga tàu trên cao, trường đại học Bưu điện, an ninh, kiến trúc, Y tuệ tĩnh và các cấp trường từ mẫu giáo đến cấp 3. Gần các chợ mua bán, siệu thị và các khu vui chơi & giải trí... Tiện ích vô vàn... tránh được tắc đường khi vào trung tâm thủ đô. Giá: 4,7 đến 5,1 triệu. điện 3800/kwh. Nước 33000/m3 Ai cần Alo 0916075928",,high,4.7,38.0,Hà Đông,can_ho_mini,1,1,1,1,0,1,1,0,0,0,6,3.0,0,481,0.4011439046284056,0.4011,a8058a04adff3059ec66,9.977,0.1236842105263158
KHU C DV HOÀ BÌNH - NGAY CỔNG SAU - PHENIKAA - FULL NỘI THẤT -OTO ĐO CUA,4000000,25,"Đường Yên Nghĩa, Phường Yên Nghĩa, Hà Nội",Hà Đông,,,"Hland Tower 144 – Căn hộ dịch vụ gần ĐH Phenikaa Vị trí thuận lợi: Gần ĐH Phenikaa, ĐH Đại Nam, BX Yên Nghĩa,… - 676273",07/03/2025,https://phongtro123.com/khu-c-dv-hoa-binh-ngay-cong-sau-phenikaa-full-noi-that-oto-do-cua-pr676273.html,phongtro123.com,2026-07-05T15:43:52.798033+00:00,0879240000,https://pt123.cdn.static123.com/images/thumbs/450x300/fit/2025/03/07/z4568418009537-a358d9628a988f1c01b7bc7ca5869c17_1741317940.jpg,"Hland Tower 144 – Căn hộ dịch vụ gần ĐH Phenikaa Vị trí thuận lợi: Gần ĐH Phenikaa, ĐH Đại Nam, BX Yên Nghĩa, KCN. Giao thông thuận tiện: Ô tô đỗ cửa, không gian thoáng đãng. Căn hộ full nội thất, chỉ 4 triệu/tháng. Liên hệ ngay để biết thêm chi tiết!",,high,4.0,25.0,Yên Nghĩa,can_ho,1,0,0,0,1,0,0,0,0,0,2,3.0,0,485,0.3981083059846422,0.3981,7e00eb4c0bffed578f69,13.976,0.16
"Cho thuê tầng 1 nhà riêng, diện tích 50m2, khu vực trường Bưu Chính Viễn Thông",5000000,50,"Số 12 dãy B3 cuối ngõ 92 Đường Trần Phú, Phường Hà Đông, Hà Nội",Hà Đông,,,"Cho thuê tầng 1 nhà 50m² tại Mỗ Lao - Hà Đông. Gần các trường Học Viện An Ninh, Học Viện Bưu Chính Viễn Thông,… - 676270",07/03/2025,https://phongtro123.com/cho-thue-tang-1-nha-rieng-dien-tich-50m2-khu-vuc-truong-buu-chinh-vien-thong-pr676270.html,phongtro123.com,2026-07-05T15:43:52.798033+00:00,0946286648,https://pt123.cdn.static123.com/images/thumbs/450x300/fit/2025/03/07/1_1741314332.png,"Cho thuê tầng 1 nhà 50m² tại Mỗ Lao - Hà Đông. Gần các trường Học Viện An Ninh, Học Viện Bưu Chính Viễn Thông, Đại Học Kiến Trúc. Gần Coopmart Hà Đông, Big C Hồ Gươm Plaza, phố ẩm thực Ao Sen, Nguyễn Văn Lộc, công viên, chợ, rạp chiếu phim. Điện nước giá nhà nước. Ưu tiên nhóm sinh viên. Gia đình nhỏ. Bán hàng online. Kho hàng. Văn phòng công ty.",1.0,high,5.0,50.0,Hà Đông,phong_tro,0,0,0,0,0,0,0,0,0,0,0,3.0,0,485,0.3981083059846422,0.3981,8838315c14063a719e44,9.977,0.1
CĂN HỘ STUDIO TẠI KĐG PHÚ LƯƠNG - FULL NỘI THẤT - OTO ĐỖ CỬA - GIÁ CHỈ 3TR8,3600000,25,"Đường Phú Lương, Phường Kiến Hưng, Hà Nội",Hà Đông,,,Hland Tower 160: Căn hộ dịch vụ Phú Lương CĂN HỘ STUDIO TẠI KĐG PHÚ LƯƠNG - FULL NỘI THẤT - OTO ĐỖ CỬA - GIÁ CHỈ… - 673022,05/03/2025,https://phongtro123.com/can-ho-studio-tai-kdg-phu-luong-full-noi-that-oto-do-cua-gia-chi-3tr8-2-pr673022.html,phongtro123.com,2026-07-05T15:43:52.798033+00:00,0879240000,https://pt123.cdn.static123.com/images/thumbs/450x300/fit/2024/12/30/6_1735551168.png,"Hland Tower 160: Căn hộ dịch vụ Phú Lương CĂN HỘ STUDIO TẠI KĐG PHÚ LƯƠNG - FULL NỘI THẤT - OTO ĐỖ CỬA - GIÁ CHỈ 3TR8 Gần kđg Mậu Lương, Xala, gần trung tâm, gần chợ * Căn hộ full nội thất * Chính chủ, miễn trung gian * Nhăn z.a.l.o khi cần thông tin chi tiết.",,high,3.6,25.0,Kiến Hưng,can_ho_mini,0,0,0,0,1,0,0,0,0,0,1,3.0,0,487,0.39659913185388107,0.3966,d7c8f80e0375a7721e41,10.623,0.14400000000000002
"CHÍNH CHỦ CHO THUÊ PHÒNG KHÉP KÍN TẠI YÊN LỘ, HN",3500000,27,"20/65 Đường Yên Lộ, Phường Yên Nghĩa, Hà Nội",Hà Đông,,,CHÍNH CHỦ CHO THUÊ PHÒNG 3TR3 - 3TR4 - KDT ĐÔ NGHĨA - CÁCH PHENIKA 800M - LH: ZALO 0355514623 Phòng mới tinh - nội thất xịn… - 675356,24/02/2025,https://phongtro123.com/chinh-chu-cho-thue-phong-khep-kin-pr675356.html,phongtro123.com,2026-07-05T15:43:52.798033+00:00,0355514623,https://pt123.cdn.static123.com/images/thumbs/450x300/fit/2025/02/24/z5459286487326-bee8b69eb948d33ff323a878621475af_1740409213.jpg,"CHÍNH CHỦ CHO THUÊ PHÒNG 3TR3 - 3TR4 - KDT ĐÔ NGHĨA - CÁCH PHENIKA 800M - LH: ZALO 0355514623 Phòng mới tinh - nội thất xịn nhất quả đất Phòng Ban công 4tr2 - rộng ở 3-4 người thoải mái Phòng khép kín, ở được luôn Liên hệ trực tiếp: 0355514623",,high,3.5,27.0,Yên Nghĩa,phong_tro,0,1,1,0,0,0,0,0,0,0,2,2.0,0,496,0.3898783341633456,0.3899,d8d4f47394b5993f2b74,13.976,0.12962962962962962
CĂN HỘ MỚI NGAY GẦN KĐT XALA - FULL NỘI THẤT - BAN CÔNG THOÁNG - CÓ MÁY GIẶT RIÊNG,4200000,30,"Đường Mậu Lương, Phường Kiến Hưng, Hà Nội",Hà Đông,,,CĂN HỘ MỚI NGAY GẦN KĐT XALA - FULL NỘI THẤT - BAN CÔNG THOÁNG - CÓ MÁY GIẶT RIÊNG Hland Tower 132: Căn hộ dịch vụ… - 671310,24/02/2025,https://phongtro123.com/can-ho-moi-ngay-gan-kdt-xala-full-noi-that-ban-cong-thoang-co-may-giat-rieng-pr671310.html,phongtro123.com,2026-07-05T15:43:52.798033+00:00,0879240000,https://pt123.cdn.static123.com/images/thumbs/450x300/fit/2024/12/05/7629a53d79d2b7c52bfd530f8d53c896_1733369193.jpg,"CĂN HỘ MỚI NGAY GẦN KĐT XALA - FULL NỘI THẤT - BAN CÔNG THOÁNG - CÓ MÁY GIẶT RIÊNG Hland Tower 132: Căn hộ dịch vụ Xala Gần Xala, gần chợ, gần trung tâm,... Giá: 4tr2 * Nội thất: Điều hòa, Nóng lạnh, máy giặt, tủ lạnh riêng, giường ngủ, tủ quần áo, hệ bàn tủ bếp, bàn ăn, đệm… * Chính chủ, miễn trung gian",,high,4.2,30.0,Kiến Hưng,can_ho,1,0,1,0,1,0,1,1,0,0,5,2.0,0,496,0.3898783341633456,0.3899,c0cf5ef2f918c88fec5b,10.623,0.14
"Cho thuê căn hộ tầng 2, diện tích 55 m2 khép kín, có đầy đủ tiện nghi",3200000,55,"11 Đường Hà Trì, Phường Hà Đông, Hà Nội",Hà Đông,,,"Cho thuê căn hộ tầng 2, tại số nhà 11, ngõ 6 Hà Trì 2, Đường Hà Trì, phường Hà Cầu, Hà Đông, Hà Nội. diện… - 675130",21/02/2025,https://phongtro123.com/cho-thue-can-ho-tang-2-dien-tich-55-m2-khep-kin-co-day-du-tien-nghi-pr675130.html,phongtro123.com,2026-07-05T15:43:52.798033+00:00,0913075453,https://pt123.cdn.static123.com/images/thumbs/450x300/fit/2025/02/21/z6339332368437-9cb81bd5c2743ae80d0ef97506fa344f_1740132181.jpg,"Cho thuê căn hộ tầng 2, tại số nhà 11, ngõ 6 Hà Trì 2, Đường Hà Trì, phường Hà Cầu, Hà Đông, Hà Nội. diện tích 55 m2 có đầy đủ tiện nghi Giá cho thuê: 3.200.000 đ/tháng Mọi chi tiết xin liên hệ: 0913075453",2.0,high,3.2,55.0,Hà Đông,can_ho,0,1,0,0,0,0,0,0,0,0,1,2.0,0,499,0.38766347339366697,0.3877,af7042dd1b2646a6927f,9.977,0.05818181818181818
"Cho thuê tầng 3, có 2 phòng nội thất cơ bản - 749 Đường Quang Trung",2500000,18,"749 Đường Quang Trung, Hà Nội",Hà Đông,,,"Cho thuê tầng 3, có 2 phòng nội thất cơ bản - 749 Đường Quang Trung, Phường Phú La, Quận Hà Đông, Hà Nội Nhà 2… - 673946",05/02/2025,https://phongtro123.com/cho-thue-t3-2-phong-noi-that-co-ban-pr673946.html,phongtro123.com,2026-07-05T15:43:52.798033+00:00,0989810015,https://phongtro123.com/images/thumb_default.svg,"Cho thuê tầng 3, có 2 phòng nội thất cơ bản - 749 Đường Quang Trung, Phường Phú La, Quận Hà Đông, Hà Nội Nhà 2 mặt tiền thoáng Nhà để trống t3 Gần chợ. Gần bus Giá 2tr5 Liên hệ: 0989810015",3.0,high,2.5,18.0,unknown,phong_tro,0,0,0,0,0,0,0,0,0,0,0,2.0,0,515,0.3760616499989464,0.3761,757a3b6cf17875e72776,9.977,0.1388888888888889
Chỉ còn 3 phòng trọ khép kín mới hoàn thiện Sđt: 0364586564 - (bác) Sơn,3100000,23,"Ngõ 10 Đường Yên Phúc, Phường Hà Đông, Hà Nội",Hà Đông,,,"Phòng trọ khép kín vừa hoàn thiện xong cho thuê tại số 5 Ngõ 10, Yên Phúc, Phúc La, Hà Đông - ngõ rộng sạch sẽ, chưa… - 673930",04/02/2025,https://phongtro123.com/chi-con-3-phong-tro-khep-kin-moi-hoan-thien-sdt-0364586564-pr673930.html,phongtro123.com,2026-07-05T15:43:52.798033+00:00,0983217869,https://pt123.cdn.static123.com/images/thumbs/450x300/fit/2025/02/04/img-1381_1738658718.jpg,"Phòng trọ khép kín vừa hoàn thiện xong cho thuê tại số 5 Ngõ 10, Yên Phúc, Phúc La, Hà Đông - ngõ rộng sạch sẽ, chưa đến 1 phút đi bằng xe máy là ra mặt đường Nguyễn Khuyến, cách hồ Văn Quán chưa đến 1 km. - Diện tích: 20 - 25 m2 - Giá: 3.1tr/tháng - Có cửa sổ, không gian phía trước phòng thoáng - Có thang máy, điều hòa, máy nóng lạnh, giường, chỗ nấu ăn, có máy giặt, sân phơi quần áo rộng thoáng mát - Có đồng hồ nước và đồng hộ điện riêng theo phòng - Có wifi - Có chỗ để xe miễn phí rộng rãi và camara giám sát an ninh nhà trọ - Không ở cùng chủ, giờ mở cửa từ 5:00 sáng đến 11:00 tối (về muộn thông báo trước cho chủ nhà) Nhanh tay liên hệ chủ nhà theo số điện thoại 0364586564 - (bác) Sơn. KHÔNG LÀM VIỆC QUA MÔI GIỚI.",,high,3.1,23.0,Hà Đông,phong_tro,1,1,0,1,0,0,1,1,1,1,7,2.0,0,516,0.3753481740476354,0.3753,548b48a58da455555723,9.977,0.13478260869565217
Còn tầng 2 trong nhà nguyên căn 5 tầng.,3000000,30,"Phố Xốm, Hà Nội",Hà Đông,,,"Còn tầng 2 trong nhà nguyên căn 5 tầng. Đ/c: Tổ 12 xóm Đoàn kết Trinh Lương, Phố Xốm, Phường Phú Lương, Quận Hà… - 673472",11/01/2025,https://phongtro123.com/con-tang-2-trong-nha-nguyen-can-5-tang-pr673472.html,phongtro123.com,2026-07-05T15:43:52.798033+00:00,0971603841,https://pt123.cdn.static123.com/images/thumbs/450x300/fit/2025/01/11/1000000365_1736542291.jpg,"Còn tầng 2 trong nhà nguyên căn 5 tầng. Đ/c: Tổ 12 xóm Đoàn kết Trinh Lương, Phố Xốm, Phường Phú Lương, Quận Hà Đông, Hà Nội Đủ đồ: tủ lạnh, đh, nl, máy giặt, ban công Điện. 3k2. Nước: 10k/khối Wifi: 100k/phòng Rác: 10k/người Liên hệ: 0971603841",2.0,high,3.0,30.0,unknown,nha_nguyen_can,1,0,1,0,0,0,1,0,1,0,4,1.0,0,540,0.35862499430724726,0.3586,da1369532e12fac44226,9.977,0.1
"Cho Căn hộ STUDIO Full nội thất chính chủ, mới hoàn thiện",4000000,38,"Phố Lê Trọng Tấn, Phường Dương Nội, Hà Nội",Hà Đông,,,"Vị trí H02-L12 Villa: Dương Nội. Gần Aeon Hà Đông, gần trung tâm, gần chợ,... Đầy đủ nội thất, có nhà WC khép… - 673552",13/01/2025,https://phongtro123.com/cho-can-ho-studio-full-noi-that-chinh-chu-moi-hoan-thien-pr673552.html,phongtro123.com,2026-07-05T15:43:52.799037+00:00,0386918896,https://pt123.cdn.static123.com/images/thumbs/450x300/fit/2025/01/13/z6148432434879-33879b2058f47536280e17ee03dcd2ff_1736746876.jpg,"Vị trí H02-L12 Villa: Dương Nội. Gần Aeon Hà Đông, gần trung tâm, gần chợ,... Đầy đủ nội thất, có nhà WC khép kín Giá: 4triệu/tháng * Camera an ninh, cổng vân tay * NT: Điều hòa, Nóng lạnh, máy giặt, tủ lạnh riêng, giường ngủ, tủ quần áo, hệ bàn tủ bếp, bàn ăn, ... * HĐ dài hạn không tăng giá * Chính chủ, miễn trung gian",,high,4.0,38.0,Dương Nội,can_ho_mini,1,1,0,0,1,0,1,1,0,0,5,1.0,0,538,0.3599896658876486,0.36,8727273fb0089fbac6d8,11.461,0.10526315789473684
CĂN HỘ MỚI NGAY SAU ĐH PHENIKKA - FULL NỘI THẤT - OTO ĐỖ CỬA,3800000,25,"Đường Trưng Trắc, Phường Yên Nghĩa, Hà Nội",Hà Đông,,,"Hland Tower 154: Căn hộ dịch vụ Phenikaa CĂN HỘ MỚI NGAY SAU ĐH PHENIKKA - FULL NỘI THẤT - OTO ĐỖ CỬA Gần Phenikaa,… - 672979",30/12/2024,https://phongtro123.com/can-ho-moi-ngay-sau-dh-phenikka-full-noi-that-oto-do-cua-2-pr672979.html,phongtro123.com,2026-07-05T15:43:52.799037+00:00,879240001,https://pt123.cdn.static123.com/images/thumbs/450x300/fit/2024/12/30/z5023198849969-ba74a7a4f4c635c1841b55e67ffa4403_1735526673.jpg,"Hland Tower 154: Căn hộ dịch vụ Phenikaa CĂN HỘ MỚI NGAY SAU ĐH PHENIKKA - FULL NỘI THẤT - OTO ĐỖ CỬA Gần Phenikaa, Đại Nam, gần trung tâm,... Giá: 3tr8 KDC an ninh Có Điều hòa, Nóng lạnh, máy giặt, tủ lạnh riêng, giường ngủ, tủ quần áo, hệ bàn tủ bếp, bàn ăn, đệm... Gọi 0879240000 đi thuê ngay",,high,3.8,25.0,Yên Nghĩa,can_ho,1,0,0,0,1,0,1,1,0,0,4,12.0,0,552,0.3505449199776684,0.3505,d66935aba30893c01fe2,13.976,0.152
"CCMN mới xây, 123 Yên Xá, đầy đủ đồ, thang máy hiện đại",3000000,28,"Đường Chiến Thắng, Phường Hà Đông, Hà Nội",Hà Đông,,,"trống 1 phòng đẹp phòng rộng có gác xép. rộng 28m2 Nội thất : Điều hòa, nóng lạnh, tủ bếp trên dưới, tủ… - 646391",10/12/2024,https://phongtro123.com/ccmn-moi-xay-123-yen-xa-day-du-do-thang-may-hien-dai-pr646391.html,phongtro123.com,2026-07-05T15:43:52.799037+00:00,0922387111,https://pt123.cdn.static123.com/images/thumbs/450x300/fit/2024/12/10/z5486680261900-a8fa0939a26f8497463170acce53ec0d_1733815637.jpg,"trống 1 phòng đẹp phòng rộng có gác xép. rộng 28m2 Nội thất : Điều hòa, nóng lạnh, tủ bếp trên dưới, tủ lạnh, máy giặt chung Ngoại thất : Thang máy, Cửa từ vân tay, camera thông minh, full hệ thống PCCC (an tâm tuyệt đối )",,high,3.0,28.0,Hà Đông,can_ho_mini,1,0,0,1,0,1,1,1,0,0,5,12.0,0,572,0.33748065513218883,0.3375,8157d94add72c92c0ff3,9.977,0.10714285714285714
"Phòng Trọ Cho Thuê tầng 3, tầng 4 - Đường 6, Biên Giang, Hà Đông, Hà Nội",2100000,32,"Đường An Thắng, Phường Chương Mỹ, Hà Nội",Hà Đông,,,"Cho thuê nhà trọ ở Đường 6, Biên Giang, Hà Đông, Hà Nội, 2,1 triệu, 32 m² uy tín hot. Nhà trọ cho thuê tại Đường… - 671456",06/12/2024,https://phongtro123.com/phong-tro-cho-thue-tang-3-tang-4-2-pr671456.html,phongtro123.com,2026-07-05T15:43:52.799037+00:00,0337277682,https://pt123.cdn.static123.com/images/thumbs/450x300/fit/2024/12/06/469228985-8408051902637904-6783933274290767997-n_1733488748.jpg,"Cho thuê nhà trọ ở Đường 6, Biên Giang, Hà Đông, Hà Nội, 2,1 triệu, 32 m² uy tín hot. Nhà trọ cho thuê tại Đường 6, Phường Biên Giang, Hà Đông, Hà Nội, với diện tích 32 m². Bất động sản này có thiết kế hiện đại với 2 phòng ngủ và 2 toilet, rất phù hợp cho gia đình nhỏ hoặc nhóm bạn. Giá thuê chỉ 2,1 triệu VND, đây là cơ hội tốt để sở hữu một chỗ ở lý tưởng trong khu vực phát triển. Địa điểm tiện ích xung quanh: - Gần siêu thị Lan Chi Chúc Sơn, thuận tiện cho việc mua sắm hàng ngày.",,high,2.1,32.0,Chương Mỹ,phong_tro,0,0,0,0,0,0,0,0,0,0,0,12.0,0,576,0.3349268189472301,0.3349,ac742b55766a54648c43,9.977,0.065625
CĂN HỘ NGAY GẦN SP NGHỆ THUẬT TRUNG ƯƠNG - FULL NỘI THẤT - GẦN GA PHÙNG KHOANG,3500000,22,"Đường Trần Phú, Hà Nội",Hà Đông,,,"Hland Tower 114: Căn hộ dịch vụ Trần Phú Gần Bệnh viện 103, Học viện bưu chính viễn thông, hồ Văn Quán, SPNT Trung… - 671183",03/12/2024,https://phongtro123.com/can-ho-ngay-gan-sp-nghe-thuat-trung-uong-full-noi-that-gan-ga-phung-khoang-pr671183.html,phongtro123.com,2026-07-05T15:43:52.799037+00:00,0879240000,https://pt123.cdn.static123.com/images/thumbs/450x300/fit/2024/12/03/14_1733231010.png,"Hland Tower 114: Căn hộ dịch vụ Trần Phú Gần Bệnh viện 103, Học viện bưu chính viễn thông, hồ Văn Quán, SPNT Trung Ương Căn hộ có nội thất full Giá: 3tr5 Có camera an ninh, cổng vân tay Không tăng giá, kí HĐ dài hạn * Chính chủ, miễn trung gian: 0879240000 * Nhắn z.a.l.o khi cần thông tin chi tiết.",,high,3.5,22.0,unknown,can_ho,0,0,0,0,1,0,0,0,0,0,1,12.0,0,579,0.33302413237299044,0.333,3401a7346a98ee7fdeca,9.977,0.1590909090909091
CĂN HỘ STUDIO NGAY GẦN BỆNH VIỆN K - FULL NỘI THẤT - NGAY GẦN XALA,4200000,25,"Đường Mậu Lương, Phường Kiến Hưng, Hà Nội",Hà Đông,,,CĂN HỘ STUDIO NGAY GẦN BỆNH VIỆN K - FULL NỘI THẤT - NGAY GẦN XALA Hland Tower 132: Căn hộ dịch vụ Xala Tình trạng nt:… - 671172,03/12/2024,https://phongtro123.com/can-ho-studio-ngay-gan-benh-vien-k-full-noi-that-ngay-gan-xala-pr671172.html,phongtro123.com,2026-07-05T15:43:52.799037+00:00,0879240000,https://pt123.cdn.static123.com/images/thumbs/450x300/fit/2024/12/03/7629a53d79d2b7c52bfd530f8d53c896_1733223848.jpg,"CĂN HỘ STUDIO NGAY GẦN BỆNH VIỆN K - FULL NỘI THẤT - NGAY GẦN XALA Hland Tower 132: Căn hộ dịch vụ Xala Tình trạng nt: đầy đủ Giá: 4tr2KDC an ninh, giờ giấc tự do Không tăng giá suốt HĐ LH 0879240000 gặp Ngọc Châu",,high,4.2,25.0,Kiến Hưng,can_ho_mini,0,0,0,0,1,0,0,0,0,0,1,12.0,0,579,0.33302413237299044,0.333,c0cf5ef2f918c88fec5b,10.623,0.168
"Cho thuê căn hộ, phòng trọ Nguyễn Khuyến, Hà Đông, Thanh Trì",3500000,25,"Đường Nguyễn Khuyến, Phường Hà Đông, Hà Nội",Hà Đông,,,"Hệ thống cho thuê căn hộ Hà Đông, Thanh Trì, hà Nội  Đa dạng loại phòng, căn hộ, kiểu thiết kế 1PN 1PK, căn hộ… - 650458",29/11/2024,https://phongtro123.com/cho-thue-can-ho-phong-tro-ha-dong-thanh-tri-pr650458.html,phongtro123.com,2026-07-05T15:43:52.799037+00:00,0879240000,https://pt123.cdn.static123.com/images/thumbs/450x300/fit/2024/03/27/3f92fd94-adcb-46e4-abeb-06f9f5b482ef_1711514224.png,"Hệ thống cho thuê căn hộ Hà Đông, Thanh Trì, hà Nội Đa dạng loại phòng, căn hộ, kiểu thiết kế 1PN 1PK, căn hộ studio, gác xép,... có sẵn đầy đủ nội thất Giá cực hot, siêu ưu đãi từ 3 triệu đến 4 triệu Tất cả đều trang bị nội thất tiêu chuẩn bao gồm: Điều hoà, nóng lạnh, Tủ lạnh riêng, máy giặt, Giường, tủ q.ao, bàn ăn, đệm, tủ giày … khoá cổng vân tay… Hland House cam kết ảnh thật, dịch vụ vận hành chuyên nghiệp - Yên Xá, Triều Khúc - Linh Đàm - Đường Kim Giang - Cầu Tó - Đường Phan Trọng Tuệ - Phố Xala, Mậu Lương, Mipec - Văn Quán - Đường Trần Phú - Đường Nguyễn Khuyến - Mộ Lao - Đường Thanh Binh - Đường Vũ Trọng Khánh - Nguyễn Văn Lộc - Bà Triệu - Đường Bà Triệu - Đường Phùng Hưng - Yen Nghĩa - ĐH Phenika - ĐH Đại Nam - Bala - Dương Nội - The Pride - Aeon - Cầu Giấy - Đường Nguyễn Khang - Đống Đa - Đường Yên Lãng Liên hệ chuyên viên tư vấn 0879240000 hoặc ib z.a.l.o khi cần chi tiết",,high,3.5,25.0,Hà Đông,can_ho_mini,1,0,0,0,1,1,1,1,0,0,5,11.0,0,583,0.33050402028127523,0.3305,7dfece0e826334db7bef,9.977,0.14
"Chính chủ cho thuê phòng trọ Văn Quán 30m, 4 triệu",4000000,30,"45B ngõ 22 Dương Lâm Đường Dương Lâm, Phường Hà Đông, Hà Nội",Hà Đông,,,"Mình còn 1 phòng duy nhất cho thuê T4 mới đẹp, vệ sinh khép kín trung tâm Hà Đông, gần hồ Văn Quán 30m2, ở 2 3 người… - 670215",20/11/2024,https://phongtro123.com/chinh-chu-cho-thue-phong-tro-van-quan-30m-4-trieu-pr670215.html,phongtro123.com,2026-07-05T15:43:52.799037+00:00,0917023332,https://pt123.cdn.static123.com/images/thumbs/450x300/fit/2024/11/20/anh-nha-1_1732094179.jpg,"Mình còn 1 phòng duy nhất cho thuê T4 mới đẹp, vệ sinh khép kín trung tâm Hà Đông, gần hồ Văn Quán 30m2, ở 2 3 người thoải mái. + Phòng vệ sinh khép kín, full đồ giường tủ, nóng lạnh, điều hòa, bếp từ chỉ dọn về ở. + giá rẻ chỉ 3.8 triệu/tháng (đóng 1 tháng cọc 1), điện giá dân, nước 100k/người, (mạng, vệ sinh, điện chung) 150k/ người, free để xe T1. + Liên hệ chính chủ zalo a Huy (0917023332), nhắn tin zalo trong giờ hành chính.",,high,4.0,30.0,Hà Đông,phong_tro,1,1,0,0,1,0,0,1,1,1,6,11.0,0,592,0.3249032751514612,0.3249,9c32acae9ba2c1a46f26,9.977,0.13333333333333333
"Phòng trọ quang trung, ngô thì nhậm hà đông",3400000,20,"16 Đường Trần Đăng Ninh, Phường Hà Đông, Hà Nội",Hà Đông,,,"Còn 01 phòng khép kín tại Cầu Đơ - Ngô Thì Nhậm vào ở được luôn Địa chỉ: 16 trần đăng ninh, hà đông, phòng… - 638308",18/11/2024,https://phongtro123.com/phong-tro-quang-trung-ngo-thi-nham-ha-dong-pr638308.html,phongtro123.com,2026-07-05T15:43:52.799037+00:00,0888066348,https://pt123.cdn.static123.com/images/thumbs/450x300/fit/2024/11/18/z4635695358964-31949e38f568bc5ba06a4a5b8275a92c_1731920259.jpg,"Còn 01 phòng khép kín tại Cầu Đơ - Ngô Thì Nhậm vào ở được luôn Địa chỉ: 16 trần đăng ninh, hà đông, phòng nhỏ chỉ từ 3tr1 ___________________ Diện tích: 20m Điều hoà , giường, tủ, nóng lạnh, kệ bếp, máy giặt chung,..... Vệ sinh khép kín - Không chung chủ, có ban công Free để xe tầng 1 Thuận tiện đi lại các tuyến đường trung tâm: Quang Trung - Nguyễn Trãi - Lê Trọng Tấn -Ba La,..... -giá 3tr4",1.0,high,3.4,20.0,Hà Đông,phong_tro,1,1,1,0,0,0,1,1,0,1,6,11.0,0,594,0.32367161127887406,0.3237,50eb417c67e71868a73d,9.977,0.16999999999999998
"Cho thuê phòng trọ Đang trống phòng tầng 4, cho khách nữ thuê",3000000,20,"số 6 ngõ 1 Đường Yên Lộ, Phường Yên Nghĩa, Hà Nội",Hà Đông,,,"Địa Chỉ: Yên Lộ, Hà Đông ( đi hết đường Tố Hữu- cách Đh Phenikaa 1,5km ) Đang trống phòng tầng 4, cho khách… - 669649",13/11/2024,https://phongtro123.com/cho-thue-phong-tro-dang-trong-phong-tang-4-cho-khach-nu-thue-pr669649.html,phongtro123.com,2026-07-05T15:43:52.799037+00:00,0786672694,https://pt123.cdn.static123.com/images/thumbs/450x300/fit/2024/11/13/z6028070543145-55b8a59a77c97d32052f3daa1a6cc18f_1731481003.jpg,"Địa Chỉ: Yên Lộ, Hà Đông ( đi hết đường Tố Hữu- cách Đh Phenikaa 1,5km ) Đang trống phòng tầng 4, cho khách nữ thuê Giá 3tr có thương lượng Cửa sổ lớn Phòng rộng , nhà wc chung 2 phòng Diện tích 20m2 Nội thất Điều hòa, Nóng lạnh Giường - Tủ quần áo Bàn bếp, Kệ bếp, Tủ bếp dưới tầng 1. Wifi riêng, máy giặt chung Giờ giấc tự do 24/24 Phơi đồ tại sân thượng thoáng mát rộng rãi Tiện ích Cách đại học Phenikaa 1,5 km Gần kdt Đô Nghĩa 1 phòng ở được tối đa 3 người, 2 xe máy sdt lh: 0786672694",4.0,high,3.0,20.0,Yên Nghĩa,phong_tro,1,0,0,0,0,0,1,1,1,0,4,11.0,0,599,0.3206128400754613,0.3206,ac9e66221497257f134d,13.976,0.15
"Homestay nhà đẹp thang máy 112 Tố Hữu, Hà Đông 1tr550k bao đnc",1500000,25,"112 Đường Tố Hữu, Phường Hà Đông, Hà Nội",Hà Đông,,,Cọc 1 - Thanh toán 1 Xem phòng liên hệ trực tiếp chính chủ: 112 Tố Hữu - La Khê Homestay được trang bị full… - 668387,28/10/2024,https://phongtro123.com/homestay-nha-dep-thang-may-112-to-huu-ha-dong-1tr550k-bao-dnc-pr668387.html,phongtro123.com,2026-07-05T15:43:52.799037+00:00,0865825916,https://pt123.cdn.static123.com/images/thumbs/450x300/fit/2024/10/28/1000004884_1730130590.jpg,"Cọc 1 - Thanh toán 1 Xem phòng liên hệ trực tiếp chính chủ: 112 Tố Hữu - La Khê Homestay được trang bị full tiện ích, chỉ cần mang vali đến và ở. Homestay có đầy đủ tiện nghi, không cần phải sắm đồ. Có sân chill dùng trà, cafe free Giường có rèm, Không gian riêng ,Tủ riêng, Bàn làm việc, Tủ giày, Sofa... Giờ giấc thoải mái, khoá vân tay, KHÔNG CHUNG CHỦ. INTERNET với đường truyền tốc độ cao Khu BẾP hiện đại đầy đủ: Bếp, nồi, bát, đĩa,… Free sử dụng TỦ LẠNH, MÁY GIẶT, NÓNG LẠNH,ĐIỀU HÒA, TIVI. Free người DỌN DẸP phòng định kỳ hàng tuần… Có CAMERA giám sát tại phòng khách đảm bảo AN NINH tuyệt đối. Giờ giấc thoải mái, không chung chủ. Chính chủ xem phòng miễn phí 0865.825.916",,high,1.5,25.0,Hà Đông,phong_tro,1,0,0,1,0,0,0,1,1,0,4,10.0,0,615,0.3110176787978911,0.311,abd295cacfbcfafbff2c,9.977,0.06
Phòng ghép Trần Phú Hà Đông xịn sò tiện nghi Homestay 1tr5 đnc chia,1800000,25,"97 Đường Trần Phú, Phường Hà Đông, Hà Nội",Hà Đông,,,"Giờ giấc tự do 24/24 Giường có rèm che riêng tư, chăn ga gối đệm, tủ quần áo, tủ để đồ cá nhân từng… - 653146",28/10/2024,https://phongtro123.com/phong-ghep-xin-so-tien-nghi-homestay-97-tran-phu-ha-dong-1tr7-bao-dnc-pr653146.html,phongtro123.com,2026-07-05T15:43:55.316129+00:00,0865825916,https://pt123.cdn.static123.com/images/thumbs/450x300/fit/2024/04/22/428614314-1448355479140058-1686344384170771537-n_1713793279.jpg,"Giờ giấc tự do 24/24 Giường có rèm che riêng tư, chăn ga gối đệm, tủ quần áo, tủ để đồ cá nhân từng giường, bàn học, VỆ SINH KHÉP KÍN ... Điều hoà, nóng lạnh, quạt trần, quạt cây, máy giặt… Không gian nấu ăn riêng không sợ ám mùi trong phòng với đầy đủ thiết bị và dụng cụ: bếp từ, xoong nồi, bát đĩa, lò vi sóng, nồi cơm, ấm siêu tốc, máy lọc nước… Cửa vân tay, thẻ từ ra vào… an ninh tuyệt đối ️ FREE điện nước không gian sinh hoạt chung, hành lang ..️ ️ FREE dịch vụ dọn phòng hàng tuần ️ FREE phí vệ sinh môi trường ️ FREE Wifi tốc độ cao ️0865.825.916 chính chủ",,high,1.8,25.0,Hà Đông,phong_tro,1,1,0,0,0,0,1,1,1,0,5,10.0,0,615,0.3110176787978911,0.311,ec3e89d024d324fa0f2c,9.977,0.07200000000000001
"Ở ghép tiện nghi Homestay ghép 4 Quang Trung, Trần Phú Hà Đông",1650000,20,"2 Đường Quang Trung, Hà Nội",Hà Đông,,,"66 Nhuệ Giang Bưu điện Hà Đông rẽ vào * Full nội thất: Điều hoà, Tủ lạnh, Máy giặt , phòng bếp , nhà vs .… - 668067",24/10/2024,https://phongtro123.com/homestay-ghep-4-tran-phu-quang-trung-ha-dong-pr668067.html,phongtro123.com,2026-07-05T15:43:55.316129+00:00,0865825916,https://pt123.cdn.static123.com/images/thumbs/450x300/fit/2024/10/24/1000004916_1729760473.jpg,"66 Nhuệ Giang Bưu điện Hà Đông rẽ vào * Full nội thất: Điều hoà, Tủ lạnh, Máy giặt , phòng bếp , nhà vs . Vv... * An ninh đảm bảo * Wifi đường chuyền chất lượng cao * Không gian chill thoáng đãng * Giờ giấc tự do , không chung chủ * Hệ thống giường ngủ chất lượng Các bạn chỉ cần mang đồ cá nhân qua là có thể ở . MỚI SETUP Các cơ sở Với các hệ thống khu vực Văn Quán - Hà Đông Phòng ở từ 4-6 người Giá 1tr65k bao đnc Slot không còn nhiều các bạn nhanh tay nhé. inbox zalo chính chủ 0865.825.916",,high,1.65,20.0,unknown,o_ghep,1,0,0,0,1,0,1,0,1,0,4,10.0,0,619,0.3086640973697503,0.3087,6146c862726273ed833f,9.977,0.08249999999999999
Cho thuê phòng trọ tại ngõ 143 đường Chiến Thắng,2300000,18,"Ngõ 143 Đường Chiến Thắng, Phường Hà Đông, Hà Nội",Hà Đông,,,"Cho thuê phòng tại khu tập thể C4, Học Viện Kỹ Thuật Mật Mã, ngõ 143 - đường Chiến Thắng, Hà Nội. Phòng đẹp… - 666709",10/10/2024,https://phongtro123.com/cho-thue-phong-tro-tai-ngo-143-duong-chien-thang-pr666709.html,phongtro123.com,2026-07-05T15:43:55.316129+00:00,0984574787,https://phongtro123.com/images/thumb_default.svg,"Cho thuê phòng tại khu tập thể C4, Học Viện Kỹ Thuật Mật Mã, ngõ 143 - đường Chiến Thắng, Hà Nội. Phòng đẹp thoáng mát, có mạng, có chỗ nấu ăn, có chỗ để xe tầng 1. DT phòng: Khoảng 18m2, điện nước, nóng lạnh, điều hòa đầy đủ.. Giá thỏa thuận Liên hệ chị Thúy 0915863928.",1.0,high,2.3,18.0,Hà Đông,phong_tro,1,0,0,0,0,0,0,1,1,1,4,10.0,0,633,0.30056593720728464,0.3006,b598f577b343ee56e7ea,9.977,0.12777777777777777
"Tìm bạn ở ghép KĐT Văn Quán, Hà Đông 1tr5 bao đnc",1500000,25,"112 Đường Nguyễn Khuyến, Phường Hà Đông, Hà Nội",Hà Đông,,,"Nhà mới xây theo phong cách hiện đại, nội thất đầy đủ mới tinh khách chỉ việc vào ở, đã bao gồm: Điều hòa,… - 654003",29/09/2024,https://phongtro123.com/tim-ban-o-ghep-kdt-van-quan-ha-dong-1tr5-bao-dnc-pr654003.html,phongtro123.com,2026-07-05T15:43:55.316129+00:00,0865825916,https://pt123.cdn.static123.com/images/thumbs/450x300/fit/2024/05/05/download-1714913440060_1714913830.jpg,"Nhà mới xây theo phong cách hiện đại, nội thất đầy đủ mới tinh khách chỉ việc vào ở, đã bao gồm: Điều hòa, tủ lạnh, máy giặt, bếp từ, giường tủ, wifi, rất phù hợp cho người đi học hoặc đi làm chưa muốn mua sắm nội thất riêng. DT 25m². Ban công rộng thoáng view đẹp và luôn ngập tràn ánh sáng tự nhiên. 0865825916 Lên xuống thang máy nhẹ nhàng và ra vào bằng khóa vân tay tự do an toàn. Giá thuê đã bao gồm nội thất và phí dịch vụ. Lhe ngay 0865.825.916 để được hỗ trợ miễn phí",,high,1.5,25.0,Hà Đông,o_ghep,1,0,1,1,1,0,1,0,1,0,6,9.0,0,644,0.2943524290828071,0.2944,d328bfb02e802d7874ee,9.977,0.06
"Thuê Phòng trọ, có ưu đãi, liên hệ để biết chi tiết",3000000,16,"11 Ngách 46 Đường số 19/5, Phường Hà Đông, Hà Nội",Hà Đông,,,"Còn 01 phòng trọ duy nhất, vệ sinh khép kín tại ngõ 146 đường 19/5 Văn quán Hà Đông. Đồ cơ bản gồm điều hoà,… - 663324",26/09/2024,https://phongtro123.com/phong-tro-khu-van-quan-ha-dong-pr663324.html,phongtro123.com,2026-07-05T15:43:55.316129+00:00,0911912662,https://pt123.cdn.static123.com/images/thumbs/450x300/fit/2024/08/27/img-20240826-213628_1724742246.jpg,"Còn 01 phòng trọ duy nhất, vệ sinh khép kín tại ngõ 146 đường 19/5 Văn quán Hà Đông. Đồ cơ bản gồm điều hoà, nóng lạnh, giường, tủ, bàn, bàn bếp, trạn bát, có gác xép có thể ngủ, đứng, đi lại thoải mái. Sân để xe rộng rãi thoáng mát. Giá thuê từ 3 triệu/tháng. Điện, nước, wifi, camera an ninh. Địa chỉ số 46, ngõ 146 đường 19/5 Văn Quán.",,high,3.0,16.0,Hà Đông,phong_tro,1,1,0,0,0,1,0,1,1,1,6,9.0,0,647,0.29268024165789114,0.2927,8119b3bdc3a126309408,9.977,0.1875
Cc Hồ Gươm plaza bao đnc Homestay ở ghép 1tr7 bao đnc,1700000,25,"Đường Trần Phú, Phường Hà Đông, Hà Nội",Hà Đông,,,"Phòng trang bị sẵn kệ dép, điều hòa, tủ lạnh, bếp, máy giặt, dụng cụ nấu, chăn ga gối đệm Phòng ở ghép… - 649915",22/09/2024,https://phongtro123.com/chung-cu-ho-guom-plaza-1tr7-bao-dnc-homestay-o-ghep-pr649915.html,phongtro123.com,2026-07-05T15:43:55.316129+00:00,0865825916,https://pt123.cdn.static123.com/images/thumbs/450x300/fit/2024/08/13/1000002201_1723550177.jpg,"Phòng trang bị sẵn kệ dép, điều hòa, tủ lạnh, bếp, máy giặt, dụng cụ nấu, chăn ga gối đệm Phòng ở ghép khoảng 4 đến 6 người Free chỗ để xe, sạc xe điện, wifi, nước uống Hàng tuần có người dọn vệ sinh Cửa khóa vân tay, camera 24/24, không ràng buộc giờ giấc Giá phải chăng chỉ 1tr7 bao điện nước , dịch vụ , ko phát sinh thêm gì Các bạn inbox trực tiếp qua mes hoặc gọi trực tiếp sdt 0865.825.916",,high,1.7,25.0,Hà Đông,o_ghep,1,0,0,0,0,0,1,0,1,1,4,9.0,0,651,0.2904654261406118,0.2905,df7d60730ddac8039d1c,9.977,0.068
Cho thuê CCMN tại ngõ 197 Trần Phú,4500000,23,"Ngõ 197 Đường Trần Phú, Phường Hà Đông, Hà Nội",Hà Đông,,,"CĂN HỘ MINI MỚI TINH 107 ngõ 197 Trần Phú, Văn Quán Gần các trường ĐH: Bưu Chính, Kiến Trúc, gần hồ Văn Quán, các… - 664751",19/09/2024,https://phongtro123.com/cho-thue-ccmn-tai-ngo-197-tran-phu-pr664751.html,phongtro123.com,2026-07-05T15:43:55.316129+00:00,0829995685,https://pt123.cdn.static123.com/images/thumbs/450x300/fit/2024/09/19/z5209414898967-b02b137ed2dfe3f74dcbee54c327f5c2_1726717581.jpg,"CĂN HỘ MINI MỚI TINH 107 ngõ 197 Trần Phú, Văn Quán Gần các trường ĐH: Bưu Chính, Kiến Trúc, gần hồ Văn Quán, các điểm vui chơi giải trí của Hà Đông… Phòng full nội thất: Giường, tủ quần áo, tủ giày, tủ lạnh, bàn ghế, nóng lạnh, điều hoà, kệ bếp,… Tiện ích toà nhà: Máy giặt chung, thang máy tốc độ cao, có thang thoát hiểm… Giá chỉ 4trxxx. Đóng 1 cọc 1, dịch vụ giá rẻ Liên hệ 0829995685",,high,4.5,23.0,Hà Đông,can_ho_mini,1,0,0,1,1,0,1,1,0,0,5,9.0,0,654,0.28881532040009306,0.2888,c3bd73ef7ebd53836664,9.977,0.1956521739130435
CCMN ngay cuối đường Nguyễn Khuyếnc cho thuê,4150000,23,"Đường Nguyễn Khuyến, Phường Hà Đông, Hà Nội",Hà Đông,,,"- Nội thất: Sofa, bàn trà, tủ giày, tủ lạnh, tủ quần áo, điều hoà, nóng lạnh, bếp từ, hút mùi, quạt trần,… - 664305",13/09/2024,https://phongtro123.com/ccmn-ngay-cuoi-duong-nguyen-khuyen-pr664305.html,phongtro123.com,2026-07-05T15:43:55.316129+00:00,0829995685,https://pt123.cdn.static123.com/images/thumbs/450x300/fit/2024/09/13/img-2019_1726193174.jpg,"- Nội thất: Sofa, bàn trà, tủ giày, tủ lạnh, tủ quần áo, điều hoà, nóng lạnh, bếp từ, hút mùi, quạt trần, đệm - Tiện ích toà nhà: Thang máy, bảo vệ 24/24, giặt sấy miễn phí, pccc đảm bảo - Không giới hạn người ở, cho nuôi thú cưng Liên hệ để biết thêm: 0829995685",,high,4.15,23.0,Hà Đông,can_ho_mini,1,0,0,1,0,0,0,1,0,0,3,9.0,0,660,0.28554317793482026,0.2855,7dfece0e826334db7bef,9.977,0.18043478260869567
"Homestay Cc CT1 số 2 Ng Văn Lộc, Hà Đông, Hà Nội",1600000,20,"2 Đường Nguyễn Văn Lộc, Phường Hà Đông, Hà Nội",Hà Đông,,,"Ở ghép homestay 2 Ng Văn Lộc, Hà Đông, Hà Nội Toilet, modem wifi, bếp, có khu giặt phơi riêng... Nội thất: Máy lạnh,… - 661523",05/09/2024,https://phongtro123.com/tim-ban-o-ghep-homestay-48-ng-van-loc-ha-dong-pr661523.html,phongtro123.com,2026-07-05T15:43:55.316129+00:00,0865825916,https://pt123.cdn.static123.com/images/thumbs/450x300/fit/2024/09/05/1000003043_1725493333.jpg,"Ở ghép homestay 2 Ng Văn Lộc, Hà Đông, Hà Nội Toilet, modem wifi, bếp, có khu giặt phơi riêng... Nội thất: Máy lạnh, máy nước nóng, kệ bếp, giường, nệm, tủ quần áo, quạt tường... Giờ giấc tự do, khóa vân tay, camera chống trộm. Điện nước tính theo bình quân đầu người. Hotline 0865.825.916.",,high,1.6,20.0,Hà Đông,o_ghep,1,0,0,0,0,0,0,0,1,0,2,9.0,0,668,0.28123791589498776,0.2812,b03c6dbc135fbc1f79c6,9.977,0.08
"phòng trọ giá rẻ quang trung, ngô thì nhậm hà đông",3600000,25,"16 Đường Trần Đăng Ninh, Phường Hà Đông, Hà Nội",Hà Đông,,,"phòng trọ giá rẻ ngã 4 ngô thì nhậm, QUANG TRUNG Hà Đông vào ở được luôn , kệ bếp bồn rửa Có sẵn nội thất… - 650205",19/08/2024,https://phongtro123.com/phong-tro-gia-re-quang-trung-ngo-thi-nham-ha-dong-2-pr650205.html,phongtro123.com,2026-07-05T15:43:55.316129+00:00,0888066348,https://pt123.cdn.static123.com/images/thumbs/450x300/fit/2024/08/19/z4762254023402-b0ca7ac7598f82e2192ee5b7e7cce7f8_1724052893.jpg,"phòng trọ giá rẻ ngã 4 ngô thì nhậm, QUANG TRUNG Hà Đông vào ở được luôn , kệ bếp bồn rửa Có sẵn nội thất tiện nghi, giường tủ, điều hoà, nóng lạnh, kệ bếp bồn rửa k gây mùi trong phòng, máy giặt chung Khu vực giao thông thuận tiện, gần khu đô thị văn phú, Lê Trọng Tấn, chợ Hà Đông, metro, nhà thi đấu, cách phenika và đại nam 2,5km để xe miễn phí, oto đỗ cửa không chung chủ giờ giấc thoải mái giá 3tr6",,high,3.6,25.0,Hà Đông,phong_tro,1,0,0,0,0,0,1,1,0,1,4,8.0,0,685,0.2723035453405981,0.2723,50eb417c67e71868a73d,9.977,0.14400000000000002
"C.Chủ cho thuê phòng Full đồ ngay 256 thanh bình, mỗ lao, gần bưu chính",2600000,20,"256 Đường Thanh Bình, Phường Hà Đông, Hà Nội",Hà Đông,,,"PHÒNG Xinh-FULL ĐỒ-Ngay Thanh Bình, sau Chung cư #TSQ #NGUYỄNVĂNLỘC, sang #PhùngKhoang, MỖ LAO Vị trí: gần BIG C hà đông,… - 590326",12/08/2024,https://phongtro123.com/c-chu-cho-thue-phong-full-do-ngay-thanh-binh-mo-lao-sau-cc-tsq-pr590326.html,phongtro123.com,2026-07-05T15:43:55.316129+00:00,0877828666,https://pt123.cdn.static123.com/images/thumbs/450x300/fit/2024/04/11/06de36a654a685f8dcb712_1712819050.jpg,"PHÒNG Xinh-FULL ĐỒ-Ngay Thanh Bình, sau Chung cư #TSQ #NGUYỄNVĂNLỘC, sang #PhùngKhoang, MỖ LAO Vị trí: gần BIG C hà đông, làng việt kiều Gần trường #DHHÀNỘI, #Yhọccổtruyền, #BƯUCHÍNH, #HvANNINH, #Kiếntrúc CHÍNH CHỦ KHÔNG MẤT PHÍ NHÉ Thông tin: - Phòng đầy đủ nội thất: điều hoà, nóng lạnh, tủ lạnh, máy giặt chung, giường, tủ quần áo, bàn bếp - wc chung 2 phòng. Nhà ít người cực yên tĩnh. thoải mái - Điện 3,8k. Nước 100k/ng. Để xe tầng 1 free - Không chung chủ, giờ thoải mái - Camera đảm bảo an ninh - Hàng tuần có người dọn vệ sinh sạch sẽ Cam kết ảnh thật 100% ️ Lh: 0877 828 666",1.0,high,2.6,20.0,Hà Đông,can_ho,1,0,0,0,1,0,1,1,0,1,5,8.0,0,692,0.26870770383452586,0.2687,943a1b624e22c9d2bbf3,9.977,0.13
Cho thuê nhà Dương nội hà đông,5500000,50,"Phường Dương Nội, Hà Nội",Hà Đông,,,"Chính chủ cho thuê nhà cấp 4 mới! • Vị trí: Khu đấu giá X7- Dương Nội- Hà Đông- Hà Nội • Giá: 5,5 triệu/tháng… - 662277",13/08/2024,https://phongtro123.com/cho-thue-nha-duong-noi-ha-dong-pr662277.html,phongtro123.com,2026-07-05T15:43:55.316129+00:00,0936745886,https://phongtro123.com/images/thumb_default.svg,"Chính chủ cho thuê nhà cấp 4 mới! • Vị trí: Khu đấu giá X7- Dương Nội- Hà Đông- Hà Nội • Giá: 5,5 triệu/tháng + đồ đạc cơ bản • Hợp đồng 2 năm, ưu tiên lâu dài, hộ gia đình • Thanh toán: 6 tháng hoặc 1 năm • Nhà cấp 4 cao thoáng, thông sàn • Gác xếp 30m2 (1 phòng ngủ) • Sàn 50m2. Mặt tiền 5m hướng Đông • Nhà cửa thoáng mát. Bếp, vệ sinh đầy đủ • Đường rộng 7m. Gần trường Đại học Kiểm soát, chợ, siêu thị, trường cấp 1, trường mầm non • Khu dân trí cao, an ninh cực tốt • Tiện ích ngập tràn, bước chân ra cửa là quán ăn nhà hàng, cửa hàng tiện ích • Thích hợp làm nhở ở, kinh doanh 1.9.2024 giao nhà Anh chị em có quan tâm xin liên hệ 0936745886- Mr Hải (chủ nhà) để xem nhà",,high,5.5,50.0,Dương Nội,phong_tro,0,0,0,0,0,1,0,0,0,1,2,8.0,0,691,0.26921847356213774,0.2692,251d69bf6a5e7d592237,11.461,0.11
"Cho thuê Phòng ở đẹp tại căn hộ shophouse TQS Nguyễn Văn Lộc , Mỗ Lao, Hà Đông,HN",9000000,80,"Tsq Đường Nguyễn Văn Lộc, Phường Hà Đông, Hà Nội",Hà Đông,,,"Tầng 1, 2 là quán cơm sườn Đào Duy Từ Cho thuê tầng 4 gồm (2 phòng ngủ ,1 wc) 2 phòng ngủ , mỗi phòng 30m2 đẹp… - 662276",12/08/2024,https://phongtro123.com/cho-thue-phong-o-dep-tai-can-ho-shophouse-tqs-nguyen-van-loc-mo-lao-ha-dong-hn-pr662276.html,phongtro123.com,2026-07-05T15:43:55.316129+00:00,0769696666,https://pt123.cdn.static123.com/images/thumbs/450x300/fit/2024/08/12/8a0adebe-959a-44bd-b61e-86b07a0ae8b9_1723474291.jpg,"Tầng 1, 2 là quán cơm sườn Đào Duy Từ Cho thuê tầng 4 gồm (2 phòng ngủ ,1 wc) 2 phòng ngủ , mỗi phòng 30m2 đẹp như ảnh Giá : 4,5 triệu đồng/phòng/ tháng Giá có thương lượng",1.0,high,9.0,80.0,Hà Đông,can_ho,0,0,0,0,0,0,0,0,0,0,0,8.0,0,692,0.26870770383452586,0.2687,09d7b6e5531db57a03fb,9.977,0.1125
CHUNG CƯ MINI NGAY MẶT ĐƯỜNG CẦU BƯƠU GÁC XÉP FULL ĐỒ NGAY MẶT ĐƯỜNG Ô TÔ ĐỖ,3750000,25,"Phường Hà Đông, Hà Nội",Hà Đông,,,KHAI TRƯƠNG CCMN FULL ĐỒ OTO ĐỖ CÁCH 100M (PHÒNG MỚI 100% PHÙ HỢP 3-4 NG Ở) HỖ TRỢ THUÊ NGẮN HẠN 3-6-12 THÁNG -… - 624814,22/07/2024,https://phongtro123.com/chung-cu-mini-ngay-mat-duong-cau-buou-gac-xep-full-do-ngay-mat-duong-o-to-do-pr624814.html,phongtro123.com,2026-07-05T15:43:55.316129+00:00,0869550121,https://pt123.cdn.static123.com/images/thumbs/450x300/fit/2023/05/13/z4244802980011-2182ec2ae4f113c5c0689997e2f83617_1683992232.jpg,"KHAI TRƯƠNG CCMN FULL ĐỒ OTO ĐỖ CÁCH 100M (PHÒNG MỚI 100% PHÙ HỢP 3-4 NG Ở) HỖ TRỢ THUÊ NGẮN HẠN 3-6-12 THÁNG - ĐỊA CHỈ: KHU ĐÂU GIÁ YÊN XÁ - Hà Đông -GIÁ KHUYÊN MÃI 3TR2 - 4TR -NỘI THẤT: Tủ lạnh,Điều hòa, Nóng lạnh, Sofa, Bàn trang điểm, kệ bếp, tủ bếp, tủ quần áo, chăn ga gối đệm, thảm lông,.... -TIỆN ÍCH: Gần chợ, khu đông dân cư, xung quanh nhiều hàng quán....... - Ra vào vân tay, thang máy, máy giặt, giờ giấc thoải mái - Có dịch vụ hotline hỗ trợ nhanh chóng - Hệ thống chữa cháy hiện đại, an ninh tuyệt đối - Dịch vụ: Thang máy, máy giặt, máy giặt tiện nghi, cổng khóa vân tay. Camera 24/24, kiểm tra an ninh và kĩ thuật hàng ngày. Vệ sinh sạch sẽ, thường xuyên có người đến dọn dẹp vệ sinh. * Điện 3,8 nghìn/số, nước 28K/khối. Tòa nhà được trang bị thiết bị chữa cháy đạt tiêu chuẩn PCCC. Có hệ thống camera an ninh, số hotline chăm sóc cư dân trong tòa nhà. Số lượng phòng có hạn, nhanh tay liên hệ ngay với TingTong để sớm chuyển vào những căn hộ vô cùng chất lượng nhé! --------------------------------------- TingTong - Hệ thống căn hộ, phòng trọ toàn quốc. Liên hệ với chúng tôi để được phục vụ và xem nhà miễn phí mọi lúc",,high,3.75,25.0,Hà Đông,can_ho_mini,1,0,0,1,1,1,1,1,0,0,6,7.0,0,713,0.25820258375925165,0.2582,2cf97443cfb23977882f,9.977,0.15
"CHMN cuối đường Nguyễn Khuyến. Phòng đầy đủ nội thất, nhiều tiện ích",3550000,25,"Đường Nguyễn Khuyến, Phường Hà Đông, Hà Nội",Hà Đông,,,"CHMN cuối đường Nguyễn Khuyến Phòng đầy đủ nội thất, nhiều tiện ích Phòng gác xép đầy đủ tiện nghi, ban… - 658517",03/07/2024,https://phongtro123.com/chmn-cuoi-duong-nguyen-khuyen-phong-day-du-noi-that-nhieu-tien-ich-pr658517.html,phongtro123.com,2026-07-05T15:43:55.316129+00:00,0829995685,https://pt123.cdn.static123.com/images/thumbs/450x300/fit/2024/06/28/z4869767524289-ed52b6c5091e2ec1b33b1b210bf76104_1719590365.jpg,"CHMN cuối đường Nguyễn Khuyến Phòng đầy đủ nội thất, nhiều tiện ích Phòng gác xép đầy đủ tiện nghi, ban công siêu thoáng An ninh và PCCC đạt chuẩn, bảo vệ 24/24 Dịch vụ giá rẻ Vào ở luôn giá 3.550.000 LH 0829995685 call/zalo",,high,3.55,25.0,Hà Đông,phong_tro,0,0,1,0,1,1,0,0,0,0,3,7.0,0,732,0.24905228419749464,0.2491,7dfece0e826334db7bef,9.977,0.142
NGAY ĐẠI HỌC ĐẠI NAM - PHENIKA - KDG PHÚ LƯƠNG - NHÀ VỪA HOÀN THIỆN VÀO Ở NGAY,3300000,30,"Đường Phú Lương, Hà Nội",Hà Đông,,,Bãi đỗ để xe: Xe máy để sàn tầng 1 toà nhà. Căn hộ chung cư mini thuộc hệ thống nhà cho thuê Hland House - Chính… - 656632,01/07/2024,https://phongtro123.com/ngay-dai-hoc-dai-nam-phenika-kdg-phu-luong-nha-vua-hoan-thien-vao-o-ngay-pr656632.html,phongtro123.com,2026-07-05T15:43:55.316129+00:00,0879240000,https://pt123.cdn.static123.com/images/thumbs/450x300/fit/2024/06/06/z5505265932927-722ec4d350ba0619cf8c760a26924fd7_1717662507.jpg,"Bãi đỗ để xe: Xe máy để sàn tầng 1 toà nhà. Căn hộ chung cư mini thuộc hệ thống nhà cho thuê Hland House - Chính chủ - Miễn trung gian - Xem phòng không mất chi phí dẫn. Có thang máy, các căn hộ khép kín, ban công, nội thất đầy đủ, riêng biệt. Có 02 loại căn hộ chính. - Loại 1: Căn hộ, rộng 20m², cửa sổ to, ban công rộng giá: 3tr800. - Loại 2: Căn hộ, rộng 30m², cửa sổ to, ban công rộng, giá 4tr. Mô tả chung: Camera an ninh, khóa cổng kiểm soát vân tay. Thiết kế: Riêng khu bếp, vệ sinh khép kín, ban công. Nội thất: Điều hòa, Nóng lạnh, tủ lạnh riêng, máy giặt riêng, tủ quần áo, bàn bếp,, đệm, sofa, bàn trà. Vệ sinh dọn dẹp hàng tuần. Điện 3,75k/số; Nước /khối. Hợp đồng dài hạn không tăng giá, giờ giấc thoải mái, tiếp bạn bè lịch sự thoải mái. Chính chủ, miễn trung gian. Nhắn zalo khi cần thông tin chi tiết.",1.0,high,3.3,30.0,unknown,can_ho_mini,1,1,1,1,1,0,1,1,0,1,8,7.0,0,734,0.2481081610559586,0.2481,7e131b62c875f4e031ec,9.977,0.11
"Phòng CCMN Yên Xá không chung chủ, giờ giấc tự do, đủ đồ",2800000,25,"Đường Chiến Thắng, Phường Hà Đông, Hà Nội",Hà Đông,,,"Phòng Yên Xá - Hà Đông không chung chủ, giờ giấc tự do Full đồ (giường tủ, tủ bếp, điều hòa, máy giặt chung,… - 658542",29/06/2024,https://phongtro123.com/phong-ccmn-yen-xa-khong-chung-chu-gio-giac-tu-do-du-do-pr658542.html,phongtro123.com,2026-07-05T15:43:55.317665+00:00,0862019316,https://pt123.cdn.static123.com/images/thumbs/450x300/fit/2024/06/29/z5289481762565-ba09a67e8fd7a278b0500e5ad562f58e_1719633816.jpg,"Phòng Yên Xá - Hà Đông không chung chủ, giờ giấc tự do Full đồ (giường tủ, tủ bếp, điều hòa, máy giặt chung, nóng lạnh, thang máy, chỗ để xe) Vệ sinh khép kín, an ninh tốt Khóa cổng vân tay Vị trí trung tâm và an ninh",,high,2.8,25.0,Hà Đông,can_ho_mini,1,1,0,1,1,0,1,1,0,1,7,6.0,0,736,0.2471676169561055,0.2472,8157d94add72c92c0ff3,9.977,0.11199999999999999
"Có phòng trọ cho thuê đầu tháng 7 tại Nguyễn Khuyến, Hà Đông, FULL đồ, có gác xép",2000000,20,"Đường Nguyễn Khuyến, Phường Hà Đông, Hà Nội",Hà Đông,,,"Phòng trọ gác xép full nội thất, ngay cuối Nguyễn Khuyến - Văn Quán, sẵn sàng cho thuê! Ngay cuối đường Nguyễn… - 658368",27/06/2024,https://phongtro123.com/co-phong-tro-cho-thue-dau-thang-7-tai-nguyen-khuyen-ha-dong-full-do-co-gac-xep-pr658368.html,phongtro123.com,2026-07-05T15:43:55.317665+00:00,0392267003,https://pt123.cdn.static123.com/images/thumbs/450x300/fit/2024/06/27/phong-tro-nguyen-khuyen-van-quan-ha-dong-1_1719471804.jpg,"Phòng trọ gác xép full nội thất, ngay cuối Nguyễn Khuyến - Văn Quán, sẵn sàng cho thuê! Ngay cuối đường Nguyễn Khuyến, thuận tiện di chuyển qua các quận trung tâm. Gác xép full nội thất, tiện nghi, hiện đại. Không chung chủ, thoải mái sinh hoạt. Cửa khóa vân tay an toàn, đảm bảo an ninh. Hệ thống PCCC đạt chuẩn. Thú cưng được phép nuôi. Có nhiều phòng đẹp, hãy liên hệ ngay 0392267003 để được tư vấn và xem phòng!",,high,2.0,20.0,Hà Đông,phong_tro,0,0,0,0,1,1,0,0,0,0,2,6.0,0,738,0.24623063833027797,0.2462,7dfece0e826334db7bef,9.977,0.1
"Cho thuê phòng trọ CCMN Yên Bình, Hà Đông, đủ NT, nhỉnh giá 3 triệu/tháng",3000000,20,"182 Đường Yên Bình, Phường Hà Đông, Hà Nội",Hà Đông,,,"Địa chỉ: 182 Yên Bình, Phường Văn Quán, Quận Hà Đông, Hà Nội. Giá thuê: 3 triệu/tháng. Phòng trống: - Có thể… - 657943",22/06/2024,https://phongtro123.com/cho-thue-phong-tro-ccmn-yen-binh-ha-dong-du-nt-nhinh-gia-3-trieu-thang-pr657943.html,phongtro123.com,2026-07-05T15:43:55.317665+00:00,0397533200,https://pt123.cdn.static123.com/images/thumbs/450x300/fit/2024/06/22/phong-tro-yen-binh-van-quan-ha-dong-1_1719025813.jpg,"Địa chỉ: 182 Yên Bình, Phường Văn Quán, Quận Hà Đông, Hà Nội. Giá thuê: 3 triệu/tháng. Phòng trống: - Có thể dọn vào ở ngay. - Hoặc vào cuối tháng. Tiện ích: - Gần các trường đại học: Học viện An Ninh, Học viện Bưu Chính Viễn Thông, Đại học Kiến Trúc, Đại học Hà Nội,... - Đầy đủ nội thất: tủ quần áo, nóng lạnh, điều hòa, tủ bếp trên dưới, wifi, máy giặt chung,... - Trang thiết bị hiện đại: thang máy, khóa vân tay Liên hệ số điện thoại: 0397533200 (ZALO) để được tư vấn thêm.",,high,3.0,20.0,Hà Đông,can_ho_mini,1,0,0,1,1,0,1,1,1,0,6,6.0,0,743,0.24390370214039486,0.2439,0d461f8b713059349c8c,9.977,0.15
"Cho thuê phòng trọ cao cấp tại Yên Xá, căn hộ mới xây, đủ tiện nghi, giá 3,2 triệu/tháng",3200000,20,"87/43 Đường Yên Xá, Phường Hà Đông, Hà Nội",Hà Đông,,,"Vị trí: Ngõ 87/43 Yên Xá, phường Văn Quán, quận Hà Đông, Hà Nội. Khu vực Hồ Yên Xá, thuận tiện di chuyển đến… - 657942",22/06/2024,https://phongtro123.com/cho-thue-phong-tro-cao-cap-tai-yen-xa-can-ho-moi-xay-du-tien-nghi-gia-3-2-trieu-thang-pr657942.html,phongtro123.com,2026-07-05T15:43:56.939080+00:00,0985858261,https://pt123.cdn.static123.com/images/thumbs/450x300/fit/2024/06/22/phong-tro-yen-xa-ha-dong-ha-noi-1_1719025290.jpg,"Vị trí: Ngõ 87/43 Yên Xá, phường Văn Quán, quận Hà Đông, Hà Nội. Khu vực Hồ Yên Xá, thuận tiện di chuyển đến các trường đại học như: Bưu chính Viễn thông, Kiến trúc, Sư phạm Nghệ thuật Trung Ương, Học viện An ninh, Đại học Công nghệ GTVT, Đại học Hà Nội,... Phòng trọ trong CCMN thương mại mới, hiện đại, an ninh 24/24. Đầy đủ nội thất như hình: Giường, tủ, bàn ghế, điều hòa, nóng lạnh, máy giặt,... Hệ thống PCCC và cửa thoát hiểm đạt chuẩn. Giá thuê: 3,2 - 3,4 triệu/tháng. Liên hệ chính chủ: 0985858261 để được xem phòng miễn phí!",,high,3.2,20.0,Hà Đông,can_ho_mini,1,0,0,0,1,0,1,1,0,0,4,6.0,0,743,0.24390370214039486,0.2439,7a19e5d3d11bf8cd0d2f,9.977,0.16
"Có phòng trọ cho thuê tại 123 Yên Xá, Hà Đông, có thang máy, đầy đủ nội thất, giá 3TR7",3700000,20,"Ngõ 123 Đường Yên Xá, Phường Hà Đông, Hà Nội",Hà Đông,,,"Nằm tại ngõ 123 Yên Xá, thuận tiện di chuyển đến các khu vực lân cận như: Đại học Bách Khoa Hà Nội, Đại học… - 657905",21/06/2024,https://phongtro123.com/co-phong-tro-cho-thue-tai-123-yen-xa-ha-dong-co-thang-may-day-du-noi-that-gia-3tr7-pr657905.html,phongtro123.com,2026-07-05T15:43:56.939080+00:00,0335130728,https://pt123.cdn.static123.com/images/thumbs/450x300/fit/2024/06/21/cho-thue-phong-tro-ngo-123-yen-xa-ha-dong-1_1718963919.jpg,"Nằm tại ngõ 123 Yên Xá, thuận tiện di chuyển đến các khu vực lân cận như: Đại học Bách Khoa Hà Nội, Đại học Kinh tế Quốc dân,... Được trang bị đầy đủ nội thất hiện đại, bao gồm: điều hòa, nóng lạnh, tủ quần áo, tủ bếp, sofa, tủ lạnh, máy giặt,... Hệ thống camera giám sát 24/24, đội ngũ bảo vệ chuyên nghiệp. Khu trọ có cộng đồng cư dân thân thiện, hòa đồng. Giá thuê chỉ 3,7 triệu/tháng. Hãy liên hệ ngay hôm nay để được tư vấn và đặt phòng, SĐT/ZALO 0335130728 (anh Trung)!",,high,3.7,20.0,Hà Đông,phong_tro,1,0,0,1,1,0,1,1,0,0,5,6.0,0,744,0.24344096039070193,0.2434,b6db6e723cf31e82e198,9.977,0.185
"Cho thuê phòng trọ Yên Xá chính chủ, phòng đủ NT, gần, trường ĐH giá rẻ cho học sinh, sinh viên",3000000,20,"123 Đường Yên Xá, Phường Hà Đông, Hà Nội",Hà Đông,,,"Địa chỉ: Ngõ 123 Yên Xá, phường Phúc La, quận Hà Đông, Hà Nội. Phòng rộng rãi, thoáng mát, thích hợp cho 1-2… - 657903",21/06/2024,https://phongtro123.com/cho-thue-phong-tro-yen-xa-chinh-chu-phong-du-nt-gan-truong-dh-gia-re-cho-hoc-sinh-sinh-vien-pr657903.html,phongtro123.com,2026-07-05T15:43:56.939080+00:00,0357723904,https://pt123.cdn.static123.com/images/thumbs/450x300/fit/2024/06/21/cho-thue-phong-tro-yen-xa-ha-dong-ha-noi-1_1718963316.jpg,"Địa chỉ: Ngõ 123 Yên Xá, phường Phúc La, quận Hà Đông, Hà Nội. Phòng rộng rãi, thoáng mát, thích hợp cho 1-2 người ở. Vị trí thuận lợi, gần các trường Đại học như Đại học Đại Nam, Đại học Phenikaa, các chợ và công viên. Có đầy đủ nội thất, tiện nghi, máy giặt riêng. Giá thuê rẻ, phù hợp với sinh viên, học sinh. Liên hệ số điện thoại/zalo 0357723904 để biết thêm thông tin phòng trọ cho thuê!",,high,3.0,20.0,Hà Đông,phong_tro,1,0,0,0,1,0,1,0,0,0,3,6.0,0,744,0.24344096039070193,0.2434,429aba2974dab25bcd27,9.977,0.15
"Cho thuê phòng trọ CCMN ngõ 241 Yên Xá, Tân Triều, FULL NT, gần các trường ĐH, giá 2,8TR",2800000,18,"Ngõ 241 Đường Yên Xá, Phường Hà Đông, Hà Nội",Hà Đông,,,"Nằm trong ngõ 241 Yên Xá, Tân Triều, gần các trường đại học lớn như Hà Nội, Nghệ Thuật, Mật Mã, Kiến Trúc, Bưu… - 657902",21/06/2024,https://phongtro123.com/cho-thue-phong-tro-ccmn-ngo-241-yen-xa-tan-trieu-full-nt-gan-cac-truong-dh-gia-2-8tr-pr657902.html,phongtro123.com,2026-07-05T15:43:56.940084+00:00,0376955942,https://pt123.cdn.static123.com/images/thumbs/450x300/fit/2024/06/21/cho-thue-phong-tro-yen-xa-ha-dong-1_1718962920.jpg,"Nằm trong ngõ 241 Yên Xá, Tân Triều, gần các trường đại học lớn như Hà Nội, Nghệ Thuật, Mật Mã, Kiến Trúc, Bưu Chính (cách chỉ hơn 1km), Học Viện Quân Y, Viện K, Viện Bỏng, Viện 103, Trường Mầm non,... Không chung chủ, giờ giấc tự do. Đầy đủ tiện nghi: thang máy, máy giặt chung, điều hòa, nóng lạnh, giường tủ, gác xép để đồ, bàn bếp, chậu rửa, quạt hút mùi, quạt trần, khóa vân tay,... Giá thuê hợp lý: từ 2.8 - 3.5 triệu/tháng. Chi phí điện nước mạng: - Điện: 3.800đ/kwh. - Nước: 100.000đ/người/tháng. - Mạng: 100.000đ/phòng/tháng. Liên hệ anh Thanh (Chủ nhà): 0376955942 để được xem phòng miễn phí!",,high,2.8,18.0,Hà Đông,can_ho_mini,1,0,0,1,1,1,1,1,1,0,7,6.0,0,744,0.24344096039070193,0.2434,085130f6b1d6dc178bd2,9.977,0.15555555555555556
Chính chủ cho thuê Phòng trọ - nhà mới xây tại 21/50 yên xá - văn quán.,3600000,28,"Đường Nguyễn Khuyến, Phường Hà Đông, Hà Nội",Hà Đông,,,"Chính chủ cho thuê nhà mới xây văn quán hà nội Đường xá thuận lợi, gần trường/ chợ/ siêu thị. Phòng full đồ… - 647079",21/06/2024,https://phongtro123.com/chinh-chu-cho-thue-phong-tro-nha-moi-xay-van-quan-ha-noi-pr647079.html,phongtro123.com,2026-07-05T15:43:56.940084+00:00,0922387111,https://pt123.cdn.static123.com/images/thumbs/450x300/fit/2024/02/22/z4420763331688-003-e4fb941832105a066f388f50087b53c0_1708567427.jpg,"Chính chủ cho thuê nhà mới xây văn quán hà nội Đường xá thuận lợi, gần trường/ chợ/ siêu thị. Phòng full đồ luôn Nội Thất : Điều hoà, bình nóng lạnh,tủ quần áo, wifi tủ bếp tủ lạnh, máy giặt... Camera an ninh. Thang máy & hệ thống cửa vân tay. Lhe Ngay :0922387111 .Gọi ngay hoặc nt",,high,3.6,28.0,Hà Đông,phong_tro,1,0,0,1,1,0,1,1,1,0,6,6.0,0,744,0.24344096039070193,0.2434,7dfece0e826334db7bef,9.977,0.1285714285714286
Chính chủ cho thuê phòng KK thang máy khóa vân tay giờ giấc thoải mái LH: 0342.55.1981,3500000,20,"Đường Nguyễn Thanh Bình, Phường Hà Đông, Hà Nội",Hà Đông,,,"Cho Thuê Phòng ở phường Mỗ Lao, Quận Hà Đông, Hà Nội phòng khép kín giá 3.5Tr Đầy đủ PCCC giờ giấc thoải… - 657175",13/06/2024,https://phongtro123.com/chinh-chu-cho-thue-phong-kk-thang-may-khoa-van-tay-gio-giac-thoai-mai-lh-0342-55-1981-pr657175.html,phongtro123.com,2026-07-05T15:43:56.940084+00:00,0986665865,https://pt123.cdn.static123.com/images/thumbs/450x300/fit/2024/06/13/z5511956653203-69263a047a48fa8acc89cc3d910a14b5_1718249251.jpg,"Cho Thuê Phòng ở phường Mỗ Lao, Quận Hà Đông, Hà Nội phòng khép kín giá 3.5Tr Đầy đủ PCCC giờ giấc thoải mái ️ 0342.55.1981",,high,3.5,20.0,Hà Đông,phong_tro,0,1,0,1,0,0,0,0,0,0,2,6.0,0,752,0.23977049229095382,0.2398,3cdbf3a4cab742f29cec,9.977,0.175
CĂN HỘ RIÊNG BIỆT NGAY BỆNH VIỆN K3 FULL NỘI THẤT ĐẦY ĐỦ TIỆN NGHI,3500000,25,"Đường Xa La, Phường Hà Đông, Hà Nội",Hà Đông,,,"Cho thuê căn hộ dịch vụ tại Xala Hà Đông Nội thất: Kệ bếp, giường, nệm, tủ lạnh, tủ quần áo, điều hoà,… - 656868",09/06/2024,https://phongtro123.com/can-ho-rieng-biet-ngay-benh-vien-k3-full-noi-that-day-du-tien-nghi-pr656868.html,phongtro123.com,2026-07-05T15:43:56.940084+00:00,0879240000,https://pt123.cdn.static123.com/images/thumbs/450x300/fit/2024/06/09/z5510134343069-09cc0385b3c575af73fe84d0b5d545f4_1717949047.jpg,"Cho thuê căn hộ dịch vụ tại Xala Hà Đông Nội thất: Kệ bếp, giường, nệm, tủ lạnh, tủ quần áo, điều hoà, bình nóng lạnh, Giờ giấc: Tự do, không chung chủ. Không gian: Rộng rãi, thoáng đãng với tổng diện tích phòng 25m. Vị trí đắc địa: Nằm ở trung tâm quận Hà Đông, xung quanh gần các khu đô thị: KĐT Xa La, KĐT Kiến Hưng, Ngoài ra, việc di chuyển đến các bệnh viện, trung tâm mua sắm và giải trí cũng vô cùng thuận tiện. An ninh: Văn minh, bảo đảm an toàn cho bạn và gia đình. Địa chỉ: Chân tòa hemsico Xala",,high,3.5,25.0,Hà Đông,can_ho,1,0,0,0,1,0,0,1,0,0,3,6.0,0,756,0.23795606367116182,0.238,359527a895e6514db672,9.977,0.14
Nhà Cho thuê phòng trọ DT 22m2,2300000,22,"88 Đường Quang Trung, Phường Hà Đông, Hà Nội",Hà Đông,,,"Có phòng thuê dt: 22m2, vị trí mặt đường quang trung, quận Hà Đông, cạnh nhà ga trên cao và bến xe buyt. Rất tiện đi… - 655238",20/05/2024,https://phongtro123.com/nha-cho-thue-phong-tro-dt-22m2-pr655238.html,phongtro123.com,2026-07-05T15:43:56.940084+00:00,0902166024,https://pt123.cdn.static123.com/images/thumbs/450x300/fit/2024/05/20/20240302-090119_1716177478.jpg,"Có phòng thuê dt: 22m2, vị trí mặt đường quang trung, quận Hà Đông, cạnh nhà ga trên cao và bến xe buyt. Rất tiện đi lại. Phòng sạch đẹp, khu dân trí cao , yên tĩnh ăn ninh tốt. Có vệ sinh khép kín, điều hòa nóng lạnh, chỗ nấu ăn để xe và chỗ phơi. Nay cho thuê 2,3 tr/ tháng ai có nhu cầu liên hệ : cô hà 0902166024",,high,2.3,22.0,Hà Đông,phong_tro,1,1,0,0,0,0,0,1,0,1,4,5.0,0,776,0.22908781067355483,0.2291,848b2150fe73f9e02b3e,9.977,0.10454545454545454
"CCMN 1PN thiết kế bếp riêng, gần viện K Tân Triều, sau tòa CT6A Xa La",2500000,30,"19LK2 Bemes Kiến Hưng Đường Cầu Bươu, Phường Kiến Hưng, Hà Nội",Hà Đông,,,"Vị trí: Sau chung cư CT6A Bemes Kiến Hưng, cách cổng chính viện K 300m. Diện tích phòng: 30m2 ( Xem video hiện trạng… - 652338",06/05/2024,https://phongtro123.com/cho-thue-phong-tro-28m2-35m2-gan-vien-k-tan-trieu-sau-toa-ct6a-xa-la-2-pr652338.html,phongtro123.com,2026-07-05T15:43:56.940084+00:00,0984378397,https://pt123.cdn.static123.com/images/thumbs/450x300/fit/2024/04/14/mat-tien_1713099028.jpg,"Vị trí: Sau chung cư CT6A Bemes Kiến Hưng, cách cổng chính viện K 300m. Diện tích phòng: 30m2 ( Xem video hiện trạng phòng) Phòng trang bị sẵn có: * Điều hòa, nóng lạnh, giường tủ, phòng bếp + WC riêng ngoài phòng ngủ * Máy giặt chung, khoá vân tay. - Giá phòng: 2,5 tr/th, thanh toán tháng một, cọc 1 tháng tiền nhà. Tầng hầm để xe miễn phí. Giờ giấc thoải mái không chung chủ. Địa chỉ: Số 19 Liền Kề 2, sau chung cư CT6A xa la LHCC (call/zalo) : 0984.378.397 (Tuấn)",,high,2.5,30.0,Kiến Hưng,can_ho_mini,1,1,0,0,0,0,1,1,0,1,5,5.0,0,790,0.22307742657669394,0.2231,d5d902665431df06edc7,10.623,0.08333333333333333
"Cho thuê phòng trọ Văn La, Văn Phú 27m2 trang bị đầy đủ, gần ĐH Đại Nam, Phenika, Nguyễn Trãi. LHCC: 0984.378.397",2800000,27,"Đường Quang Trung, Hà Nội",Hà Đông,,,"Vị trí: Nhà gần ĐH Đại Nam, Phenika, Nguyễn Trãi, cách chợ Văn La 50m. Diện tích phòng: 27m2, có gác xép, ban công… - 651888",06/05/2024,https://phongtro123.com/cho-thue-phong-tro-van-la-van-phu-27m2-trang-bi-day-du-gan-dh-dai-nam-phenika-nguyen-trai-lhcc-0984-378-397-pr651888.html,phongtro123.com,2026-07-05T15:43:56.940084+00:00,0984378397,https://pt123.cdn.static123.com/images/thumbs/450x300/fit/2024/04/10/z5333822842356-c156cefdfde1c78d8a1b7ce9a0292291_1712738364.jpg,"Vị trí: Nhà gần ĐH Đại Nam, Phenika, Nguyễn Trãi, cách chợ Văn La 50m. Diện tích phòng: 27m2, có gác xép, ban công riêng trong phòng có chỗ lắp máy giặt. Có máy lạnh, nóng lạnh, giường, tủ Có máy giặt, dùng cửa khoá vân tay. Có bàn bếp để nấu ăn Giá phòng: 2tr8/tháng, thanh toán 1 tháng, cọc 1 tháng Tầng 1 để xe free. Cạnh chợ Văn La, cách điểm bus đường Quang Trung 100m, cách ga tàu điện 700m, cực kỳ thuận tiện đi lại, oto đỗ cửa nhà. Không ở chung với chủ, tự do giờ giấc Đ/c: Nhà 14, Ngách 2 Ngõ 793 đường Quang Trung (cạnh chợ Văn La). LH: 0984378397",1.0,high,2.8,27.0,unknown,phong_tro,1,0,1,0,0,1,1,1,0,1,6,5.0,0,790,0.22307742657669394,0.2231,db661333457112a79457,9.977,0.1037037037037037
TINGTONG CCMN TINGTONG FULL ĐỒ Ở 3-4 NGƯỜI Ở TRIỀU KHÚC THANH XUÂN,3650000,25,Hà Nội,Hà Đông,,,‼️ CCMN gác xép đẹp nhất khu HÀ ĐÔNG - THANH XUÂN - Phòng trống tại: ngõ 53 TÂN TRIỀU - TingTong cơ sở 95 - Đủ… - 624804,04/05/2024,https://phongtro123.com/tingtong-co-so-95-co-phong-gac-xep-du-do-co-ban-ngo-53-tan-trieu-canh-300-nguyen-xien-pr624804.html,phongtro123.com,2026-07-05T15:43:56.940084+00:00,0869550121,https://pt123.cdn.static123.com/images/thumbs/450x300/fit/2023/05/23/z4365764762261-bba1a9aeddee7a610aa9a3bc3b4e1edc_1684824367.jpg,"‼️ CCMN gác xép đẹp nhất khu HÀ ĐÔNG - THANH XUÂN - Phòng trống tại: ngõ 53 TÂN TRIỀU - TingTong cơ sở 95 - Đủ đồ tiện nghi: Điều hoà, Nóng lạnh, Palet, chăn ga gối đệm, tủ quần áO , TỦ LẠNH ... - Nhà gần mặt đường, vị trí đẹp giao với Nguyễn Xiển , XA LA , MẶT ĐƯỜNG NGUYỄN TRÃI - Khoá Vân Tay , giờ giấc thoải mái tự do. Có Camera quan sát tổng toàn bộ khu vực trong toà nhà dưới Sảnh ! ️- TingTong sở hữu hệ thống những căn phòng đáng sống, đầy đủ tiện nghi, cư dân văn minh, có cửa sổ, gác xép, thoáng rộng 35m2 đủ đồ như hình chỉ việc đến ở luôn. TingTong – Hệ thống căn hộ, phòng trọ toàn quốc Liên hệ với chúng tôi để được phục vụ và xem nhà miễn phí mọi l",,high,3.65,25.0,unknown,can_ho_mini,1,0,0,0,1,1,0,1,0,0,4,5.0,0,792,0.22223177056729812,0.2222,8cbb7a739b6fb4d0fefe,9.977,0.146
Căn hộ CCMN có vườn sân thượng,3200000,25,"4 Đường Thanh Bình, Phường Hà Đông, Hà Nội",Hà Đông,,,"Bạn chọn CĂN PHÒNG NHƯ Ý, Chúng tôi chọn QUÝ KHÁCH LỊCH THIỆP Thiết kế kiểu căn hộ Studio. Bố trí không gian và… - 590340",26/04/2024,https://phongtro123.com/can-ho-ccmn-co-vuon-san-thuong-pr590340.html,phongtro123.com,2026-07-05T15:43:56.940084+00:00,0913093489,https://pt123.cdn.static123.com/images/thumbs/450x300/fit/2021/09/27/san-thuong_1632716019.jpg,"Bạn chọn CĂN PHÒNG NHƯ Ý, Chúng tôi chọn QUÝ KHÁCH LỊCH THIỆP Thiết kế kiểu căn hộ Studio. Bố trí không gian và mặt bằng thông minh giúp tiết kiệm điện năng, tăng công năng tối ưu cũng như cảm giác thoải mái cho người sử dụng. 1. Khu vực PHÒNG NGỦ ấm cúng 2. Không gian PHÒNG KHÁCH kết hợp làm việc / học tập: 3. BẾP riêng biệt ngăn cách với khu vực ngủ, tiếp khách/ làm việc, học tập giúp tiết kiệm điện năng và ngăn mùi (tùy phòng) 4. PHÒNG VỆ SINH thông thoáng 5. BAN CÔNG hoặc Khu phơi quần áo (tùy phòng) Các không gian được thiết kế linh hoạt để bạn có thể tùy ý xếp đặt, trang trí nội thất theo gu thẩm mỹ của riêng mình. Trang thiết bị nội thất mới 100%, chất lượng và tinh tế do chủ đầu tư lựa chọn cẩn thận: - Tủ lạnh Sharp inverter 165 lít, nhập khẩu Thái Lan - Điều hòa nhiệt độ Casper - Đệm bông ép cứng bọc gấm Singapore king size (1,8 x 2m) - Tủ quần áo gỗ to, rộng - Cửa ra vào tiêu chuẩn khách sạn, chống ồn, chống cháy, có mắt thần quan sát (tùy phòng) - Kệ bếp, chậu rửa và vòi rửa kiểu dáng hiện đại. - Bình nóng lạnh, chậu rửa lavabo, gương soi, vòi sen nóng lạnh - Bồn cầu liền khối kiểu dáng hiện đại, tiết kiệm nước - Gương, tranh trang trí TIỆN ÍCH KHÁC: - VƯỜN SÂN THƯỢNG - SẢNH CHỜ tại tầng lửng - Chỗ để xe miễn phí - Máy giặt sử dụng chung - Khu chứa rác kín, riêng biệt cho tòa nhà - Internet tốc độ cao - Khóa vân tay cổng ra vào - Thang máy sử dụng thẻ từ, camera Tọa lạc tại Km0 ngã tư Cầu Trắng, giao 4 con phố Trần Phú, Thanh Bình, Quang Trung, Phùng Hưng. Đi bộ đến điểm dừng 20 tuyến xe bus và ga đường sắt Cát Linh - Hà Đông. Gần các trường đại học Hà Nội, Kiến Trúc, Bưu Chính VIễn Thông, Nhạc Họa TƯ... . Bao quanh là nhà trẻ, trường học, siêu thị, nhà hàng, quán cà phê, hàng ăn sáng, tiệm giặt là, hiệu thuốc, vườn hoa... Gần các trường Đại học và Bệnh viện lớn... Giá thuê: 3.200.000đ - 3.900.000đ/ tháng Lưu ý: - Các môi giới và chủ CCMN / phòng trọ vui lòng không liên hệ - Hình ảnh thật 100%, bao gồm các trang thiết bị liệt kê như trên. Không bao gồm một số đồ đạc cá nhân như đàn piano….",,high,3.2,25.0,Hà Đông,can_ho_mini,1,0,1,1,0,0,1,1,1,1,7,4.0,0,800,0.21888108289621475,0.2189,c7a3f52f65bbba6a741d,9.977,0.128
"Chung cư mini thiết kế kiểu khách sạn, đủ nội thất",3200000,20,"9 Đường Thanh Bình, Phường Hà Đông, Hà Nội",Hà Đông,,,"Phòng thiết kế kiểu khách sạn, tinh tế và thoáng mát. Căn phòng hướng đông nam tràn ngập ánh sáng, đón gió mát… - 590341",26/04/2024,https://phongtro123.com/chung-cu-mini-thiet-ke-kieu-khach-san-du-noi-that-pr590341.html,phongtro123.com,2026-07-05T15:43:56.940084+00:00,0913093489,https://pt123.cdn.static123.com/images/thumbs/450x300/fit/2021/09/27/hh5_1632716410.jpg,"Phòng thiết kế kiểu khách sạn, tinh tế và thoáng mát. Căn phòng hướng đông nam tràn ngập ánh sáng, đón gió mát mùa hè và chắn gió lạnh mùa đông. Phòng vệ sinh riêng có ô thoáng thông gió và lấy ánh sáng, luôn khô thoáng và sạch sẽ. Ô tô đỗ cửa và thuận tiện giao thông. Đi bộ rất gần đến điểm dừng 20 tuyến xe bus, ga tàu điện Cát Linh Hà Đông. Nhà hàng, quán cà phê, hàng ăn sáng, tiệm giặt là, hiệu thuốc. Gần các trường ĐH Kiến Trúc, An Ninh, Bưu chính Viễn thông, ĐH Hà Nội... Khu dân trí cao và an ninh. PHÒNG NGỦ gồm: 1) Điều hòa nhiệt độ 2) Quạt treo tường 3) Tủ quần áo 4) Giường 5) Kệ đầu giường 6) Cửa sổ chống ồn và rèm 7) Cửa ra vào chống ồn tiêu chuẩn khách sạn PHÒNG VỆ SINH gồm: 1) Bồn cầu liền khối 2)Bình nóng lạnh 3) Vòi sen 4) Chậu rửa lavabo, gương lớn, móc treo khăn, kệ đựng TIỆN ÍCH KHÁC: - Khu máy giặt sử dụng miễn phí - Chỗ để xe miễn phí - Khóa vân tay - Wifi tốc độ cao - Thang máy, camera Giá thuê: 3,2 - 3,5 triệu / tháng",,high,3.2,20.0,Hà Đông,can_ho_mini,1,1,0,1,0,0,1,1,1,1,7,4.0,0,800,0.21888108289621475,0.2189,7deb15b22d756223567d,9.977,0.16
Ở ghép Chung cư Fodacon 12 Trần phú- Hà Đông - Đối diện Học Viện an ninh 1tr6 bao đnc,1600000,25,"12 Đường Trần Phú, Phường Hà Đông, Hà Nội",Hà Đông,,,"- ĐÃ LẮP RÈM TỪNG GIƯỜNG . phù hợp người làm văn phòng, sinh viên,... Giờ giấc tự do 24/24; , Đầy đủ trang… - 653378",25/04/2024,https://phongtro123.com/o-ghep-chung-cu-fodacon-12-tran-phu-ha-dong-doi-dien-hoc-vien-an-ninh-1tr6-bao-dnc-pr653378.html,phongtro123.com,2026-07-05T15:43:56.940084+00:00,0865825916,https://pt123.cdn.static123.com/images/thumbs/450x300/fit/2024/04/25/img-20240425-084017_1714037078.jpg,"- ĐÃ LẮP RÈM TỪNG GIƯỜNG . phù hợp người làm văn phòng, sinh viên,... Giờ giấc tự do 24/24; , Đầy đủ trang thiết bị bếp, nóng lạnh ,điều hòa , máy giặt , rèm các giường ; Nơi để xe an toàn; Dọn vệ sinh hàng tuần; Hệ thống camera can ninh. -Gần trung tâm, các trường đại học, siêu thị, chợ, bến xe bus, công viên, bể bơi -Được chuẩn bị chăn ga gối đệm theo tiêu chuẩn -dịch vụ dọn phòng hàng tuần -vệ sinh môi trường -Wifi tốc độ cao - cam kết ko phát sinh phia ngoài mọi ngừoi liên hệ sđt 0865.825.916 chính chủ",,high,1.6,25.0,Hà Đông,o_ghep,1,0,0,0,0,0,1,1,1,1,5,4.0,0,801,0.21846581484417119,0.2185,aa06bbc9e10253d9b280,9.977,0.064
"Cho thuê phòng trọ 28m2-35m2 gần viện K Tân Triều, sau tòa CT6A Xa La",2750000,28,"19LK2 Đường Kiến Hưng, Phường Kiến Hưng, Hà Nội",Hà Đông,,,"Vị trí: Sau chung cư CT6A Bemes Kiến Hưng, cách cổng chính viện K 300m. Diện tích phòng: 30m2. Phòng trang bị sẵn… - 651891",17/04/2024,https://phongtro123.com/cho-thue-phong-tro-28m2-35m2-gan-vien-k-tan-trieu-sau-toa-ct6a-xa-la-pr651891.html,phongtro123.com,2026-07-05T15:43:56.940084+00:00,0984378397,https://pt123.cdn.static123.com/images/thumbs/450x300/fit/2024/04/10/mat-tien_1712739515.jpg,"Vị trí: Sau chung cư CT6A Bemes Kiến Hưng, cách cổng chính viện K 300m. Diện tích phòng: 30m2. Phòng trang bị sẵn có: Điều hòa, nóng lạnh, giường tủ, phòng bếp bên ngoài phòng. Máy giặt chung, khoá vân tay. Bàn bếp nấu ăn, bồn rửa rộng rãi. Giá phòng: 2.750 tr/th, thanh toán tháng một, cọc 1 tháng tiền nhà. Điện 3,8k, nước 100k/người, internet 100k/phòng. Tầng 1 để xe miễn phí. Giờ giấc thoải mái không chung chủ. Địa chỉ: Số 19 Liền Kề 2, sau chung cư CT6A xa la, cách viện K chỉ 100m.",1.0,high,2.75,28.0,Kiến Hưng,can_ho,1,0,0,0,0,0,1,1,1,1,5,4.0,0,809,0.2151719081696983,0.2152,e8046fa78ffc65b5dd06,10.623,0.09821428571428571
Cho thuê trọ tại Trần Phú - Hà Đông,4000000,30,"Ngõ 217 Đường Trần Phú, Hà Nội",Hà Đông,,,Ngõ 217 Trần Phú - Hà Đông ⏰ Trống - p101 - 201 Giá 4tr có fix Diện Tích 30m2 - thang máy NỘI THẤT : Như… - 652299,14/04/2024,https://phongtro123.com/cho-thue-tro-tai-tran-phu-ha-dong-pr652299.html,phongtro123.com,2026-07-05T15:43:56.940084+00:00,0853921976,https://phongtro123.com/images/thumb_default.svg,"Ngõ 217 Trần Phú - Hà Đông ⏰ Trống - p101 - 201 Giá 4tr có fix Diện Tích 30m2 - thang máy NỘI THẤT : Như hình ,phòng khép kín , giường tủ ,điều hòa,nóng lạnh ,bàn trà, bàn bếp ,tủ bếp trên dưới, hút mùi, ko chung chủ ,tự do giờ giấc, máy giặt riêng,phơi đồ sân thượng, ko giới hạn người 2xe ,pccc thang thoát hiểm đầy đủ PHÍ DV : điện 3k7/số , nước 100k/ng ,wifi 100/p ,dich vụ chung 110k/ng, gồm thang máy , vs ,điện hành lang Đóng 1cọc1 , hợp đồng 6- 12th Gọi trước 30 phút khi qua xem phòng Lh : 0853921976 ib trực tiếp",,high,4.0,30.0,unknown,phong_tro,1,1,0,1,0,0,1,1,1,0,6,4.0,0,812,0.21394953755717203,0.2139,c99a56ae331a0a53ceb0,9.977,0.13333333333333333
"Cho thuê căn hộ chung cư mini tại 80 Bà Triệu rộng thoáng, đầy đủ đồ",3800000,25,"80 Phố Bà Triệu, Hà Nội",Hà Đông,,,"_Địa điểm: Trung tâm Quận Hà Đông, thuận tiện đi lại, yên tĩnh, an ninh tốt. _Gần các trường ĐH Bưu Chính Viễn… - 604077",01/04/2024,https://phongtro123.com/ccmn-80-ba-trieu-rong-thoang-day-du-do-pr604077.html,phongtro123.com,2026-07-05T15:43:56.940084+00:00,0779345111,https://pt123.cdn.static123.com/images/thumbs/450x300/fit/2022/07/12/6bb18c91853774692d26_1657589504.jpg,"_Địa điểm: Trung tâm Quận Hà Đông, thuận tiện đi lại, yên tĩnh, an ninh tốt. _Gần các trường ĐH Bưu Chính Viễn Thông, Kiến Trúc, Chợ Hà Đông,... _Nội thất: Giường, tủ quần áo, điều hòa, tủ lạnh, bình nóng lạnh, bàn ghế làm việc, kệ bếp, bồn rửa, thiết bị vệ sinh, internet riêng từng căn hộ, máy giặt riêng,... _Mô tả chung: * Ban công rộng thoáng. * Vệ sinh dọn dẹp hàng tuần. * Thang máy tốc độ cao. * Camer an ninh, khóa cổng kiểm soát vân tay. * Điện 3,750đ/số; Nước 32k/ khối. * Không chung chủ, giờ giấc tự do thoải mái. * Hợp đồng dài hạn không tăng giá, tiếp bạn bè lịch sự thoải mái. * Chính chủ, miễn trung gian. * Nhắn zalo khi cần thông tin chi tiết.",,high,3.8,25.0,unknown,can_ho_mini,1,0,1,1,0,0,1,1,1,0,6,4.0,0,825,0.20873233712567882,0.2087,7a126ee94bd1469ec42f,9.977,0.152
"CCMN 109 Nguyễn Văn Trỗi, Phường Mỗ Lao, Quận Hà Đông chính chủ cho thuê full đồ",3400000,20,"109 Đường Nguyễn Văn Trỗi, Phường Hà Đông, Hà Nội",Hà Đông,,,"Gần các trường ĐH Bưu Chính Viễn Thông, Kiến trúc, Y dược cổ truyền,... Chính chủ - Miễn trung gian - Xem phòng… - 590291",01/04/2024,https://phongtro123.com/ccmn-109-nguyen-van-troi-chinh-chu-full-do-pr590291.html,phongtro123.com,2026-07-05T15:43:56.940084+00:00,0779345111,https://pt123.cdn.static123.com/images/thumbs/450x300/fit/2021/09/24/z2343036227861-8c5c28b08b5864b70f7ea0d3f7510f4a_1632457717.jpg,"Gần các trường ĐH Bưu Chính Viễn Thông, Kiến trúc, Y dược cổ truyền,... Chính chủ - Miễn trung gian - Xem phòng không mất chi phí dẫn. Thiết kế tòa nhà 6 tầng có thang máy, vệ sinh khép kín, ban công, nội thất đầy đủ Mô tả chung * Nội thất: Nóng lạnh, điều hòa, tủ lạnh, tủ quần áo, bàn bếp-bồn rửa, bàn trà, internet riêng từng căn hộ… * Trang bị 2 máy giặt chung, vệ sinh dọn dẹp hàng tuần * Camer an ninh, Khóa cổng kiểm soát vân tay * Thang máy tốc độ cao * Điện 3,5k/số ; Nước 20k/ khối * Hợp đồng dài hạn không tăng giá, giờ giấc thoải mái, tiếp bạn bè lịch sự thoải mái * Chính chủ, miễn trung gian * Nhắn zalo khi cần thông tin chi tiết",,high,3.4,20.0,Hà Đông,can_ho_mini,1,1,1,1,1,0,1,1,1,0,8,4.0,0,825,0.20873233712567882,0.2087,146c0a4669c671cea7b3,9.977,0.16999999999999998
"Cho thuê phòng trọ 18m2 tại Yên Phúc. 2,5tr ở độc lập",2500000,18,"9 Đường Yên Phúc, Phường Hà Đông, Hà Nội",Hà Đông,,,"Cho thuê phòng trọ tại số 9 Đường Yên Phúc, Phường Phúc La, Quận Hà Đông, Hà Nội Diện tích: 18m2 Đi lại tự… - 650904",31/03/2024,https://phongtro123.com/cho-thue-phong-tro-18m-2-5tr-o-doc-lap-di-lai-tu-do-co-san-dieu-hoa-may-giat-binh-nong-lanh-pr650904.html,phongtro123.com,2026-07-05T15:43:56.941084+00:00,0977566246,https://pt123.cdn.static123.com/images/thumbs/450x300/fit/2024/03/31/z5291384755661-f69df47ad9a83d89dce2330aea48e948_1711901190.jpg,"Cho thuê phòng trọ tại số 9 Đường Yên Phúc, Phường Phúc La, Quận Hà Đông, Hà Nội Diện tích: 18m2 Đi lại tự do, cửa đi riêng không chung chủ Có sẵn điều hòa, máy giặt, bình nóng lạnh. Chỗ để xe miễn phí. Giá 2,5tr LH: 0977566246",,high,2.5,18.0,Hà Đông,phong_tro,1,0,0,0,0,0,1,1,0,1,4,3.0,0,826,0.20833632359225812,0.2083,7c8aeb739fed03590f0a,9.977,0.1388888888888889
Cho thuê nhà trọ 80 quang trung hà đông,2500000,22,"80 Đường Quang Trung, Phường Hà Đông, Hà Nội",Hà Đông,,,"Nhà chính chủ mới hoàn thiện sạch đẹp, gần bưu điện Hà Đông, tàu điện trên cao, bến xe bus, cách mặt đường… - 647784",29/03/2024,https://phongtro123.com/cho-thue-nha-tro-80-quang-trung-ha-dong-pr647784.html,phongtro123.com,2026-07-05T15:43:56.941084+00:00,0393098425,https://pt123.cdn.static123.com/images/thumbs/450x300/fit/2024/03/02/20240302-085953_1709349590.jpg,"Nhà chính chủ mới hoàn thiện sạch đẹp, gần bưu điện Hà Đông, tàu điện trên cao, bến xe bus, cách mặt đường Quang Trung 10m rất thuận tiện đi lại. Có 6 phòng cho thuê, nay còn 1 phòng tại tầng 2. dt 22m Phòng có trang bị tiện nghi đầy đủ: Công trình phụ khép kín,có điều hòa,nóng lạnh, Cửa sổ rộng có rèm, chỗ phơi, nấu ăn, Wifi cáp quang, truyền hình cáp, Sân rộng để xe, nằm trong khu vực dân trí cao, yên tĩnh và an ninh tốt.",2.0,high,2.5,22.0,Hà Đông,phong_tro,1,1,0,0,0,0,0,1,1,1,5,3.0,0,828,0.2075465490878411,0.2075,81a7ea4f7d8d9499a283,9.977,0.11363636363636363
"Ở ghép đầy đủ đồ bao điện nước 48 Nguyễn Văn Lộc, Hà Đông",1500000,25,"48 Đường Nguyễn Văn Lộc, Phường Hà Đông, Hà Nội",Hà Đông,,,"Ở ghép đầy đủ đồ bao điện nước 48 Nguyễn Văn Lộc, Hà Đông Có sẵn internet, trang bị đủ thiết bị nội… - 650564",28/03/2024,https://phongtro123.com/o-ghep-full-do-bao-dnc-48-ng-van-loc-kdt-mo-lao1tr7-pr650564.html,phongtro123.com,2026-07-05T15:43:59.426709+00:00,0865825916,https://pt123.cdn.static123.com/images/thumbs/450x300/fit/2024/03/28/download-1711525595630_1711599611.jpg,"Ở ghép đầy đủ đồ bao điện nước 48 Nguyễn Văn Lộc, Hà Đông Có sẵn internet, trang bị đủ thiết bị nội thất Căn hộ mát mẻ, thoáng, có thiết kế thông minh, tiện nghi Miễn phí Internet, chỗ để xe máy, tiền vệ sinh, đổ rác, điện chung thang máy, hành lang Có người quản lý trông nom, dọn dẹp. Inbox ngay bạn nhé. Nhắn càng sớm càng chốt được chỗ ưng ý Zalo đt 0865.825.916",,high,1.5,25.0,Hà Đông,o_ghep,0,0,0,1,0,0,0,0,1,1,3,3.0,0,829,0.20715278526865827,0.2072,804ce26b3d0b8dc4519e,9.977,0.06
"Cho thuê phòng trọ 18m2, khép kín",2500000,18,"9 Đường Yên Phúc, Phường Hà Đông, Hà Nội",Hà Đông,,,"Cho thuê phòng trọ tại số 9 Đường Yên Phúc, Phường Phúc La, Quận Hà Đông, Hà Nội Diện tích: 28m2 Đi lại tự… - 650537",28/03/2024,https://phongtro123.com/cho-thue-phong-tro-18m-khep-kin-2-pr650537.html,phongtro123.com,2026-07-05T15:43:59.426709+00:00,0977566246,https://pt123.cdn.static123.com/images/thumbs/450x300/fit/2024/03/28/z5291384756092-c030bb671b5fee94bf1b4a01f91c9b59_1711577836.jpg,"Cho thuê phòng trọ tại số 9 Đường Yên Phúc, Phường Phúc La, Quận Hà Đông, Hà Nội Diện tích: 28m2 Đi lại tự do, cửa đi riêng không chung chủ Trần thạch cao, có điều hòa, nóng lạnh, máy giặt Chỗ để xe miễn phí. Giá 2,5tr LH: 0977566246",,high,2.5,18.0,Hà Đông,phong_tro,1,1,0,0,0,0,1,1,0,1,5,3.0,0,829,0.20715278526865827,0.2072,7c8aeb739fed03590f0a,9.977,0.1388888888888889
"Phòng Đẹp Này Không Thuê Thì Thuê ở Đâu Mỗ Lao, Hà Nội",3250000,20,"Đường Mỗ Lao, Phường Hà Đông, Hà Nội",Hà Đông,,,"Pass phòng hỗ trợ 1 triệu, free trọ tháng 3. Gần ngay Vạn Phúc, HV Bưu Chính, ĐH Phenika, Bưu Điện Hà Đông, Ga Văn… - 650109",23/03/2024,https://phongtro123.com/phong-dep-nay-khong-thue-thi-thue-o-dau-pr650109.html,phongtro123.com,2026-07-05T15:43:59.426709+00:00,0981788521,https://pt123.cdn.static123.com/images/thumbs/450x300/fit/2024/03/23/img-0488_1711210072.jpg,"Pass phòng hỗ trợ 1 triệu, free trọ tháng 3. Gần ngay Vạn Phúc, HV Bưu Chính, ĐH Phenika, Bưu Điện Hà Đông, Ga Văn Quán, ĐH Kiến Trúc, ĐH Hà Nội Đầy đủ đồ, sạch sẽ chill chill Giá 3tr250 Hợp đồng còn 6 tháng LH 0981788521",,high,3.25,20.0,Hà Đông,phong_tro,1,0,0,0,0,0,0,0,0,0,1,3.0,0,834,0.20519514378202022,0.2052,fa0fcb4b4c559cc9e13f,9.977,0.1625
"Có 3 phòng trọ cho thuê tại CCMN ngõ 123 Yên Xá, đầy đủ tiện nghi, giá từ 3tr",3000000,25,"Ngõ 123 Đường Yên Xá, Phường Hà Đông, Hà Nội",Hà Đông,,,"Cho thuê phòng trọ tại CCMN Ngõ 123 Yên Xá, phường Phúc La, Hà Đông. Có camera an ninh bảo vệ 24/7. Còn 3 loại phòng… - 649924",22/03/2024,https://phongtro123.com/co-3-phong-tro-cho-thue-tai-ccmn-ngo-123-yen-xa-day-du-tien-nghi-gia-tu-3tr-pr649924.html,phongtro123.com,2026-07-05T15:43:59.426709+00:00,0356666211,https://pt123.cdn.static123.com/images/thumbs/450x300/fit/2024/03/22/phong-tro-cho-thue-tai-ccmn-123-yen-xa-phuc-la-1_1711082331.jpg,"Cho thuê phòng trọ tại CCMN Ngõ 123 Yên Xá, phường Phúc La, Hà Đông. Có camera an ninh bảo vệ 24/7. Còn 3 loại phòng với giá thuê: - Phòng loại 3 triệu/tháng. - Phòng loại 3.4 triệu/tháng. - Phòng loại 3.6 triệu/tháng. Tất cả các phòng đều được trang bị đầy đủ tiện nghi bao gồm cả máy giặt và tủ lạnh. Còn có thêm các tiện nghi khác như: internet, nóng lạnh, điều hòa, gác lửng,... (tùy theo giá phòng). Vui lòng liên hệ trực tiếp SĐT 0356666211 (Huyền) để biết thêm thông tin chi tiết và xem phòng.",,high,3.0,25.0,Hà Đông,can_ho_mini,1,0,0,0,0,1,1,1,1,0,5,3.0,0,835,0.2048058411226964,0.2048,b6db6e723cf31e82e198,9.977,0.12
"Pass lại phòng trọ cuối tháng 3 tại Mỗ Lao, DT 18m2, đủ đồ NT, giá 3,5 triệu/tháng",3500000,18,"2/109 Đường Nguyễn Văn Trỗi, Phường Hà Đông, Hà Nội",Hà Đông,,,"Cho thuê phòng trọ full nội thất tại Mộ Lao, Hà Đông Địa chỉ: Số 2 ngõ 109 Nguyễn Văn Trỗi, phường Mộ Lao,… - 649920",22/03/2024,https://phongtro123.com/pass-lai-phong-tro-cuoi-thang-3-tai-mo-lao-dt-18m2-du-do-nt-gia-3-5-trieu-thang-pr649920.html,phongtro123.com,2026-07-05T15:43:59.427709+00:00,0973849046,https://pt123.cdn.static123.com/images/thumbs/450x300/fit/2024/03/22/pass-lai-phong-tro-cuoi-thang-3-chuyen-di-tai-mo-lao-ha-dong-1_1711081936.jpg,"Cho thuê phòng trọ full nội thất tại Mộ Lao, Hà Đông Địa chỉ: Số 2 ngõ 109 Nguyễn Văn Trỗi, phường Mộ Lao, quận Hà Đông, Hà Nội. Khu vực này chỉ cách Học viện Bưu chính 200m. Phòng full nội thất, gồm: - Điều hòa hai chiều - Bình nóng lạnh - Tủ lạnh - Giá để giày dép, kệ sách - Máy giặt chung - Nhà vệ sinh khép kín Phòng độc lập, giờ giấc tự do, thoải mái. Khu vực để xe miễn phí ở tầng 1 (có camera an ninh 24/7). Cổng ra vào khóa vân tay hiện đại. Chi phí: - Điện nước riêng biệt: 3.7k/kWh - Nước: 30k/khối - Sinh hoạt phí: 100k/người (gồm mạng tốc độ cao, vệ sinh…) - Máy giặt chung: 70k/người Giá phòng: 3,5 triệu/tháng Liên hệ 0973849046 để được tư vấn và xem phòng.",1.0,high,3.5,18.0,Hà Đông,phong_tro,1,1,0,0,1,0,1,1,1,1,7,3.0,0,835,0.2048058411226964,0.2048,a49d35c8568bf986a057,9.977,0.19444444444444445
"Mình còn trống phòng trọ 38/123 Yên Xá, Hà Đông, đầy đủ tiện nghi, giá LH 0358073882",3200000,25,"38/123 Đường Yên Xá, Phường Hà Đông, Hà Nội",Hà Đông,,,"Phòng trọ cho thuê tại địa chỉ: 38/123 Yên Xá, phường Phúc La, quận Hà Đông, Hà Nội. Diện tích: 25m2 Giá thuê… - 649918",22/03/2024,https://phongtro123.com/minh-con-trong-phong-tro-38-123-yen-xa-ha-dong-day-du-tien-nghi-gia-lh-0358073882-pr649918.html,phongtro123.com,2026-07-05T15:43:59.427709+00:00,0358073882,https://pt123.cdn.static123.com/images/thumbs/450x300/fit/2024/03/22/phong-tro-yen-xa-phuc-la-ha-dong-1_1711081492.jpg,"Phòng trọ cho thuê tại địa chỉ: 38/123 Yên Xá, phường Phúc La, quận Hà Đông, Hà Nội. Diện tích: 25m2 Giá thuê chỉ từ 3,2 triệu/tháng Nội thất không thiếu gì: Điều hòa, Nóng lạnh, Giường, Tủ quần áo, Rèm cửa, Tủ bếp, Kệ bếp,... Có thang máy. Khóa cổng vân tay hiện đại. Liên hệ chính chủ bằng SĐT/ZALO 0358073882 để được xem phòng trực tiếp!",,high,3.2,25.0,Hà Đông,phong_tro,1,0,0,1,0,0,0,1,0,0,3,3.0,0,835,0.2048058411226964,0.2048,3282892e64a49d883c1a,9.977,0.128
"Cho thuê phòng trọ Văn La, Hà Đông, DT 30m2, cách ĐH Phenkia 5 phút, LH 0389942977",2500000,30,"Đường Văn La, Hà Nội",Hà Đông,,,"Cho thuê phòng trọ tại N04-Lk20 phố Văn La (Gần chợ Văn La), Phú La, Hà Đông, Hà Nội. Diện tích: 30m2 thông… - 649197",16/03/2024,https://phongtro123.com/cho-thue-phong-tro-van-la-ha-dong-dt-30m2-cach-dh-phenkia-5-phut-lh-0389942977-pr649197.html,phongtro123.com,2026-07-05T15:43:59.427709+00:00,0389942977,https://pt123.cdn.static123.com/images/thumbs/450x300/fit/2024/03/16/cho-thue-phong-tro-van-la-van-phu-ha-dong-1_1710570708.jpg,"Cho thuê phòng trọ tại N04-Lk20 phố Văn La (Gần chợ Văn La), Phú La, Hà Đông, Hà Nội. Diện tích: 30m2 thông thoáng. Có gác xép, ban công riêng thoáng gió. Nội thất đầy đủ bao gồm máy lạnh, nóng lạnh, giường tủ, quạt trần,... Bàn bếp nấu ăn, bồn rửa rộng rãi, nhà vệ sinh khép kín trong phòng. Có máy giặt chung, sân phơi rộng rãi. Điện 3,5k, nước 30k/khối, Internet 100k/phòng. Tầng 1 để xe miễn phí, phòng cháy chữa cháy đầy đủ. Giờ giấc tự do, phòng không chung chủ. Tiện ích: - Cách Đại học Phenikaa, Đại Nam chỉ 5 phút chạy xe máy. - Đi bộ ra điểm bus đường Quang Trung, BRT khoảng 100m. - Gần chợ Văn La, thuận tiện mua sắm. Liên hệ: 038 994 2977 để được tư vấn thêm thông tin chi tiết.",1.0,high,2.5,30.0,unknown,phong_tro,1,1,1,0,1,1,1,1,1,1,9,3.0,0,841,0.2024854867559505,0.2025,64f282e5e1481a19fcae,9.977,0.08333333333333333
"Pass lại phòng trọ ngõ 62 Cầu Am, Hà Đông, DT rộng, FULL tiện nghi, giá 3,5 triệu/tháng",3500000,20,"62 Phố Cầu Am, Phường Hà Đông, Hà Nội",Hà Đông,,,"Nhượng lại căn phòng trọ tại số 4 ngõ 62 Cầu Am, Vạn Phúc, Hà Đồng, khu vực gần chợ. Giá thuê 3,5… - 649181",16/03/2024,https://phongtro123.com/pass-lai-phong-tro-ngo-62-cau-am-ha-dong-dt-rong-full-tien-nghi-gia-3-5-trieu-thang-pr649181.html,phongtro123.com,2026-07-05T15:43:59.427709+00:00,0869453933,https://pt123.cdn.static123.com/images/thumbs/450x300/fit/2024/03/16/nhuong-lai-phong-tro-cuoi-thang-3-nay-don-vao-o-ngay-tai-ha-dong-1_1710563464.jpg,"Nhượng lại căn phòng trọ tại số 4 ngõ 62 Cầu Am, Vạn Phúc, Hà Đồng, khu vực gần chợ. Giá thuê 3,5 triệu/tháng. Tiện nghi không thiếu gì: - Máy điều hòa, nóng lạnh. - Giường, tủ. - Máy giặt chung. - Cửa khóa vân tay, giờ giấc tự do, không chung chủ. - Điện: 3.800 đồng/kWh. - Nước: 30.000 đồng/khối. - Wifi/internet: 100.000 đồng/phòng. Vị trí thuận lợi, gần chợ, gần các điểm xe buýt. Đường rộng, ô tô vào được. Phòng ở tầng 2, di chuyển thuận tiện. Nhà để xe rộng rãi miễn phí. Để biết thêm thông tin chi tiết, vui lòng liên hệ qua SĐT 0869.453.933 gặp anh Hưng.",2.0,high,3.5,20.0,Hà Đông,phong_tro,1,0,0,0,0,0,1,1,1,1,5,3.0,0,841,0.2024854867559505,0.2025,ca4fc44e124b8e710195,9.977,0.175
"Nhượng lại phòng trọ tại 64A Yên Phúc, Hà Đông, các ĐH Kiến Trúc 1,3km, giá 2,1 triệu/tháng",2100000,18,"64A Đường Yên Phúc, Phường Hà Đông, Hà Nội",Hà Đông,,,"Pass lại phòng trọ tại 64A Yên Phúc, Văn Quán, Hà Đông, Hà Nội. Nằm trên trục đường Nguyễn Khuyến, gần các… - 649179",16/03/2024,https://phongtro123.com/nhuong-lai-phong-tro-tai-64a-yen-phuc-ha-dong-cac-dh-kien-truc-1-3km-gia-2-1-trieu-thang-pr649179.html,phongtro123.com,2026-07-05T15:43:59.427709+00:00,0877421336,https://phongtro123.com/images/thumb_default.svg,"Pass lại phòng trọ tại 64A Yên Phúc, Văn Quán, Hà Đông, Hà Nội. Nằm trên trục đường Nguyễn Khuyến, gần các trường đại học uy tín như Đại học Kiến Trúc Hà Nội (1,3km) và Sư phạm Nghệ thuật TW (1,7km). Diện tích 10m2, phù hợp cho 1-2 người ở. Có nhà vệ sinh khép kín, đảm bảo vệ sinh và riêng tư. Trang bị đầy đủ nóng lạnh, điều hòa, giúp bạn tận hưởng cuộc sống thoải mái. Giá thuê chỉ 2,1 triệu/tháng, phù hợp với sinh viên và người đi làm có thu nhập trung bình. Giá điện và nước tính theo giá nhà nước, đảm bảo tiết kiệm. Có thể thương lượng giá nếu bạn thuê lâu dài. Liên hệ SĐT 0877421336 gặp chủ quản lý dãy trọ để biết thêm thông tin chi tiết!",,high,2.1,18.0,Hà Đông,phong_tro,1,1,0,0,0,0,0,1,0,0,3,3.0,0,841,0.2024854867559505,0.2025,8ac5680ca3f94e1487c6,9.977,0.11666666666666667
"Cho thuê CCMN full đồ tại Thanh Bình,Mỗ Lao",3800000,20,"104 Đường Thanh Bình, Phường Hà Đông, Hà Nội",Hà Đông,,,"- Nhà đẹp full nội thất mới - Chỉ việc mang vali vào ở. - Phòng đẹp, sạch sẽ thoáng mát gần: HV Quân Y, ĐH Kiến… - 582522",11/03/2024,https://phongtro123.com/cho-thue-ccmn-full-do-tai-thanh-binh-mo-lao-pr582522.html,phongtro123.com,2026-07-05T15:43:59.427709+00:00,0988367162,https://pt123.cdn.static123.com/images/thumbs/450x300/fit/2024/01/12/z2956650024890-4b08e4a9a36ba69fe13c00b68a04f8c6_1705023744.jpg,"- Nhà đẹp full nội thất mới - Chỉ việc mang vali vào ở. - Phòng đẹp, sạch sẽ thoáng mát gần: HV Quân Y, ĐH Kiến Trúc,Bưu Chính, chợ Hà Đông, cách cầu trắng 500m,... - Giá 4tr/tháng. Đóng 1 cọc 1 tháng (ở được luôn). - Ban công cực rộng, thoáng mát. - Thang máy tốc độ cao. Mô tả chung. - Full nội thất điều hòa, nóng lạnh, tủ lạnh, giường, tủ, phơi đồ, bàn học, để xe miễn phí, camera an ninh, máy giặt, kệ bếp. - Cổng khóa vân tay đảm bảo an toàn. - Chính chủ miễn môi giới. - Điện 3,8k/ số. - Nước 32k/số. - Hàng tuần có người qua dọn vệ sinh chung cả nhà thường xuyên. - Không ở chung chủ. Giờ giấc đi lại thoải mái, tiếp bạn bè vô tư miễn là lịch sự - Hợp đồng lâu dài không tăng giá, chu kỳ đóng tiền nhà 1 tháng 1 lần, đặt cọc 1 tháng tiền nhà.",,high,3.8,20.0,Hà Đông,can_ho_mini,1,0,1,1,1,0,1,1,0,1,7,3.0,0,846,0.2005719523142028,0.2006,10f46d9884025b00bb02,9.977,0.19
"Studio full nội thất, 25m2. Địa chỉ Lê Trọng Tấn Hà Đông",3500000,25,"48 Phố Lê Trọng Tấn, Phường Hà Đông, Hà Nội",Hà Đông,,,"ĐỊA CHỈ: NGÕ 48 LÊ TRỌNG TẤN, HÀ ĐÔNG GIÁ 3TR5 (CÓ FIX) Phòng studio Thang máy Diện tích 25m² Nội… - 647669",01/03/2024,https://phongtro123.com/studio-full-noi-that-25m2-dia-chi-le-trong-tan-ha-dong-pr647669.html,phongtro123.com,2026-07-05T15:43:59.427709+00:00,0337196940,https://pt123.cdn.static123.com/images/thumbs/450x300/fit/2024/02/29/z5194497139794-c316465ce61e7ea64436ee5475ad51f1_1709203174.jpg,"ĐỊA CHỈ: NGÕ 48 LÊ TRỌNG TẤN, HÀ ĐÔNG GIÁ 3TR5 (CÓ FIX) Phòng studio Thang máy Diện tích 25m² Nội thất: Giường, tủ, nóng lạnh, tủ lạnh, đầy đủ tiện nghi, máy giặt máy sấy. Dịch vụ: Điện 3,5k/ số Mạng 100k/ phòng Nước 100k/ người Dv chung: thang may máy giặt, vs: 150k ️ Ghi chú: - Đóng 1 cọc 1 - Ko giới hạn người, xe Liên hệ chủ nhà: 0346866623",,high,3.5,25.0,Hà Đông,can_ho_mini,0,0,0,1,1,0,1,1,1,0,5,3.0,0,856,0.19679896256131216,0.1968,edb2bd0bd50c9a7f7622,9.977,0.14
CHÍNH CHỦ CẦN CHO THUÊ PHÒNG TRỌ KHÉP KÍN TẠI KHU ĐÔ THỊ VĂN PHÚ.,3000000,28,"68TT2 KĐT Văn Phú, Hà Nội",Hà Đông,,,"Địa chỉ: 68TT2 KĐT Văn Phú, Hà Đông, Hà Nội. – Diện tích: từ 26-30m2 – Phòng mới xây, đẹp, sạch sẽ , có cửa… - 615062",27/02/2024,https://phongtro123.com/chinh-chu-can-cho-thue-phong-tro-khep-kin-tai-khu-do-thi-van-phu-pr615062.html,phongtro123.com,2026-07-05T15:43:59.427709+00:00,0974536897,https://pt123.cdn.static123.com/images/thumbs/450x300/fit/2023/02/02/z4075956397985-f6f20e33c9918366f6895ce828f83a58_1675310359.jpg,"Địa chỉ: 68TT2 KĐT Văn Phú, Hà Đông, Hà Nội. – Diện tích: từ 26-30m2 – Phòng mới xây, đẹp, sạch sẽ , có cửa sổ thoáng mát, ban công phơi đồ, đi lại tự do ko chung chủ. – Full đồ nội thất mới 100%, khách chỉ sẵn vào ở. giường, tủ, bàn học, khu bếp điều hoà, nóng lạnh, máy giặt. – Để xe tầng 1 có camera giám sát. – Còn phòng tại 67, 68TT2 tại KĐT Văn Phú, Hà Đông gần các trường đại học Đại Nam, Bưu chính – Kiến Trúc – mật mã, trung tâm thuận tiện đi lại. – Khu dân cư đông đúc, dân trí cao, an ninh tốt, hàng xóm thân thiện. – Xung quanh đầy đủ các tiện ích – Gần bến xe buýt tiện di chuyển. Trả tiền thuê theo tháng. Được nấu ăn trong phòng. – Phù hợp cho hộ gia đình, công nhân, sinh viên ở. – Điện nước tính theo đồng hồ. – Giá thuê: 3 Triệu – 3. 5 Triệu – Liên hệ: 0983501268",1.0,high,3.0,28.0,unknown,phong_tro,1,1,1,0,1,0,1,1,0,1,7,2.0,0,859,0.1956809668598432,0.1957,75846fce169a95d8c10b,9.977,0.10714285714285714
"Cho thuê phòng đẹp, 4tr8, tại ngõ 147 Triều Khúc, Thanh Xuân. LH: 0944723177",4800000,35,"Đường Chiến Thắng, Phường Hà Đông, Hà Nội",Hà Đông,,,"Cách GTVT 300m, ĐH Hà Nội 500m. ĐC: Ngõ 147 Triều Khúc - Thanh Xuân Giá thuê: 4.8 - 5tr/tháng Loại phòng: ban công, có… - 647164",23/02/2024,https://phongtro123.com/phong-2-ngu-gan-dh-ha-noi-kien-truc-buu-chinh-ban-cong-gac-xep-4tr8-pr647164.html,phongtro123.com,2026-07-05T15:43:59.427709+00:00,0944723177,https://pt123.cdn.static123.com/images/thumbs/450x300/fit/2024/02/23/z4821187106298-3d15502f9d818bf7cf2f862a51e6a7b0_1708648570.jpg,"Cách GTVT 300m, ĐH Hà Nội 500m. ĐC: Ngõ 147 Triều Khúc - Thanh Xuân Giá thuê: 4.8 - 5tr/tháng Loại phòng: ban công, có gác DT: 35m2. Tiện nghi đầy đủ: thang máy, máy lạnh, giường tủ, máy nước nóng, tủ bếp, máy giặt,.... Điện 3,8k/kWh, nước 28k/m3, wifi 100k/phòng, Dịch vụ 100k/người. Ở tối đa 5 - 6 người, đậu xe ô tô 3 - 4 chiếc/phòng",,high,4.8,35.0,Hà Đông,phong_tro,1,0,1,1,0,1,1,0,1,0,6,2.0,0,863,0.1942001793649907,0.1942,8157d94add72c92c0ff3,9.977,0.13714285714285715
Cho thuê phòng KĐT Văn Quán-Bạch Thái Bưởi,3000000,20,"Đường Bạch Thái Bưởi, Phường Hà Đông, Hà Nội",Hà Đông,,,"KĐT Văn Quán-Phố Bạch Thái Bưởi ( Gần Hồ Văn Quán, Trường Kiến Trúc, An Ninh, Bệnh viện 103…) - Vị trí giao… - 290964",20/02/2024,https://phongtro123.com/tinh-thanh/ha-noi/cho-thue-phong-kdt-van-quan-bach-thai-buoi.html,phongtro123.com,2026-07-05T15:43:59.427709+00:00,0988367162,https://pt123.cdn.static123.com/images/thumbs/450x300/fit/2021/11/06/z2901176199660-bf0c977c6f66f0cfc6293bd5bceb09de_1636164707.jpg,"KĐT Văn Quán-Phố Bạch Thái Bưởi ( Gần Hồ Văn Quán, Trường Kiến Trúc, An Ninh, Bệnh viện 103…) - Vị trí giao thông thuận tiện,xe buýt 39 đi qua cửa nhà - Nhà mình có phòng full nội thất - Diện tích 20-30m2 - Cạnh điểm xe bus - Nội thất đã trang bị điều hòa, quạt trần, nóng lạnh, giường, tủ, phơi đồ, kệ bếp, để xe miễn phí, camera an ninh, máy giặt… - Internet cáp quang tốc độ cao, điện nước công tơ riêng. - Miễn phí chỗ để xe máy rộng rãi an toàn - Liên hệ: 0988367162-0347759126 - Chính chủ miễn môi giới - Điện 3,5k/ số - Nước 80k/ người. - Hàng tuần có người qua dọn vệ sinh chung cả nhà thường xuyên. - Không ở chung chủ. Giờ giấc đi lại thoải mái, tiếp bạn bè vô tư miễn là lịch sự - Hợp đồng lâu dài không tăng giá, chu kỳ đóng tiền nhà 1 tháng 1 lần, đặt cọc 1 tháng tiền nhà",,high,3.0,20.0,Hà Đông,phong_tro,1,0,0,0,1,0,1,1,1,1,6,2.0,0,866,0.19309694709725486,0.1931,f8d7fc692b63d93a84ef,9.977,0.15
"Phòng biệt thự - khu đô thị Văn Quán - Nguyễn Khuyến, Hà Đông",3600000,35,"Đường Nguyễn Khuyến, Phường Hà Đông, Hà Nội",Hà Đông,,,- Nhà đẹp full nội thất - Chỉ việc mang vali vào ở. - Còn 1 căn tầng 2 - Giá 3tr6/tháng. Đóng 1 cọc 1 tháng (ở… - 286414,20/02/2024,https://phongtro123.com/tinh-thanh/ha-noi/phong-biet-thu-khu-do-thi-van-quan-nguyen-khuyen-ha-dong.html,phongtro123.com,2026-07-05T15:43:59.427709+00:00,0988367162,https://pt123.cdn.static123.com/images/thumbs/450x300/fit/2021/06/28/4ae8be17c40d3f53661c_1624853587.jpg,"- Nhà đẹp full nội thất - Chỉ việc mang vali vào ở. - Còn 1 căn tầng 2 - Giá 3tr6/tháng. Đóng 1 cọc 1 tháng (ở được luôn). Mô tả chung. - Full nội thất điều hòa, nóng lạnh, giường, tủ, phơi đồ, để xe miễn phí, camera an ninh, máy giặt, kệ bếp. - Chính chủ miễn môi giới. - Điện 3,5k/ số. - Nước 80k/ người. - Hàng tuần có người qua dọn vệ sinh chung cả nhà thường xuyên. - Không ở chung chủ. Giờ giấc đi lại thoải mái, tiếp bạn bè vô tư miễn là lịch sự - Hợp đồng lâu dài không tăng giá, chu kỳ đóng tiền nhà 1 tháng 1 lần, đặt cọc 1 tháng tiền nhà. Liên hệ: 0988367162",2.0,high,3.6,35.0,Hà Đông,phong_tro,1,0,0,0,1,0,1,1,0,1,5,2.0,0,866,0.19309694709725486,0.1931,7dfece0e826334db7bef,9.977,0.10285714285714286
"Cho thuê CCMN Địa chỉ số 32 DV2 Tổ 10, Mộ Lao, Hà Đông, Hà Nội",4000000,35,"32 DV2 Tổ 10 Đường Mỗ Lao, Phường Hà Đông, Hà Nội",Hà Đông,,,"Diện tích các phòng : Trên 30m2 có gác xép. Toà nhà nằm ở vị trí trung tâm, hai mặt đường, đường Ô Tô đỗ thoả… - 646813",18/02/2024,https://phongtro123.com/cho-thue-ccmn-dia-chi-so-32-dv2-to-10-mo-lao-ha-dong-ha-noi-pr646813.html,phongtro123.com,2026-07-05T15:43:59.427709+00:00,0983166018,https://phongtro123.com/images/thumb_default.svg,"Diện tích các phòng : Trên 30m2 có gác xép. Toà nhà nằm ở vị trí trung tâm, hai mặt đường, đường Ô Tô đỗ thoả mái . Tất cả phòng đều quay mặt ra mặt đường các phòng đều đẹp mới nguyên, toà CCMN gần chợ, nhiều quán xá , giao thông tấp lập thuận tiện, phòng thoáng sáng, không gian phòng ấm áp, sở hữu ban công rộng rãi đẹp,tầm nhìn xa, toà nhà CCMN đẹp lần đầu cho thuê trọ. Không ở chung với chủ nhà đi, về thoải mái. Toà  nhà gần nhiều trường đại học: Đại học Hà Nội, Đại học Khoa học Xã Hội Và Nhân Văn, Đại học Bưu Chính Viễn Thông, Trung Cấp Y Hà Đông, Đại học Kiến Trúc, An Ninh, trường đại học nhạc hoạ, trường đại học y tuệ Tĩnh, trung cấp xây dựng, siêu thị Coopmart , Top mart Toà nhà gần điểm xe bus, khu thể thao, gần chợ, nhiều quán ăn, giải khát gần ngân hàng, bệnh viện, trường học. Giao thông thuận tiện: Giao cắt với đường Trần Phú, Thanh Bình, ,Vũ Trọng Khánh, Nguyễn Khuyến, Nguyễn Trãi, Lê Văn Lương, Khuất Duy Tiến, Nguyễn Xiển... Giá phòng từ 3tr5, 3tr9, 4tr Toà nhà có Thang Máy. Phòng có gác xép. Diện tích 30 đến 35m². Nội thất trong nhà: có Gác xép, Giường, tủ, Bàn, điều hòa, nóng lạnh, phòng bếp, phòng tắm giặt WC, máy giặt sử dụng chung",,high,4.0,35.0,Hà Đông,can_ho_mini,1,0,1,1,0,1,1,1,0,0,6,2.0,0,868,0.19236494298453646,0.1924,cf34df2ad7a533ef96ab,9.977,0.11428571428571428
"Cho thuê nhà trọ 30m2 tại bà triệu, hà đông",3500000,30,"74 bà triệu Phố Bà Triệu, Phường Hà Đông, Hà Nội",Hà Đông,,,"Phòng trọ thoáng đãng và tiện nghi, hoàn hảo tại Bà Triệu, Hà Đông để bạn có thể gọi là ngôi nhà thứ hai của… - 646767",17/02/2024,https://phongtro123.com/cho-thue-nha-tai-ba-trieu-ha-dong-pr646767.html,phongtro123.com,2026-07-05T15:43:59.427709+00:00,0387468686,https://pt123.cdn.static123.com/images/thumbs/450x300/fit/2024/02/17/img-7992_1708184805.jpg,"Phòng trọ thoáng đãng và tiện nghi, hoàn hảo tại Bà Triệu, Hà Đông để bạn có thể gọi là ngôi nhà thứ hai của mình Diện tích: 30m2 Số lượng người ở: 2 Tiện nghi: Phòng đầy đủ nội thất cơ bản gồm giường, tủ quần áo, điều hoà, nóng lạnh, vệ sinh riêng sạch sẽ (1 phòng 1 wc), bếp nấu ăn riêng có sẵn bếp, có máy giặt chung và phơi đồ trên tầng 5 Tiện ích chung của khu nhà Wifi tốc độ cao Chỗ để xe rộng rãi An ninh rất đảm bảo, giờ giấc tự do Gần các cửa hàng, siêu thị, chợ và quán ăn, bệnh viện,... Vị trí: Khu dân cư văn minh, đường xá thuận tiện, gần các trường đại học như Học viện bưu chính viễn thông, HV an ninh, HV quân y, ĐH kiến trúc,... Giá thuê: 3tr3 đến 3tr6/tháng (đã bao gồm các tiện ích chung và dịch vụ hỗ trợ) Nếu bạn quan tâm và muốn biết thêm thông tin chi tiết hoặc sắp xếp lịch xem phòng, vui lòng liên hệ với tôi qua số điện thoại 0975189864",5.0,high,3.5,30.0,Hà Đông,phong_tro,1,1,0,0,1,0,1,1,1,1,7,2.0,0,869,0.191999982184372,0.192,769bbd6b787a56c2dee0,9.977,0.11666666666666667
"Phòng Trọ Giá Rẻ Tại KTT Công An Hà Đông, Hà Nội",1200000,10,"Đường Đa Sĩ, Phường Kiến Hưng, Hà Nội",Hà Đông,,,"Nhà mình đang trống 02 phòng khép kín Địa chỉ: Đa Sĩ, Phường Kiến Hưng, Quận Hà Đông, Hà Nội Phòng cho thuê có… - 646675",16/02/2024,https://phongtro123.com/phong-tro-gia-re-tai-ktt-cong-an-ha-dong-ha-noi-pr646675.html,phongtro123.com,2026-07-05T15:43:59.428709+00:00,0912187883,https://pt123.cdn.static123.com/images/thumbs/450x300/fit/2024/02/16/01_1708057481.jpg,"Nhà mình đang trống 02 phòng khép kín Địa chỉ: Đa Sĩ, Phường Kiến Hưng, Quận Hà Đông, Hà Nội Phòng cho thuê có đặc điểm như sau: Diện tích khoảng 10m2, có gác xép để đồ rộng. Ngõ vào rộng, bác nào có ô tô vẫn đi vào vô tư luôn; Phòng khép kín, điều hòa, công trình phụ đầy đủ, hợp vệ sinh. Điện, nước máy thoải mái dùng bao nhiêu trả bấy nhiêu theo hóa đơn nhà nước. Giá cho thuê là 1,2 triệu / tháng chưa bao gồm tiền điện nước. Các bạn có nhu cầu xin liên hệ ĐT: 0982237284",,high,1.2,10.0,Kiến Hưng,phong_tro,1,1,0,0,0,1,0,0,0,0,3,2.0,0,870,0.19163571379927855,0.1916,030bd646cf8051fa4669,10.623,0.12
"Phòng trọ khép kín 1.600 K/Tháng - Phố Tô hiến Thành, Quận Hà Đông, Hà Nội",1600000,9,"57 Đường Tô Hiến Thành, Phường Hà Đông, Hà Nội",Hà Đông,,,"Nhà 3 tầng còn 6 phòng cho thuê. Diện tích từ 12m2. Phòng khép kín 1.600.000/th. Gần Viện Bỏng, Quân Y 103, các trường… - 646240",26/01/2024,https://phongtro123.com/phong-tro-khep-kin-1-600-k-thang-pho-to-hien-thanh-quan-ha-dong-ha-noi-pr646240.html,phongtro123.com,2026-07-05T15:43:59.428709+00:00,0522964529,https://phongtro123.com/images/thumb_default.svg,"Nhà 3 tầng còn 6 phòng cho thuê. Diện tích từ 12m2. Phòng khép kín 1.600.000/th. Gần Viện Bỏng, Quân Y 103, các trường An Ninh, Bưu Chính, bến xe Hà Đông, ĐHSP, ĐHQGHN, trường cấp 3 Lê Quý Đôn, Quang Trung, ADSL, điện, nước máy,... Có chỗ giữ xe miễn phí tại tầng 1. Khu dân cư yên tĩnh thích hợp cho học hành và làm việc. Cách các tuyến xe buýt ra vào trung tâm nội thành hay ngoại thành Hà Nội 500m. Có chỗ phơi quần áo trên sân thượng. Có khoảng không giữa nhà để nhà luôn khô ráo thoáng đãng. LH: Chú Hà 57 Tô Hiến Thành, Quận Hà Đông, Hà Nội. Tel: 0522964529.",1.0,high,1.6,9.0,Hà Đông,phong_tro,0,1,0,0,0,0,0,0,0,0,1,1.0,0,891,0.18414372099280493,0.1841,697498621fcd73a79847,9.977,0.17777777777777778
Cho thuê phòng khép kín - Thang máy - Khoá vân tay ở đc luôn,3600000,18,"58 Đường Thanh Bình, Phường Hà Đông, Hà Nội",Hà Đông,,,"Cho thuê phòng mới xây 58 Thanh Bình - Không chung chủ - Vệ sinh khép kín - Khoá vân tay, có bảo vệ trông xe - Có thang… - 643146",25/01/2024,https://phongtro123.com/cho-thue-phong-khep-kin-thang-may-khoa-van-tay-o-dc-luon-pr643146.html,phongtro123.com,2026-07-05T15:43:59.428709+00:00,0363643643,https://pt123.cdn.static123.com/images/thumbs/450x300/fit/2023/12/14/z4972557147385-d60678229e718f52e2602d780f94fb9e_1702520540.jpg,"Cho thuê phòng mới xây 58 Thanh Bình - Không chung chủ - Vệ sinh khép kín - Khoá vân tay, có bảo vệ trông xe - Có thang máy, nội thất nóng lạnh điều hoà máy giặt có thể ở ngay Giá từ 3tr2 - 3tr8 Lh Zl 0363.643.643",,high,3.6,18.0,Hà Đông,phong_tro,1,1,0,1,0,0,1,1,0,0,5,1.0,0,892,0.18379435775272543,0.1838,dc1b893537675cb8564c,9.977,0.2
CCMN Ngõ 104 Thanh Bình - Hà Đông - Hà Nội,4000000,25,"Số 11A Đường Thanh Bình, Phường Hà Đông, Hà Nội",Hà Đông,,,"Vị trí: Nằm gần mặt đường Trần Phú, Gần Cầu Trắng, Cách Bưu Điện Hà Đông 1km, Dễ dàng đi xuống 400m tới… - 646157",24/01/2024,https://phongtro123.com/ccmn-ngo-104-thanh-binh-ha-dong-ha-noi-pr646157.html,phongtro123.com,2026-07-05T15:44:02.186349+00:00,0346856943,https://pt123.cdn.static123.com/images/thumbs/450x300/fit/2024/01/24/z2319756097441-36dc3f7caa3cc0d246354a508fa12cb3_1706081532.jpg,"Vị trí: Nằm gần mặt đường Trần Phú, Gần Cầu Trắng, Cách Bưu Điện Hà Đông 1km, Dễ dàng đi xuống 400m tới Đường Tố Hữu. Diện tích: 25m2 Kết cấu: Phòng studio + Gác xép + Vệ sinh + Ban công Nội thất trang bị gồm: + Điện lạnh: Bình nóng lạnh 25 lít, Điều hoà 12000btu, Tủ lạnh 90 lít 1 cánh, Máy giặt 7,5 kg + Đồ gỗ: Tủ quần áo gỗ ép 1.2m x 2.0m, Tủ bếp trên dưới đã có bồn rửa bát và kệ để bát ion, Bộ sofa gồm 1 ghế dài cộng 1 bàn và 2 đôn, Tủ + kệ để đồ. + Phụ kiện khác: Đệm xốp ép 9cm, tranh dán tường, rèm cửa sổ Điện 3,75k/số; nước 32k/khối",,high,4.0,25.0,Hà Đông,can_ho_mini,1,0,1,0,0,1,1,1,0,0,5,1.0,0,893,0.1834456573355369,0.1834,29a3490fe59c7c2b16a7,9.977,0.16
Phòng trọ đủ đồ 20m2 đường Quang Trung - Hà Đông,2300000,20,"368 Đường Quang Trung, Phường Hà Đông, Hà Nội",Hà Đông,,,"Phòng trọ cao cấp đủ đồ 20m2 tại 368 Quang Trung, Hà Đông, Hà Nội. 1. Phòng trọ như hình cần cho thuê. 2. Có bếp… - 645969",21/01/2024,https://phongtro123.com/phong-tro-du-do-20m2-duong-quang-trung-ha-dong-pr645969.html,phongtro123.com,2026-07-05T15:44:02.186349+00:00,0986851829,https://pt123.cdn.static123.com/images/thumbs/450x300/fit/2024/01/21/1_1705807502.jpg,"Phòng trọ cao cấp đủ đồ 20m2 tại 368 Quang Trung, Hà Đông, Hà Nội. 1. Phòng trọ như hình cần cho thuê. 2. Có bếp riêng. 3. Có tủ quần áo. 4. Giường. 5. Táp đầu giường. 6. Internet tốc độ cao. 7. Có máy giặt chung. 8. Bãi để xe nằm trong chuồng cọp khép kín, che nắng che mưa. 9. Nằm trong khu đô thị yên tĩnh và nhiều cây xanh, lỗi vào rộng rãi. 10. Không chung chủ, giờ giấc tự do. Tiền điện: 3800/số. Tiền nước: 100,000đ/người/phòng. Tiền phí lau dọn vệ sinh: 100,000/phòng/tháng. Tiền internet: 100,000/phòng.",,high,2.3,20.0,Hà Đông,phong_tro,0,1,0,0,0,0,1,0,1,1,4,1.0,0,896,0.18240352045795866,0.1824,89c9a6e390a36109d2ec,9.977,0.11499999999999999
"Chung cư mini ở Cầu Mậu Lương đầy đủ đồ, chính chủ",4400000,35,"Đường Mậu Lương, Phường Kiến Hưng, Hà Nội",Hà Đông,,,"Địa điểm: Gần Viện 103, Bệnh Viện K Tân Triều, thuận tiện đi lại, yên tĩnh, an ninh tốt. Nội thất: Điều hòa,… - 620658",09/01/2024,https://phongtro123.com/chung-cu-mini-o-cau-mau-luong-day-du-do-chinh-chu-pr620658.html,phongtro123.com,2026-07-05T15:44:02.186349+00:00,0779345111,https://pt123.cdn.static123.com/images/thumbs/450x300/fit/2023/03/30/z4216227664681-af30799c9390cdfdfdfa7700dbc2776a_1680163060.jpg,"Địa điểm: Gần Viện 103, Bệnh Viện K Tân Triều, thuận tiện đi lại, yên tĩnh, an ninh tốt. Nội thất: Điều hòa, bình nóng lạnh, tủ lạnh, máy giặt riêng, giường, tủ giày, tủ bếp, bồn rửa, bàn ăn 4 ghế, rèm cửa, tủ quần áo,... Mô tả chung: * Ban công rộng, thông thoáng. * Thang máy tốc độ cao. * Camer an ninh, khóa cổng kiểm soát vân tay. * Điện 3,5k/số; Nước 20k/ khối. * Hợp đồng dài hạn không tăng giá, giờ giấc tự do thoải mái, tiếp bạn bè lịch sự thoải mái. * Không chung chủ. * Chính chủ, miễn trung gian.",,high,4.4,35.0,Kiến Hưng,can_ho_mini,1,0,1,1,0,0,1,1,0,0,5,1.0,0,908,0.1782938403556999,0.1783,c0cf5ef2f918c88fec5b,10.623,0.12571428571428572
Cho thuê phòng trọ sinh viên nhà tầng ở cùng chủ nhà,2000000,16,"Số 8 Ngõ 58 Đường Ao Sen, Phường Hà Đông, Hà Nội",Hà Đông,,,"Phòng đẹp nhà tầng mặt đường rộng, sạch sẽ, an ninh, phòng cháy tốt, diện tích 16m2 không kể bếp, bồn rửa bát,… - 645419",13/01/2024,https://phongtro123.com/cho-thue-phong-tro-sinh-vien-nha-tang-o-cung-chu-nha-pr645419.html,phongtro123.com,2026-07-05T15:44:02.186349+00:00,0979545779,https://pt123.cdn.static123.com/images/thumbs/450x300/fit/2024/07/19/z5648182802974-f6193a904034b6f07e08d19dc7144374_1721373435.jpg,"Phòng đẹp nhà tầng mặt đường rộng, sạch sẽ, an ninh, phòng cháy tốt, diện tích 16m2 không kể bếp, bồn rửa bát, vệ sinh, có đầy đủ tủ quần áo, điều hòa, bình nóng lạnh. Nhà cách Học viện bưu chính, Đại học Kiên Trúc khoảng 300m, sinh viên có thể đi bộ đến trường. Giá thuê: Từ 1 tr- 2,5 tr/tháng",,high,2.0,16.0,Hà Đông,phong_tro,1,0,0,0,0,0,0,1,0,0,2,1.0,0,904,0.17965334110421233,0.1797,ad61143612d7f2b02c49,9.977,0.125
Cho Thuê Phòng trọ Hà Đông giá rẻ,3800000,30,"Phố Bà Triệu, Phường Hà Đông, Hà Nội",Hà Đông,,,"CHO THUÊ CĂN HỘ CAO CẤP FULL ĐỒ - Đ/C : Số 10A Hưu Trí, Bà Triệu, P.Hà Cầu, Q. Hà Đông, Hà Nội - Giá cực yêu… - 645066",08/01/2024,https://phongtro123.com/cho-thue-phong-tro-ha-dong-gia-re-2-pr645066.html,phongtro123.com,2026-07-05T15:44:02.186349+00:00,0963854813,https://pt123.cdn.static123.com/images/thumbs/450x300/fit/2024/01/08/6bb18c91853774692d26_1704681762.jpg,"CHO THUÊ CĂN HỘ CAO CẤP FULL ĐỒ - Đ/C : Số 10A Hưu Trí, Bà Triệu, P.Hà Cầu, Q. Hà Đông, Hà Nội - Giá cực yêu thương chỉ: 3tr8 Có bãi gửi xe oto cạnh nhà Có thang máy, máy giặt Cửa vân tay, giờ giấc thỏa mái PCCC đầy đủ Không chung chủ Nội thất: giường, tủ lạnh, tủ quần áo, bàn+ghế, điều hòa, nóng lạnh,..... Liên hệ để xem phòng : 0963854813",,high,3.8,30.0,Hà Đông,can_ho,1,0,0,1,1,0,1,1,0,1,6,1.0,0,909,0.1779555756925495,0.178,a5480ffeff64be6b5f39,9.977,0.12666666666666665
CCMN - Bà Triệu - Hà Cầu - Hà Đông - Có Thang Máy,3800000,25,"Số 10A Hưu Trí Phố Bà Triệu, Phường Hà Đông, Hà Nội",Hà Đông,,,"Vị trí: Cách chợ Hà Đông chỉ 200m, cầu Đen 150m, ngã năm Hà Trì 200m. Nội thất trang bị gồm: Giường, tủ quần… - 645067",08/01/2024,https://phongtro123.com/ccmn-ba-trieu-ha-cau-ha-dong-co-thang-may-pr645067.html,phongtro123.com,2026-07-05T15:44:02.186349+00:00,0346856943,https://pt123.cdn.static123.com/images/thumbs/450x300/fit/2024/01/08/42123c0235a4c4fa9db5_1704682334.jpg,"Vị trí: Cách chợ Hà Đông chỉ 200m, cầu Đen 150m, ngã năm Hà Trì 200m. Nội thất trang bị gồm: Giường, tủ quần áo, tủ lạnh, điều hòa, nóng lạnh, bàn tủ bếp, máy giặt riêng biệt, thiết bị vệ sinh, bàn làm việc,... Khoá cổng quản lý vân tay, hệ thống giám sát camera Không chung chủ, giờ giấc thoải mái Điện: 3,750k/số; Nước 32k/khối Liên hệ zalo để được tư vấn chi tiết",,high,3.8,25.0,Hà Đông,can_ho_mini,1,0,0,1,0,0,1,1,0,0,4,1.0,0,909,0.1779555756925495,0.178,0ecb5adf2b7e233f27d2,9.977,0.152
TINGTONG 108 -CCMN NGAY GẦN hồ TRIỀU KHÚC FULL NỘI THẤT CƠ BẢN,3300000,23,"Đường Chiến Thắng, Phường Hà Đông, Hà Nội",Hà Đông,,,"TingTong trống phòng , có thể ở luôn. Địa chỉ: TingTong cơ sở 108 NGAY ngõ 68 TRiều KHÚC GIÁ KHUYẾN MÃI 3TR3 -… - 624808",10/01/2024,https://phongtro123.com/tingtong-108-ccmn-ngay-gan-ho-trieu-khuc-full-noi-that-co-ban-pr624808.html,phongtro123.com,2026-07-05T15:44:02.186349+00:00,0869550121,https://pt123.cdn.static123.com/images/thumbs/450x300/fit/2023/05/24/z4337970459495-9fca202ef351102b34504e72029923cb_1684891337.jpg,"TingTong trống phòng , có thể ở luôn. Địa chỉ: TingTong cơ sở 108 NGAY ngõ 68 TRiều KHÚC GIÁ KHUYẾN MÃI 3TR3 - 4TR6 (HỖ TRỢ THUÊ NGẮN HẠN 3-6-12 THÁNG) - Nhà thiết kế như trong ảnh, ngoài thực tế phòng rộng đẹp y ảnh. - Phòng có full đồ chỉ việc đến ở, thiết bị vệ sinh đầy đủ. - Ra vào dùng cửa khóa vân tay, giờ giấc tự do 24/24. - Dịch vụ bao gồm: Điện 3k8/ số nước 28k/ khối - vệ sinh 40k/ người. - Đặc biệt: Đội ngũ quản lý tòa nhà và kĩ thuật chuyên nghiệp để xử lý các điện nước cho khách hàng 24/7. - Xem phòng ở được ngay. Tiếp đón các bạn tận tình chu đáo - gọi ngay cho TingTong để xem phòng miễn phí nhé. --------------------------------------- TingTong Hệ thống căn hộ, phòng trọ toàn quốc. Liên hệ với chúng tôi để được phục vụ và xem nhà miễn phí mọi lúc.",,high,3.3,23.0,Hà Đông,can_ho_mini,0,0,0,0,1,0,0,0,0,1,2,1.0,0,907,0.17863274800506693,0.1786,8157d94add72c92c0ff3,9.977,0.14347826086956522
"CHO THUÊ CCMN TINGTONG OTO ĐỖ CỬA, GẦN HỒ VĂN QUÁN - HỖ TRỢ NGẮN HẠN",3200000,23,"Phường Hà Đông, Hà Nội",Hà Đông,,,TINGTONG CƠ SỞ 114 TRỐNG PHÒNG NGAY CUỐI ĐƯỜNG CHIẾN THẮNG NHÀ 8 TẦNG - NGAY MẶT ĐƯỜNG - CHIẾN THẮNG HÀ… - 624809,10/01/2024,https://phongtro123.com/tingtong-114-trong-phong-gac-xep-full-noi-that-ngay-gan-ho-van-quan-ha-dong-pr624809.html,phongtro123.com,2026-07-05T15:44:02.186349+00:00,0869550121,https://pt123.cdn.static123.com/images/thumbs/450x300/fit/2024/01/10/69_1704902562.png,"TINGTONG CƠ SỞ 114 TRỐNG PHÒNG NGAY CUỐI ĐƯỜNG CHIẾN THẮNG NHÀ 8 TẦNG - NGAY MẶT ĐƯỜNG - CHIẾN THẮNG HÀ ĐÔNG - Phòng như ảnh, full thiết bị - Dân trí cao, thuận tiện sinh hoạt, đường to, bãi đỗ ô tô gần nhà thuận tiện đi lại. - Phù hợp các bạn học Kiến Trúc, Bưu Chính, Hà Nội, Giao Thông Vận Tải,... - Phù hợp người đi làm khu vực Văn Quán, Triều Khúc, Thanh Xuân, Nguyễn Trãi, Tân Triều, Xala, Nguyễn Xiểm,... ____Giá khuyến mãi 3TR2 - 4TR Địa chỉ : 123 Yên Xá cuối đường Chiến Thắng - Xem phòng miễn phí, không qua môi giới - Dịch vụ: Thang máy, máy giặt, máy giặt tiện nghi, cổng khóa vân tay. Camera 24/24, kiểm tra an ninh và kĩ thuật hàng ngày. Vệ sinh sạch sẽ, thường xuyên có người đến dọn dẹp vệ sinh. * Điện 3,8 nghìn/số, nước 28K/khối. Tòa nhà được trang bị thiết bị chữa cháy đạt tiêu chuẩn PCCC. Có hệ thống camera an ninh, số hotline chăm sóc cư dân trong tòa nhà. Số lượng phòng có hạn, nhanh tay liên hệ ngay với TingTong để sớm chuyển vào những căn hộ vô cùng chất lượng nhé! --------------------------------------- TingTong - Hệ thống căn hộ, phòng trọ toàn quốc. Liên hệ với chúng tôi để được phục vụ và xem nhà miễn phí mọi lúc",,high,3.2,23.0,Hà Đông,can_ho_mini,0,0,0,1,0,0,1,0,0,0,2,1.0,0,907,0.17863274800506693,0.1786,2cf97443cfb23977882f,9.977,0.1391304347826087
TingTong 80 - Studio mặt đường ô tô đỗ cửa - gian bếp riêng - gần hồ Văn Quán,3750000,25,"Đường Trần Phú, Phường Hà Đông, Hà Nội",Hà Đông,,,Tingtong siêu phẩm Studio mặt đường ô tô đỗ cửa khu vực Hà Đông. Cơ sở TingTong 87 Yên Xá (gần khu giải trí hồ… - 623767,10/01/2024,https://phongtro123.com/tingtong-80-studio-mat-duong-o-to-do-cua-gian-bep-rieng-gan-ho-van-quan-pr623767.html,phongtro123.com,2026-07-05T15:44:02.186349+00:00,0869550121,https://pt123.cdn.static123.com/images/thumbs/450x300/fit/2023/05/04/z4315026106405-5fdb558c89773d41d4cb17f405b95069_1683134470.jpg,"Tingtong siêu phẩm Studio mặt đường ô tô đỗ cửa khu vực Hà Đông. Cơ sở TingTong 87 Yên Xá (gần khu giải trí hồ Văn Quán) DT 25m2 Giá tốt nhất. - Phòng mới, rộng rãi, thiết kế thoáng mát có gian bếp riêng. - Full toàn bộ nội thất cao cấp: Giường, tủ, điều hoà, nóng lạnh, chăn ga gối đệm, tab, tranh bàn ghế ăn, rèm, máy giặt, tủ bếp, - Toà ngay mặt đường, ô tô đỗ cửa, dưới chân tòa là siêu thị Okono 24/7. - An ninh đảm bảo, đối diện sân bóng. Địa chỉ: TingTong 80 - địa chỉ 87 Yên Xá. ------------------------------------ TingTong hệ thống căn hộ, phòng trọ toàn quốc. Liên hệ với chúng mình để được phục vụ và xem nhà miễn phí mọi lúc"".",,high,3.75,25.0,Hà Đông,can_ho_mini,1,0,0,0,0,0,1,1,0,0,3,1.0,0,907,0.17863274800506693,0.1786,df7d60730ddac8039d1c,9.977,0.15
Phòng Trọ Cao Cấp cuối đường Nguyễn Khuyến,3500000,25,"Đường Nguyễn Khuyến, Phường Hà Đông, Hà Nội",Hà Đông,,,"CHO THUÊ CĂN HỘ CAO CẤP FULL ĐỒ - Đ/C : Cuối đường Nguyễn Khuyễn, Văn Quán, Hà Đông, Hà Nội - Giá cực yêu… - 644766",05/01/2024,https://phongtro123.com/phong-tro-cao-cap-cuoi-duong-nguyen-khuyen-pr644766.html,phongtro123.com,2026-07-05T15:44:02.186349+00:00,0963854813,https://pt123.cdn.static123.com/images/thumbs/450x300/fit/2024/01/05/d39e32349cdc698230cd_1704420647.jpg,"CHO THUÊ CĂN HỘ CAO CẤP FULL ĐỒ - Đ/C : Cuối đường Nguyễn Khuyễn, Văn Quán, Hà Đông, Hà Nội - Giá cực yêu thương chỉ từ 3tr5 Có thang máy, máy giặt Cửa vân tay, giờ giấc thỏa mái PCCC đầy đủ Không chung chủ Nội thất: giường, tủ lạnh, tủ quần áo, bàn+ghế, điều hòa, nóng lạnh,..... Liên hệ để xem phòng : 0963854813",,high,3.5,25.0,Hà Đông,can_ho,1,0,0,1,1,0,1,1,0,1,6,1.0,0,912,0.1769446274330294,0.1769,7dfece0e826334db7bef,9.977,0.14
"CCMN full đồ 80 Bà Triệu, gần chợ Hà Đông, gần cầu Đen, có ban công thoáng, khu bếp riêng biệt.",3800000,25,"Phố Bà Triệu, Hà Nội",Hà Đông,,,"Chính chủ cho thuê phòng trọ, thuộc hệ thống nhà ở Hland House, chuyên nghiệp, tiện nghi, tận tâm số 1 Hà Nội - Vị… - 316316",06/01/2024,https://phongtro123.com/ccmn-full-do-ba-trieu-gan-nha-thi-dau-ha-dong-gan-cau-den-co-ban-cong-thoang-khu-bep-rieng-biet-pr316316.html,phongtro123.com,2026-07-05T15:44:02.186349+00:00,0866077261,https://pt123.cdn.static123.com/images/thumbs/450x300/fit/2021/09/16/6bb18c91853774692d26_1631765707.jpg,"Chính chủ cho thuê phòng trọ, thuộc hệ thống nhà ở Hland House, chuyên nghiệp, tiện nghi, tận tâm số 1 Hà Nội - Vị trí: 80 Bà Triệu, Hà Đông cách chợ Hà Đông chỉ 300, gần ngay cầu Đen và ngã tư Hà Trì, giao thông thuận tiện, khu dân trí cao, Taxi vào tận cửa - Trang bị full đồ: Điều hòa, nóng lạnh, tủ lạnh, máy giặt, tủ quần áo, tủ bếp,... - Ban công thoáng, khu bếp tách biệt ngoài ban công - Thang máy vận hành, cửa ra vào khóa vân tay - Không chung chủ, giờ giấc tự do - Xem phòng vui lòng liên hệ: *** (Zalo)",,high,3.8,25.0,unknown,can_ho_mini,1,0,1,1,1,0,1,1,0,0,6,1.0,0,911,0.17728097044763844,0.1773,7e7eb1a44c9848e6230b,9.977,0.152
Chính chủ cho thuê phòng trọ đẹp giá rẻ Kiến Hưng Hà Đông,2500000,27,"157d ngõ 53 tổ 8 Đường Đa Sĩ, Phường Kiến Hưng, Hà Nội",Hà Đông,,,"- 100% chính chủ. - Địa chỉ công khai: 157d, ngõ 53 tổ 8 Đa Sỹ, Kiến Hưng, Hà Đông Hà Nội. - Còn duy nhất 1 phòng… - 644858",06/01/2024,https://phongtro123.com/chinh-chu-cho-thue-phong-tro-dep-gia-re-kien-hung-ha-dong-pr644858.html,phongtro123.com,2026-07-05T15:44:02.186349+00:00,0868674373,https://pt123.cdn.static123.com/images/thumbs/450x300/fit/2024/01/06/1_1704480330.jpg,"- 100% chính chủ. - Địa chỉ công khai: 157d, ngõ 53 tổ 8 Đa Sỹ, Kiến Hưng, Hà Đông Hà Nội. - Còn duy nhất 1 phòng trọ 27m², mỗi tầng chỉ có 1 phòng, sở hữu nguyên tầng gồm 1 phòng ngủ, 1 nhà vệ sinh, có cửa sổ thoáng. Giá 2.7 triệu/tháng, giảm giá thuê còn 2.5 triệu nếu thuê trước 12/01. - Ảnh thật như hình. - Phòng đã có giường ngủ, điều hòa, tủ lạnh mini, nóng lạnh. - Xe để miễn phí tầng 1, có máy giặt. - Có người thu gom rác hàng ngày. - Đặt cọc 1 tháng, tiền nhà thu đầu tháng.",1.0,high,2.5,27.0,Kiến Hưng,phong_tro,1,0,0,0,0,0,1,1,0,0,3,1.0,0,911,0.17728097044763844,0.1773,de3dfbb5239bc948cdfb,10.623,0.09259259259259259
**Phòng trọ cho thuê tại khu vực Hà Đông**,3300000,22,"Phố Bà Triệu, Phường Hà Đông, Hà Nội",Hà Đông,,,"**Phòng trọ cho thuê tại khu vực Hà Đông** Phòng trọ thoáng đãng và tiện nghi, hoàn hảo để bạn có thể gọi là… - 636778",29/12/2023,https://phongtro123.com/phong-tro-cho-thue-tai-khu-vuc-ha-dong-pr636778.html,phongtro123.com,2026-07-05T15:44:02.187349+00:00,0975189864,https://pt123.cdn.static123.com/images/thumbs/450x300/fit/2023/10/02/img-2294_1696240077.jpg,"**Phòng trọ cho thuê tại khu vực Hà Đông** Phòng trọ thoáng đãng và tiện nghi, hoàn hảo để bạn có thể gọi là ngôi nhà thứ hai của mình. Dưới đây là một số thông tin chi tiết về căn phòng: **Đặc điểm căn phòng:** - Diện tích: 22m - Số lượng người ở: 2 - Tiện nghi: Phòng đầy đủ nội thất cơ bản gồm giường, tủ quần áo, điều hoà, nóng lạnh, vệ sinh riêng sạch sẽ (1 phòng 1 wc), bếp nấu ăn riêng có sẵn bếp, có máy giặt chung và phơi đồ trên tầng 5 **Tiện ích chung của khu nhà:** - Wifi tốc độ cao - Chỗ để xe rộng rãi - An ninh rất đảm bảo, giờ giấc tự do - Gần các cửa hàng, siêu thị, chợ và quán ăn, bệnh viện,... **Vị trí: Khu dân cư văn minh, đường xá thuận tiện, gần các trường đại học như Học viện bưu chính viễn thông, HV an ninh, HV quân y, ĐH kiến trúc,... **Giá thuê:** 3tr3-3tr6 mỗi tháng. Điều này bao gồm tất cả các tiện ích chung và dịch vụ hỗ trợ. Nếu bạn quan tâm và muốn biết thêm thông tin chi tiết hoặc sắp xếp lịch xem phòng, vui lòng liên hệ với tôi qua số điện thoại 0975189864",5.0,high,3.3,22.0,Hà Đông,phong_tro,1,1,0,0,1,0,1,1,1,1,7,12.0,0,919,0.17460802606853262,0.1746,a5480ffeff64be6b5f39,9.977,0.15
"Cho thuê phòng trọ 40m2, ngã tư Lê Trọng Tấn, Quang Trung, Hà Đông",2500000,40,"Ngo 5 Phố Lê Trọng Tấn, Phường Hà Đông, Hà Nội",Hà Đông,,,"Phòng trọ cách ngã tư Lê Trọng Tấn - Quang Trung 100m, thuận tiện giao thông. Có nhà để xe riêng, có sân phơi riêng… - 644294",27/12/2023,https://phongtro123.com/cho-thue-phong-tro-40m2-nga-tu-le-trong-tan-quang-trung-ha-dong-pr644294.html,phongtro123.com,2026-07-05T15:44:02.187349+00:00,0983648486,https://pt123.cdn.static123.com/images/thumbs/450x300/fit/2023/12/27/z5015872017857-cd1b49c19563c72fa45a49e517bd63ea_1703692314.jpg,"Phòng trọ cách ngã tư Lê Trọng Tấn - Quang Trung 100m, thuận tiện giao thông. Có nhà để xe riêng, có sân phơi riêng rộng rãi. Phòng tổng diện tích 40m2 gồm 25m² sàn và 15m² gác xép; vệ sinh khép kín. Hàng xóm thân thiện, khu dân cư trí thức.",,high,2.5,40.0,Hà Đông,phong_tro,0,1,0,0,0,1,0,0,0,1,3,12.0,0,921,0.17394611092633494,0.1739,bb3df68176ab60c03de2,9.977,0.0625
Cho thuê phòng trọ Khu Biệt Thự Himlam hà đông,4500000,40,"Đường Nguyễn Thanh Bình, Phường Hà Đông, Hà Nội",Hà Đông,,,"️ Chính chủ cho thuê phòng Ngã 4 Vạn Phúc, tòa mới tinh, phòng rộng 2 không gian ngủ Phòng xịn xò - tha hồ chill nhé,… - 644073",25/12/2023,https://phongtro123.com/cho-thue-phong-tro-khu-biet-thu-himlam-ha-dong-2-pr644073.html,phongtro123.com,2026-07-05T15:44:02.187349+00:00,0961021110,https://pt123.cdn.static123.com/images/thumbs/450x300/fit/2023/12/25/z4974297003823-682679ee2367b341606b679f2c37abda_1703477512.jpg,"️ Chính chủ cho thuê phòng Ngã 4 Vạn Phúc, tòa mới tinh, phòng rộng 2 không gian ngủ Phòng xịn xò - tha hồ chill nhé, có phòng có ban công, bếp riêng ️ Điện 3,8k. Nước 80k/ng ️ vệ sinh chung hành lang, khu vực chung hàng tuần ️ k chung chủ, khoá vân tay, giờ giấc tự do ️ Vị trí: ngã 3 Vạn Phúc, thuân tiện đi lại lên Thanh Xuân, ra Vạn Phúc, Trần Phú, gần Aeon Hà Đông, gần trường CMC, Phenika, Bưu Chính, ĐH Hà Nội Lh 0961021110(ib/sms/call)",,high,4.5,40.0,Hà Đông,phong_tro,1,0,1,0,0,0,0,0,0,0,2,12.0,0,923,0.17328670501389803,0.1733,3cdbf3a4cab742f29cec,9.977,0.1125
"Cho thuê phòng ngã tư vạn phúc, 3tr2, đầy đủ tiện ích, có thang máy",3200000,25,"Đường Nguyễn Thanh Bình, Phường Hà Đông, Hà Nội",Hà Đông,,,"️ Chính chủ cho thuê phòng Ngã 4 Vạn Phúc, tòa mới tinh, phòng rộng 2 không gian ngủ Phòng xịn xò - tha hồ chill nhé,… - 644070",25/12/2023,https://phongtro123.com/cho-thue-phong-nga-tu-van-phuc-3tr2-day-du-tien-ich-co-thang-may-pr644070.html,phongtro123.com,2026-07-05T15:44:02.187349+00:00,0961021110,https://pt123.cdn.static123.com/images/thumbs/450x300/fit/2023/12/25/z4816774031357-dee1e3dab7cf526f2a45872b977c6430_1703476763.jpg,"️ Chính chủ cho thuê phòng Ngã 4 Vạn Phúc, tòa mới tinh, phòng rộng 2 không gian ngủ Phòng xịn xò - tha hồ chill nhé, có phòng có ban công, bếp riêng ️ Điện 3,8k. Nước 80k/ng ️ vệ sinh chung hành lang, khu vực chung hàng tuần ️ k chung chủ, khoá vân tay, giờ giấc tự do ️ Vị trí: ngã 3 Vạn Phúc, thuân tiện đi lại lên Thanh Xuân, ra Vạn Phúc, Trần Phú, gần Aeon Hà Đông, gần trường CMC, Phenika, Bưu Chính, ĐH Hà Nội Lh 0961021110 (ib/sms/call)",,high,3.2,25.0,Hà Đông,phong_tro,1,0,1,1,0,0,0,0,0,0,3,12.0,0,923,0.17328670501389803,0.1733,3cdbf3a4cab742f29cec,9.977,0.128
Cho thuê nhà nguyên căn - Phố Tô Hiến thành,3500000,70,"50 Đường Tô Hiến Thành, Phường Hà Đông, Hà Nội",Hà Đông,,,"Cho thuê nhà nguyên căn tại phố Tô Hiến Thành -Phường Phúc La,Quận Hà Đông,hà Nội Diện tích sử dụng 70m2 2 lầu… - 644053",25/12/2023,https://phongtro123.com/cho-thue-nha-nguyen-can-pho-to-hien-thanh-pr644053.html,phongtro123.com,2026-07-05T15:44:02.187349+00:00,0522964529,https://phongtro123.com/images/thumb_default.svg,"Cho thuê nhà nguyên căn tại phố Tô Hiến Thành -Phường Phúc La,Quận Hà Đông,hà Nội Diện tích sử dụng 70m2 2 lầu ,2 phòng ngủ ,1 phòng khách,3 toilet Điện ,Nước Máy,ADSL,THC Khu dân cư cao cấp thuận lợi di chuyển và làm việc Liên Hệ: Chú Hà - 0522964529 (tel,zalo) địa chỉ: 57 Tô Hiến Thành,Phường Phúc La,Hà Đông,hà NỘi",,high,3.5,70.0,Hà Đông,nha_nguyen_can,0,0,0,0,0,0,0,0,0,0,0,12.0,0,923,0.17328670501389803,0.1733,8f01d30a4862e280b3f0,9.977,0.05
Còn vài phòng trọ trong nhà liền kề mặt tiền đường 19/5 Văn Quán,2800000,20,"Đường số 19/5, Phường Hà Đông, Hà Nội",Hà Đông,,,Còn vài phòng trọ trong nhà liền kề mặt tiền đường 19/5 Văn Quán Không chung chủ Giờ giấc tự do Nội thất cơ… - 643949,23/12/2023,https://phongtro123.com/con-vai-phong-tro-trong-nha-lien-ke-mat-tien-duong-19-5-van-quan-pr643949.html,phongtro123.com,2026-07-05T15:44:02.187349+00:00,0862019316,https://phongtro123.com/images/thumb_default.svg,Còn vài phòng trọ trong nhà liền kề mặt tiền đường 19/5 Văn Quán Không chung chủ Giờ giấc tự do Nội thất cơ bản Liên hệ chính chủ không môi giới Chỉ 5-6 phòng 1 nhà nên không sợ như các ccmn hàng chục phòng,,high,2.8,20.0,Hà Đông,can_ho_mini,0,0,0,0,0,0,0,0,0,0,0,12.0,0,925,0.172629798819075,0.1726,0df4f54b2e7eec2f88fd,9.977,0.13999999999999999
Cho thuê phòng trọ Khu Biệt Thự Himlam hà đông,3200000,30,"Phố Cầu Am, Phường Hà Đông, Hà Nội",Hà Đông,,,Địa chỉ : BT10-05 khu Biệt Thự Him Lam- Vạn Phúc TÒA MỚI TINH ĐÃ HOÀN THIỆN Giá 3 tr tới 3tr 8 - Nhà mới hoàn… - 642823,10/12/2023,https://phongtro123.com/cho-thue-phong-tro-khu-biet-thu-himlam-ha-dong-pr642823.html,phongtro123.com,2026-07-05T15:44:02.187349+00:00,0961021110,https://pt123.cdn.static123.com/images/thumbs/450x300/fit/2023/12/12/z4962743901810-d17e581f37b489e30e774babdd073c75_1702356624.jpg,"Địa chỉ : BT10-05 khu Biệt Thự Him Lam- Vạn Phúc TÒA MỚI TINH ĐÃ HOÀN THIỆN Giá 3 tr tới 3tr 8 - Nhà mới hoàn Thiện, xịn xò - 500m ra tới trường CMC, Hai 2 bước ra chợ, nhiều tiện ích. Cạnh ngã tư Vạn Phúc Gác, tủ, đệm, ga gối, bàn phấn Máy giặt chung Điều hoà, Nóng Lạnh Giờ giấc tự do thoải mái ko chung chủ Có máy giặt chung Nhà Thang bộ, cửa vân tay ️ Camera an ninh Giá Dịch Vụ: - Điện: 3k8/ số - Nước: 80k/ng - DV 200k/ng ( điện khu vực chung, dọn rác, vệ sinh, mạng, để xe, bao trì thiết bị chung, máy giặt) Hợp đồng 6T, 12 tháng Có nuôi pet, dùng xe điện lh 0961021110",,high,3.2,30.0,Hà Đông,phong_tro,1,0,0,0,0,1,1,1,1,1,6,12.0,0,938,0.16842018812689585,0.1684,ca61e22dbec51541b182,9.977,0.10666666666666667
"Phòng 28-30m2, khép kín, lối đi riêng, điều hoà, bếp nấu",3000000,30,"Khu D, đất dịch vụ Đường Yên Lộ, Phường Yên Nghĩa, Hà Nội",Hà Đông,,,"- Diện tích 28-30m2, tầng trệt, không chung chủ, lối đi riêng, 2 lớp cửa, vỉa hè rộng, ô tô đậu. - Nhà mới xây,… - 642617",08/12/2023,https://phongtro123.com/phong-28-30m2-khep-kin-loi-di-rieng-dieu-hoa-bep-nau-pr642617.html,phongtro123.com,2026-07-05T15:44:03.864549+00:00,0982426133,https://pt123.cdn.static123.com/images/thumbs/450x300/fit/2023/12/08/z4425037280922-df766de46c13349a9b124f471c1ba134_1702005347.jpg,"- Diện tích 28-30m2, tầng trệt, không chung chủ, lối đi riêng, 2 lớp cửa, vỉa hè rộng, ô tô đậu. - Nhà mới xây, sạch sẽ, an toàn. - Vỉa hè cây xanh thoáng mát. - Wifi, điều hoà, quạt trần, bếp nấu, phòng vệ sinh khép kín đầy đủ. - Xuân, Hạ, Thu nước nóng năng lượng mặt trời free, mùa đông bình nóng lạnh. - Phù hợp cho hộ gia đình, sinh viên. - Nước hàng tháng chia đầu người, điện 3,5k/1 số công tơ riêng. - Thuận tiện đi lại, cách bến xe bus 3 phút đi bộ. - Gần chợ, gần trường mầm non Yên Hoà, gần trường Tiểu học, THCS Yên Nghĩa. - Có thể chuyển ở ngay đầu tháng 1/2024. - Giá 3 T/tháng.",,high,3.0,30.0,Yên Nghĩa,phong_tro,1,1,0,0,0,0,0,1,1,0,4,12.0,0,940,0.1677817302319007,0.1678,e637b58c4373af9e37ec,13.976,0.1
Tìm người ở cùng tại Tổ 12 Mậu Lương,2700000,32,"SN 223, tổ 12 Đường Mậu Lương, Phường Kiến Hưng, Hà Nội",Hà Đông,,,Cần tìm người ở cùng trong nhà nguyên căn tại Mậu Lương : Vợ chồng t ở không hết phòng nên cho thuê phòng tầng 3… - 642306,05/12/2023,https://phongtro123.com/tim-nguoi-o-cung-tai-to-12-mau-luong-pr642306.html,phongtro123.com,2026-07-05T15:44:03.864549+00:00,0962628214,https://pt123.cdn.static123.com/images/thumbs/450x300/fit/2023/12/05/z4943805569927-9ff01c15ce4fe31d4f2496ec8c786eba_1701740580.jpg,"Cần tìm người ở cùng trong nhà nguyên căn tại Mậu Lương : Vợ chồng t ở không hết phòng nên cho thuê phòng tầng 3 rộng hơn 30m2, WC riêng sang tháng 1/2024 vào ở được luôn. Khu nấu nướng riêng ở Tầng 1 Giặt phơi đồ ở Tầng 4 Có chỗ để xe máy, bình nóng lạnh, điều hoà, giường, máy giặt. Điện nước giá dân Nhà 4 tầng thoáng mát sạch sẽ, yên tĩnh, an ninh Giá thuê: 2tr7/ phòng Địa chỉ: Tổ 12 Mậu Lương, Kiến Hưng Ai thực sự cần liên hệ nhé Sđt: 0962628214",3.0,high,2.7,32.0,Kiến Hưng,nha_nguyen_can,1,1,0,0,0,0,1,1,0,1,5,12.0,0,943,0.16682857859561676,0.1668,0380e4d1ee80c02a80a6,10.623,0.084375
Cho thuê phòng trọ gia đình + cửa hàng đường Lê Trọng Tấn (đối diện Park City) quận Hà Đông,3500000,40,"12 ngõ 36 Phố Lê Trọng Tấn, Phường Hà Đông, Hà Nội",Hà Đông,,,"Nhà 1 tầng có gác xép diện tích 40m2, làm cao thoáng và sáng, ô tô đỗ cửa, có chỗ gửi ô tô; gần chợ, gần bệnh… - 600692",02/12/2023,https://phongtro123.com/cho-thue-phong-tro-gia-dinh-duong-le-trong-tan-doi-dien-park-city-quan-ha-dong-pr600692.html,phongtro123.com,2026-07-05T15:44:03.864549+00:00,0983837386,https://pt123.cdn.static123.com/images/thumbs/450x300/fit/2022/05/14/1_1652499327.jpg,"Nhà 1 tầng có gác xép diện tích 40m2, làm cao thoáng và sáng, ô tô đỗ cửa, có chỗ gửi ô tô; gần chợ, gần bệnh viện, trường học, giao thông thuận tiện. Phù hợp ở cho hộ gia đình (4-5 người), nhóm sinh viên. Nội thất: Sàn lát gạch men bóng, WC ốp lát gạch men bóng có sen vòi tắm, bồn rửa mặt và 1 vòi nước phụ; có chỗ để máy giặt, có bệ bếp, chậu rửa bát; điện nước sạch đủ, nóng lạnh, điều hòa đầy đủ. Cửa hàng 16m2 MT 4m, đường ô tô hai chiều, vị trí tốt phù hợp nhiều loại hình kinh doanh. LH: 0983837386",,high,3.5,40.0,Hà Đông,phong_tro,1,0,0,0,0,1,1,1,0,0,4,12.0,0,946,0.16588084172076423,0.1659,4bb62d927b27cd64ffba,9.977,0.0875
Cho thuê nguyên tầng 4 50m giá 3tr,3000000,50,"Phường Hà Đông, Hà Nội",Hà Đông,,,Nhà mình cho thuê nguyên tầng 4 giá 3tr Có một phòng 25m2 ở với một phòng kho Ngoài ra có sân phơi tầng 5 với bếp… - 641765,29/11/2023,https://phongtro123.com/thue-nguyen-tang-4-50m-gia-3tr-pr641765.html,phongtro123.com,2026-07-05T15:44:03.865555+00:00,0971355766,https://pt123.cdn.static123.com/images/thumbs/450x300/fit/2023/11/29/502b298561fbc8a591ea_1701225313.jpg,Nhà mình cho thuê nguyên tầng 4 giá 3tr Có một phòng 25m2 ở với một phòng kho Ngoài ra có sân phơi tầng 5 với bếp tầng 2 không ai dùng Có vệ sinh riêng Full đồ không thiếu gì Điện nước giá dân 2k số điện Địa chỉ chợ xa la Liên hệ zalo 0971355766,4.0,high,3.0,50.0,Hà Đông,phong_tro,0,1,0,0,1,0,0,0,0,0,2,11.0,0,949,0.16493848884661177,0.1649,2cf97443cfb23977882f,9.977,0.06
"La Khê, Hà Đông - TÌM NAM Ở GHÉP",1650000,30,"Đường Nguyễn Thanh Bình, Phường Hà Đông, Hà Nội",Hà Đông,,,"Điện 4k, dịch vụ 150k, mạng 50, free xe và máy giặt, thang máy Nhà 30m2 gần bùng binh La Khê, 50m ra đường Nguyễn Thanh… - 640871",20/11/2023,https://phongtro123.com/la-khe-ha-dong-tim-nam-o-ghep-pr640871.html,phongtro123.com,2026-07-05T15:44:03.865555+00:00,0345160595,https://pt123.cdn.static123.com/images/thumbs/450x300/fit/2023/11/20/387622614-2365802063626515-5356100921500794752-n_1700458536.jpg,"Điện 4k, dịch vụ 150k, mạng 50, free xe và máy giặt, thang máy Nhà 30m2 gần bùng binh La Khê, 50m ra đường Nguyễn Thanh Bình. Đầy đủ đồ, chỉ cần mang người vào ở (tháng 12 ở được luôn) Yêu cầu: sạch sẽ gọn gàng, trung thực, sòng phẳng, hoà đồng. Chi tiết ib fb/zalo Sđt: 0345160595",,high,1.65,30.0,Hà Đông,o_ghep,0,0,0,1,0,0,1,0,1,0,3,11.0,0,958,0.16214342923632216,0.1621,3cdbf3a4cab742f29cec,9.977,0.055
"Chính chủ cho thuê nhà mới xây, full nội thất ngõ 79 Bà Triệu phong cách Hàn Quốc ở ngay chỉ 3,3 t",3300000,25,"79 Phố Bà Triệu, Phường Hà Đông, Hà Nội",Hà Đông,,,"Chính chủ cho thuê nhà mới xây, full nội thất ngõ 79 Bà Triệu phong cách Hàn Quốc. Ngõ 79 Bà Triệu - Hà Đông ngay… - 640704",18/11/2023,https://phongtro123.com/chinh-chu-cho-thue-nha-moi-xay-full-noi-that-ngo-79-ba-trieu-phong-cach-han-quoc-o-ngay-chi-3-3-t-pr640704.html,phongtro123.com,2026-07-05T15:44:03.865555+00:00,0981370360,https://pt123.cdn.static123.com/images/thumbs/450x300/fit/2023/11/18/20230929-190452_1700273449.jpg,"Chính chủ cho thuê nhà mới xây, full nội thất ngõ 79 Bà Triệu phong cách Hàn Quốc. Ngõ 79 Bà Triệu - Hà Đông ngay cạnh chợ Hà Đông, trường học, sân Vận Động, Cầu Đen. Nhà cách mặt đường Lớn chỉ có 20 m Giá: từ 3tr3 đầy đủ đồ (Chấp nhận thuê ngắn hạn từ 1 tháng ) Không chung chủ, giờ giấc thoải mái, khóa vân tay. ️‍ Đồ: Nóng lạnh, điều hoà, tủ, gác xếp, tủ bàn bếp, bàn học, sofa, đệm, ghế … Mỗi phòng đều có cửa sổ thoáng và cửa sổ thoát hiểm. Nhà mới xây, thang máy nhanh, khu phơi đồ rộng, tầng thượng rộng rãi . Trang bị hệ thống phòng cháy chữa cháy theo tiêu chuẩn. Nhà mặt đường đi lại tiện lợi. Nhà ngay chợ thuận tiện cho việc mua sắm và nấu nướng. Nhà gần trường ĐH Bưu Chính, ĐH Hà Nội, ĐH Kiến Trúc, Nhạc Họa ... Nhà xe thoáng, có cửa cách nhiệt chống cháy ngăn cách nhà xe. Liên hệ chính chủ: 0981370360 ( Anh Chính) 0868440098 ( Sơn)",,high,3.3,25.0,Hà Đông,phong_tro,1,0,0,1,1,1,0,1,0,0,5,11.0,0,960,0.1615287656756835,0.1615,0f1db2e2ed61d74386d1,9.977,0.132
"CCMN cuối Nguyễn Khuyến, Văn Quán, Hà Đông mới 100%",3600000,25,"Cuối Đường Nguyễn Khuyến, Phường Hà Đông, Hà Nội",Hà Đông,,,"Hệ thống Nhà ở H - Land có căn CCMN cho thuê ở địa chỉ: * Địa chỉ : Cuối đường Nguyễn Khuyến, Văn Quán ( cách… - 640361",14/11/2023,https://phongtro123.com/ccmn-cuoi-nguyen-khuyen-van-quan-ha-dong-moi-100-pr640361.html,phongtro123.com,2026-07-05T15:44:03.865555+00:00,0335649789,https://pt123.cdn.static123.com/images/thumbs/450x300/fit/2023/11/14/z4875684154983-ee3dead073abbf543e0ec77d126c455e_1699937438.jpg,"Hệ thống Nhà ở H - Land có căn CCMN cho thuê ở địa chỉ: * Địa chỉ : Cuối đường Nguyễn Khuyến, Văn Quán ( cách hồ Văn Quán 600m, gần các trường ĐH Bưu Chính Viễn Thông, Kiến Trúc, Mật Mã...) - Phòng gác xép, full nội thất: Đệm, tủ quần áo, điều hòa, nóng lạnh, bàn bếp, bàn làm việc, bồn rửa, tủ lạnh, Sofa - Hợp đồng lâu dài không tăng giá, chu kỳ đóng tiền nhà 1 tháng 1 lần, đặt cọc 1 tháng tiền nhà. Liên hệ SĐT vs ZaLo xem phòng : 0335649789",,high,3.6,25.0,Hà Đông,can_ho_mini,1,0,0,0,1,1,0,1,0,0,4,11.0,0,964,0.16030642003773068,0.1603,cd447eab608088841cc9,9.977,0.14400000000000002
Cho thuê phòng trọ gần Đại học Phenikaa,2800000,30,"U8.38 Khu đô thị Đô Nghĩa, Đường Đường Yên Lộ, Phường Yên Nghĩa, Hà Nội",Hà Đông,,,"Mình có phòng cho thuê, ở chung chủ. Diện tích gần 30m vuông Khu đô thị Đô Nghĩa ( cách ĐH Phenikaa 1-2 km) 2 triệu x… - 638715",03/11/2023,https://phongtro123.com/cho-thue-phong-tro-gan-dai-hoc-phenikaa-pr638715.html,phongtro123.com,2026-07-05T15:44:03.865555+00:00,0914364613,https://pt123.cdn.static123.com/images/thumbs/450x300/fit/2023/10/26/387567071-336434909040484-5989419745615350645-n_1698287068.jpg,"Mình có phòng cho thuê, ở chung chủ. Diện tích gần 30m vuông Khu đô thị Đô Nghĩa ( cách ĐH Phenikaa 1-2 km) 2 triệu x 3 triệu x Nhà cho thuê 2 phòng tầng 4, 1 phòng đã có 1 bạn nam (SV năm nhất ĐH Phenikaa) thuê. WC dùng chung Phòng đủ đồ cơ bản, nấu ăn trong phòng. Liên hệ để thảo luận chi tiết hơn ạ!",4.0,high,2.8,30.0,Yên Nghĩa,phong_tro,1,0,0,0,0,0,0,0,0,0,1,11.0,0,975,0.1569924542152383,0.157,5ea19d84cc861ef15d4c,13.976,0.09333333333333332
"Cho thuê CCMN mới xây - 123 Yên Xá, Hà Đông, Hà Nội - Đầy đủ nội thất",3700000,25,"123 Đường Yên Xá, Phường Hà Đông, Hà Nội",Hà Đông,,,"Cho thuê CCMN mới xây - 123 Yên Xá, Hà Đông, Hà Nội - Đầy đủ nội thất Địa chỉ: đầu ngõ 123 yên xá, Phường… - 637694",13/10/2023,https://phongtro123.com/ccmn-moi-xay-123-yen-xa-day-du-do-pr637694.html,phongtro123.com,2026-07-05T15:44:03.865555+00:00,0522602519,https://pt123.cdn.static123.com/images/thumbs/450x300/fit/2023/10/13/z3945608535424-b6ffedf2ca543ef184a58bfd77a29ad9_1697170350.jpg,"Cho thuê CCMN mới xây - 123 Yên Xá, Hà Đông, Hà Nội - Đầy đủ nội thất Địa chỉ: đầu ngõ 123 yên xá, Phường Văn Quán, Quận Hà Đông, Hà Nội Gần bệnh viện 103, bênh viện K Tân Triều, Đại Học Bưu Chính Viễn Thông, Đại Học Kiến Trúc,... *Đầy đủ nội thất: Điều hòa, tủ lạnh, bình nóng lạnh, máy giặt riêng, bàn ăn, tủ quần áo, tủ giày, quạt trần, bàn bếp, bồn rửa, thiết bị vệ sinh,.... * Mô tả chung: _Không chung chủ, giờ giấc tự do thoải mái. _Vệ sinh khép kín. _Có người vệ sinh tòa nhà thường xuyên. _Có ban công, nhiều cửa sổ thoáng mát. _Camera an ninh, cổng vân tay 24/7. _Hợp đồng dài hạn không tăng giá, giờ giấc thoải mái. _Chính chủ, miễn trung gian. Giá dịch vụ: Điện 3,8k/số, nước 30k / khối, wifi 100k/phòng. Thông tin chi tiết, vui lòng gọi điện trực tiếp hoặc liên hệ qua ZALO.",,high,3.7,25.0,Hà Đông,can_ho_mini,1,1,1,0,1,0,1,1,1,0,7,10.0,0,996,0.15085483866157823,0.1509,429aba2974dab25bcd27,9.977,0.14800000000000002
"Cho thuê Phòng 55m2, Hà trì 2, Hà đông, Hà Nội",3000000,55,"11 Đường Hà Trì, Phường Hà Đông, Hà Nội",Hà Đông,,,"Cho Thuê Nhà 5 Tầng tại Hà Trì 2 - Hà Đông, Hà Nội Địa chỉ: Số nhà 11 ngõ 6 Hà Trì 2, Hà Đông, Hà Nội Giá… - 636634",30/09/2023,https://phongtro123.com/cho-thue-phong-55m2-ha-tri-2-ha-dong-ha-noi-pr636634.html,phongtro123.com,2026-07-05T15:44:03.865555+00:00,0988465312,https://pt123.cdn.static123.com/images/thumbs/450x300/fit/2023/09/30/1_1696041944.jpg,"Cho Thuê Nhà 5 Tầng tại Hà Trì 2 - Hà Đông, Hà Nội Địa chỉ: Số nhà 11 ngõ 6 Hà Trì 2, Hà Đông, Hà Nội Giá thuê: Tầng 2, 3, 4, 5: 55m2, giá 2,5 - 3 triệu/tháng Tiện nghi: Tầng 1 để xe. Các tầng 2, 3, 4, 5 đã được trang bị đầy đủ tiện nghi. Thông tin điện nước: Điện nước tự trả theo giá nhà nước. Liên hệ: Cô Thanh - Số điện thoại: 0983465312. Ghi chú: Để xem nhà và biết thêm chi tiết, vui lòng liên hệ trực tiếp với cô Thanh qua số điện thoại đã cung cấp.",2.0,high,3.0,55.0,Hà Đông,phong_tro,0,0,0,0,0,0,0,0,0,1,1,9.0,0,1009,0.14717621454140356,0.1472,af7042dd1b2646a6927f,9.977,0.05454545454545454
"Cho thuê văn phòng, căn hộ, phòng trọ khép kín đô thị Văn Quán, đường Chiến Thắng, Hà Đông, Hà Nội.",3500000,34,"TT15 đô thị Văn Quán Đường Chiến Thắng, Phường Hà Đông, Hà Nội",Hà Đông,,,"Chính chủ thuê nhà làm văn phòng, phòng trọ, căn hộ khép kín tại TT15 đô thị Văn Quán, Hà Đông, Hà Nội. Là khu đô… - 633044",15/08/2023,https://phongtro123.com/cho-thue-van-phong-can-ho-phong-tro-khep-kin-do-thi-van-quan-duong-chien-thang-ha-dong-ha-noi-pr633044.html,phongtro123.com,2026-07-05T15:44:03.865555+00:00,0911056578,https://pt123.cdn.static123.com/images/thumbs/450x300/fit/2023/08/14/1_1692023226.jpg,"Chính chủ thuê nhà làm văn phòng, phòng trọ, căn hộ khép kín tại TT15 đô thị Văn Quán, Hà Đông, Hà Nội. Là khu đô thị văn minh xanh sạch đẹp, văn hóa, đường đô thị trước nhà rộng 8m thoáng mát oto đỗ ngày đêm. Nhà cách đường Chiến Thắng 100m, cạnh công viên, trường Victoria, trường Ban Mai, cạnh chợ đầu mối Văn Quán... Tầng 3 = 4.300.000 đồng/34m2/phòng khép kín, thoáng mát, có điều hòa, bình nóng lạnh, bàn bếp, tủ quần áo, giường, bàn làm việc. Tầng 4 = 4.100.000 đồng/34m/phòng khép kín, thoáng mát, có điều hòa, bình nóng lạnh, bàn bếp, tủ quần áo, giường, bàn làm việc. Tầng 5 = 3.500.000 đồng/34m/phòng, ban công thoáng mát gió trời rất thoáng mát, có điều hòa, bình nóng lạnh, bàn bếp (đặt giữa hành lang 2 phòng tầng 5 dùng chung), tủ quần áo, giường, bàn làm việc. - Máy giặt dùng chung - Công tơ điện riêng, giá diện kinh doanh - Phòng có chỗ phơi đồ riêng, hoặc phơi chung ban công tầng 5 Vui lòng liên hệ chính chủ 0911056578. Cảm ơn mọi người đã đọc tin.",3.0,high,3.5,34.0,Hà Đông,can_ho,1,1,1,0,0,0,1,1,0,0,5,8.0,0,1055,0.13486510709004618,0.1349,e9898eeba1f69ea178d7,9.977,0.10294117647058823
"Cho thuê phòng CCMN khép kín full đồ ngay ngã tư Mậu Lương, Mipec Kiến hưng",3500000,25,"538 Đường Mậu Lương, Hà Nội",Hà Đông,,,"Cho thuê phòng CCMN nhà mới tinh, full đồ số 538 khu liền kề Mậu Lương (gần ngã tư mậu lương hoặc Chung cư Mipec… - 612604",23/07/2023,https://phongtro123.com/cho-thue-phong-ccmn-khep-kin-full-do-ngay-nga-tu-mau-luong-mipec-kien-hung-pr612604.html,phongtro123.com,2026-07-05T15:44:03.866522+00:00,0877828666,https://pt123.cdn.static123.com/images/thumbs/450x300/fit/2023/07/10/1361064b69dfb181e8ce6_1688978811.jpg,"Cho thuê phòng CCMN nhà mới tinh, full đồ số 538 khu liền kề Mậu Lương (gần ngã tư mậu lương hoặc Chung cư Mipec Kiến Hưng) - Trung tâm Mậu Lương, gần cafe, nhà trẻ, viện 103, gần chợ gần hồ khu dân cư đông, đường xá phân lô to rộng. - Thông các ngả ra ngã tư mậu lương, khu kiến hưng, vòng xuyến Văn Phú - Đường xá to đẹp, oto đỗ cửa, khu dân trí cao - Phòng Khép kín, cửa sổ thoáng, FULL Đồ - Nội thất từng phòng: Điều hoà, nóng lạnh, tủ lạnh, giường, tủ quần áo, bàn ghế, sofa bàn trà, hệ thống tủ bếp bồn rửa, máy giặt máy sấy chung - Khoá Vân tay, camera an ninh - Điện 3,8k/số. nước 100k/ng. để xe free - K chung chủ. Giờ thoải mái - Vệ sinh chung hàng tuần sạch sẽ. CHÍNH CHỦ K MẤT PHÍ - CAM KẾT ẢNH THẬT",,high,3.5,25.0,unknown,can_ho_mini,1,1,0,0,1,0,1,1,0,1,6,7.0,0,1078,0.12910129187962582,0.1291,9d2a069458992a8367ed,9.977,0.14
Phòng trọ khép kín 20m2 - 197 Trần Phú,2800000,20,"33, ngõ 197 Đường Trần Phú, Phường Hà Đông, Hà Nội",Hà Đông,,,"Do thay đổi nơi làm việc ở xa nên muốn nhượng lại phòng này Khép kín, 20m2, có đồ cơ bản, tầng 2, máy giặt và… - 630998",20/07/2023,https://phongtro123.com/phong-tro-khep-kin-20m2-197-tran-phu-pr630998.html,phongtro123.com,2026-07-05T15:44:03.866522+00:00,0396001273,https://pt123.cdn.static123.com/images/thumbs/450x300/fit/2023/07/20/photo-2023-07-06-20-21-40_1689865806.jpg,"Do thay đổi nơi làm việc ở xa nên muốn nhượng lại phòng này Khép kín, 20m2, có đồ cơ bản, tầng 2, máy giặt và phơi đồ tầng 6, ở 2-3 người thoải mái Tự do giờ giấc, có chỗ kê kệ nấu ăn, khoá vân tay, có camera Không chung chủ, thành phần ở chủ yếu là người đi làm nên rất yên tĩnh Gần các trường đại học, học viện Gần phòng Gym, Mall lớn, quán ăn, ... Từ nhà ra đường Trần Phú tầm 70m Điện 4k/số, Nước 100k/ng, Mạng 100k/phòng, Vệ sinh chung + điện chung 70k",2.0,high,2.8,20.0,Hà Đông,phong_tro,0,1,0,0,0,0,1,0,1,0,3,7.0,0,1081,0.12836788003894833,0.1284,890bf65882fbe1eda710,9.977,0.13999999999999999
"Cho thuê CCMN Full đồ, khép kín, ban công, 25m2 ngõ 08 Lê Trọng Tấn,Hà Đông, gần DH Phenikka, FLC Quang Trung",3600000,25,"08 Phố Lê Trọng Tấn, Phường Hà Đông, Hà Nội",Hà Đông,,,"Cho thuê CCMN Full đồ, khép kín, ban công, 25m2 ngõ 08 Lê Trọng Tấn,Hà Đông, gần DH Phenikka, FLC Quang Trung Vị trí… - 623450",13/07/2023,https://phongtro123.com/cho-thue-ccmn-full-do-khep-kin-ban-cong-25m2-ngo-08-le-trong-tan-ha-dong-gan-dh-phenikka-flc-quang-trung-pr623450.html,phongtro123.com,2026-07-05T15:44:03.866522+00:00,0877828666,https://pt123.cdn.static123.com/images/thumbs/450x300/fit/2023/04/27/9eecb0592434fb6aa22520_1682574869.jpg,"Cho thuê CCMN Full đồ, khép kín, ban công, 25m2 ngõ 08 Lê Trọng Tấn,Hà Đông, gần DH Phenikka, FLC Quang Trung Vị trí đắc địa: Ngõ xe hơi vào được trước cửa, đối diện sân chơi của Chung cư An Lạc. Cách ngã tư FLC Quang Trung 500m, gần ĐH Phenikaa, khu Parkcity. Nhà nằm trong khu phân lô, dân trí cao, sát chung cư, trường học, mầm non, chợ và các tiện ích sinh hoạt, thuận tiện cho cuộc sống. Phòng mới hoàn toàn, sạch sẽ. Giá điện 3,5k/số, nước 80k/người. Trang bị nội thất đầy đủ: giường, tủ quần áo, bộ bàn ăn 02 ghế, bàn bếp, bồn rửa, điều hòa, nóng lạnh, tủ lạnh, máy giặt chung. Không có chủ, giờ giấc tự do. Máy giặt chung ở tầng trên, tạp vụ vệ sinh hàng tuần. Để xe miễn phí tầng 1, có hệ thống camera an ninh và khóa cổng vân tay. Hợp đồng 6-12 tháng, cọc 1 tháng và đóng tiền hàng tháng. Vui lòng liên hệ qua SMS, cuộc gọi hoặc Zalo để biết thêm chi tiết.",1.0,high,3.6,25.0,Hà Đông,can_ho_mini,1,1,1,0,1,0,1,1,0,1,7,7.0,0,1088,0.1266727476802668,0.1267,0ed5edbf45fc7fd43d39,9.977,0.14400000000000002
CHO THUÊ CĂN HỘ CHUNG CƯ MINI TẠI HÀ ĐÔNG CHÍNH CHỦ,3500000,22,"Số 3 Ngõ 113 Đường Ngô Thì Sỹ, Phường Hà Đông, Hà Nội",Hà Đông,,,"Còn duy nhất 01 phòng trọ khép kín full đồ: Điều hoà, nóng lạnh, bếp, giường đôi, tủ quần áo 3 cánh, đệm, tủ… - 629609",06/07/2023,https://phongtro123.com/cho-thue-can-ho-chung-cu-mini-tai-ha-dong-chinh-chu-pr629609.html,phongtro123.com,2026-07-05T15:44:03.866522+00:00,0986010019,https://pt123.cdn.static123.com/images/thumbs/450x300/fit/2023/07/06/6024_1688625033.jpg,"Còn duy nhất 01 phòng trọ khép kín full đồ: Điều hoà, nóng lạnh, bếp, giường đôi, tủ quần áo 3 cánh, đệm, tủ lạnh, máy giặt… chỉ cần xách vali về ở. Không chung với chủ, khoá vân tay và hệ thống camera hiện đại phủ khắp toà nhà. Wifi tốc độ cao kết nối cho cả Smart Tivi Thang máy, chỗ để xe rộng thoải mái và số lượng phòng trong toà nhà chỉ 09 phòng nên rất yên tĩnh Phòng vệ sinh rộng 3-3.5m2 thoải mái sử dụng, diện tích phòng 22-25m3 Bếp đc thiết kế đẹp như cho một gia đình ở lâu dài Phòng thực tế đẹp hơn trong ảnh nhiều Giá phòng từ 3,2tr/ tháng, dịch vụ 300k/phòng/tháng nếu vào tháng 7 được giảm giá 300k cho tháng 7 và tháng 8 Hãy gọi số 0986010019 và đến xem chắc chắn bạn sẽ ưng ngay.",,high,3.5,22.0,Hà Đông,can_ho_mini,1,1,0,1,1,0,1,1,1,1,8,7.0,0,1095,0.12500000000000003,0.125,a3e69501fa1dc633d359,9.977,0.1590909090909091
Cho thue ccmn bao mới sạch đẹp,3500000,23,"sn 28 ngách 65 ngõ 217 Đường Trần Phú, Phường Hà Đông, Hà Nội",Hà Đông,,,GIẢM NGAY 200-300K/ tháng trong 3-6 tháng đầu nếu vào ở luôn Cho thuê chung cư mini Đchi: Sn 28 ngách 65 ngõ 217 đường… - 629236,01/07/2023,https://phongtro123.com/cho-thue-ccmn-bao-moi-sach-dep-pr629236.html,phongtro123.com,2026-07-05T15:44:03.866522+00:00,0346339984,https://pt123.cdn.static123.com/images/thumbs/450x300/fit/2023/07/01/img-3833_1688222726.jpg,"GIẢM NGAY 200-300K/ tháng trong 3-6 tháng đầu nếu vào ở luôn Cho thuê chung cư mini Đchi: Sn 28 ngách 65 ngõ 217 đường trần phú hà đông hnoi Giá 3tr5-3tr8-4tr2-4tr5 Gần các trường đhoc: ptit, kiến trúc, đhoc hnoi, học viện an ninh, học viện y dược,… Dt: 25-30m2- có gác xép, có thang máy, tiện nghi, sạch sẽ, thoáng mát phù hợp ở 2-3ng Tất cả các phòng đều có cửa sổ kèm khoá cổng vân tay, không chung chủ, giờ giấc tự do thoải mái Ib em để biết thêm thông tin ạ Liên hệ 0389588466",,high,3.5,23.0,Hà Đông,can_ho_mini,0,0,0,1,0,1,0,0,0,0,2,7.0,0,1100,0.123818721237504,0.1238,9738cd7e29032ce82a94,9.977,0.15217391304347827
"Cho thuê phòng trong nhà 4 tầng 2 triệu/ tháng tại Ngô Thì Nhậm, Hà Đông",2000000,20,"Liền kề 23 - 10 Đường Ngô Thì Nhậm, Phường Hà Đông, Hà Nội",Hà Đông,,,"Nhà mình còn 2 phòng kiểu ở ghép ở Ngô Thì Nhậm, Hà Đông. (CHỈ CHO NỮ THUÊ ) ( phòng 2 người ). - Phòng có ban… - 628740",24/06/2023,https://phongtro123.com/cho-thue-phong-trong-nha-4-tang-2-trieu-thang-tai-ngo-thi-nham-ha-dong-pr628740.html,phongtro123.com,2026-07-05T15:44:03.866522+00:00,0988887188,https://pt123.cdn.static123.com/images/thumbs/450x300/fit/2023/06/24/z4455280464376-37917cee9de264214502f64a0cafd505_1687601167.jpg,"Nhà mình còn 2 phòng kiểu ở ghép ở Ngô Thì Nhậm, Hà Đông. (CHỈ CHO NỮ THUÊ ) ( phòng 2 người ). - Phòng có ban công 1,1triệu/ người.( nếu thuê cả phòng là 2 tr) . - Phòng không ban công 900k / người ( nếu thuê cả phòng là 1tr6 ) ( 2 phòng chung 1 nhà tắm vệ sinh vf bếp ), Nhà đã có internet miễn phí, Điện nước giá nhà nước, có công tơ riêng. Inbox zalo mình 0966945710.hoặc gọi số 0988887188",,high,2.0,20.0,Hà Đông,o_ghep,0,0,1,0,0,0,0,0,1,0,2,6.0,0,1107,0.1221836617435202,0.1222,49e459d4ab4453e62118,9.977,0.1
"Cho thuê căn hộ khép kín, diện tích 55 m2 tại ngõ 6, Hà Trì 2, Phường Hà Cầu, Hà Đông, Hà Nội",3000000,55,"11 Đường Hà Trì, Phường Hà Đông, Hà Nội",Hà Đông,,,"Cho thuê căn hộ khép kín, diện tích 55 m2, đầy đủ tiện nghi tại tầng 4, toà nhà 05 tầng. Tầng 1 để xe máy; Tiền… - 628492",21/06/2023,https://phongtro123.com/cho-thue-can-ho-khep-kin-dien-tich-55-m2-tai-ngo-6-ha-tri-2-phuong-ha-cau-ha-dong-ha-noi-pr628492.html,phongtro123.com,2026-07-05T15:44:05.965353+00:00,0913075453,https://phongtro123.com/images/thumb_default.svg,"Cho thuê căn hộ khép kín, diện tích 55 m2, đầy đủ tiện nghi tại tầng 4, toà nhà 05 tầng. Tầng 1 để xe máy; Tiền điện, nước thanh toán theo giá quy định của Nhà nước. Giá cho thuê: 3.000.000 đ/tháng. Mọi chi tiết liên hệ: 0913075453",4.0,high,3.0,55.0,Hà Đông,can_ho,0,1,0,0,0,0,0,0,0,1,2,6.0,0,1110,0.12148954828458139,0.1215,af7042dd1b2646a6927f,9.977,0.05454545454545454
Cho thuê phòng trọ 20m2 - Riêng tầng - Gần Quốc lộ và Ga tàu cao tốc La Khê - Đường 2 ô tô qua lại,2500000,20,"Đường Phan Đình Giót, Phường Hà Đông, Hà Nội",Hà Đông,,,"***Cho nữ thuê Có 3 phòng cho thuê ở khu La Khê Bao gồm: 1 phòng riêng tầng và 2 phòng chung tầng nhau, mỗi tầng 1… - 627599",12/06/2023,https://phongtro123.com/cho-thue-phong-tro-20m2-rieng-tang-chung-chu-hien-lanh-duong-2-o-to-qua-lai-pr627599.html,phongtro123.com,2026-07-05T15:44:05.965353+00:00,0844612055,https://pt123.cdn.static123.com/images/thumbs/450x300/fit/2023/06/12/07de849f-6b21-402a-81b5-feb320f943cb_1686510032.jpg,"***Cho nữ thuê Có 3 phòng cho thuê ở khu La Khê Bao gồm: 1 phòng riêng tầng và 2 phòng chung tầng nhau, mỗi tầng 1 WC - Sinh viên nữ khu Hà Đông chớp phòng thì cực hợp lí vì nhà ngay gần ga Tàu trên La Khê và Quốc Lộ + đường lớn Lê Trọng Tấn - Đường 2 ô tô tránh, cách quốc lộ có 20m nên thoải mái đi lại - Nhà ngay gần quán cafe Two Trees cực xinh, xung quanh là đầy đủ tiện ích, chợ Bông Đỏ, Circle k, Vinmart, Highlands Coffee,... - Nhà mới, lát gỗ sạch sẽ, nhà chung chủ - chủ ở dưới - đi lại thoải mái giờ giấc - Diện tích:20m2 - Điều hoà: Có - Nội thất: Chưa Giá thương lượng. Gọi chủ để biết chi tiết: 0914316780",1.0,high,2.5,20.0,Hà Đông,phong_tro,1,0,0,0,0,0,0,0,0,0,1,6.0,0,1119,0.11943077757643969,0.1194,0ef034a751806c87d321,9.977,0.125
Phòng TingTong full đồ - ô tô đỗ cửa - ngay bưu điện Hà Đông,3750000,30,"Phường Hà Đông, Hà Nội",Hà Đông,,,"TingTong trống phòng CCMN thuộc cơ sở ở Hà Đông - Tố Hữu. - Vị trí: TingTong 121 Ngô Thì Sỹ, Vạn Phúc, Hà… - 626604",31/05/2023,https://phongtro123.com/phong-tingtong-full-do-o-to-do-cua-ngay-buu-dien-ha-dong-pr626604.html,phongtro123.com,2026-07-05T15:44:05.965353+00:00,0967708710,https://pt123.cdn.static123.com/images/thumbs/450x300/fit/2023/05/31/z4393573690077-cce1c1e92cf3282a0be27c4266869f4a_1685544121.jpg,"TingTong trống phòng CCMN thuộc cơ sở ở Hà Đông - Tố Hữu. - Vị trí: TingTong 121 Ngô Thì Sỹ, Vạn Phúc, Hà Đông. (Nhà gần mặt đường, ô tô đỗ cửa, thuận tiện ô tô đi lại). - Gần các trường như ĐH Hà Nội, SP Trung Ương, Y học cổ truyền,... - Nhà thiết kế như trong ảnh, ngoài thực tế phòng rộng đẹp y ảnh. - Phòng có full đồ chỉ việc đến ở, thiết bị vệ sinh đầy đủ. - Ra vào dùng cửa khóa vân tay, giờ giấc tự do 24/24. - Thang máy, internet riêng từng phòng, wifi tốc độ cao. - Dịch vụ bao gồm: Điện 3k8/ số nước 28k/ khối - Vệ sinh 40k/ người. - Đặc biệt: Đội ngũ quản lý tòa nhà và kĩ thuật chuyên nghiệp để xử lý các điện nước cho khách hàng 24/7. - Xem phòng ở được ngay. Tiếp đón các bác tận tình chu đáo - gọi ngay cho em để em chỉ đường nhé. TingTong Hệ thống căn hộ, phòng trọ toàn quốc. Gọi điện hoặc ZALO (TingTong).",,high,3.75,30.0,Hà Đông,can_ho_mini,1,0,0,1,1,0,0,0,1,0,4,5.0,0,1131,0.11673991783332242,0.1167,2cf97443cfb23977882f,9.977,0.125
TINGTONG KHAI TRƯƠNG 1K1N VÀ 2N1K 50m2 GẦN NGÃ TƯ VẠN PHÚC TỐ HỮU,4350000,50,"Đường Tố Hữu, Phường Hà Đông, Hà Nội",Hà Đông,,,TINGTONG KHAI TRƯƠNG CCMN 1N1K VÀ 2N1K 50m2 ĐỦ ĐỒ NỘI THẤT MỚI TINH 100% TẠI NGÃ TƯ VẠN PHÚC GIAO ĐƯỜNG TỐ HỮU -… - 625538,31/05/2023,https://phongtro123.com/tingtong-khai-truong-1k1n-va-2n1k-50m2-gan-nga-tu-van-phuc-to-huu-pr625538.html,phongtro123.com,2026-07-05T15:44:05.965353+00:00,0967708710,https://pt123.cdn.static123.com/images/thumbs/450x300/fit/2023/05/23/z4359308942097-d578016f60ba223f509f39222b1dedf3_1684817866.jpg,"TINGTONG KHAI TRƯƠNG CCMN 1N1K VÀ 2N1K 50m2 ĐỦ ĐỒ NỘI THẤT MỚI TINH 100% TẠI NGÃ TƯ VẠN PHÚC GIAO ĐƯỜNG TỐ HỮU - NGỌC TRỤC - ĐẠI MỖ Địa chỉ: TingTong cơ sở 93 Ngọc Trục - Phòng 1N1K 35m2 giá chỉ từ 4tr3 - 4tr5 - Phòng 2N1K 50m2 giá chỉ từ 5tr5 - 5tr8 + Phòng hoàn thiện 80%, có thể vào ở cuối tháng, hiện tại có thể qua xem chọn tầng chọn phòng * Nhà xe tầng 1, siêu rộng, ngõ rộng ba gác đi thoải mái * Khu vực trung tâm: Đường vào nhà cách ngã Tư Tố Hữu 1km, Trường THCS Đại Mỗ 200m, Cách Aeon Hà Đông 1,5km, Cầu Sa đôi 1km, Vạn Phúc, Mỗ Lao * Đại học Penika, đại học Đại Nam,... Đường Nguyễn Thanh Bình, Trường Quốc Tế Nhật Bản. - Vị trí thuận tiện đi lại, chợ cách nhà 100m, ngoài ra Winmat+ cũng về tới làng vừa đưa vào hoạt động,khách hàng làm lại Aeon Mall Hà Đông, La Khê, Văn Khê Trung Văn đi lại rất tiện * Chỗ để oto cách khoảng 200m * Full nội thất cơ bản như ảnh 3D: TỦ QUẦN ÁO, ĐIỀU HÒA, NÓNG LẠNH, TRANH HIGTFLY, CHĂN GA GỐI ĐỆM ,BÀN BẾP NHÔM KÍNH TRÊN DƯỚI, ĐỒNG HỒ, BÀN GHẾ ĂN 4 ghế, GƯƠNG, GIƯỜNG, TAB ĐẦU GIƯỜNG. * Phòng nào cũng có ban Công riêng, cực rộng, thiết kế đẳng cấp, phòng bếp tách riêng biệt Nhà đã hoàn thiện 90%, có thể qua xem chọn tầng chọn phòng TingTong – Hệ thống căn hộ, phòng trọ toàn quốc Liên hệ với chúng tôi để được phục vụ và xem nhà miễn phí mọi lúc",1.0,high,4.35,50.0,Hà Đông,can_ho_mini,1,0,1,0,1,1,0,1,0,0,5,5.0,0,1131,0.11673991783332242,0.1167,cbbe0f66c4e0982f198b,9.977,0.087
"TINGTONG 74 - full đồ - ô tô đỗ cửa khu đô thị Mỗ Lao, Hà Đông",4550000,25,"Đường Thanh Bình, Phường Hà Đông, Hà Nội",Hà Đông,,,TingTong siêu phẩm GÁC XÉP mặt đường ô tô đỗ cửa khu vực Hà Đông. Cơ sở TingTong 74 -206 THANH BÌNH (gần Chung Cư… - 624785,31/05/2023,https://phongtro123.com/tingtong-co-so-74-co-phong-gac-xep-du-do-co-ban-ngo-206-thanh-binh-pr624785.html,phongtro123.com,2026-07-05T15:44:05.965353+00:00,0967708710,https://pt123.cdn.static123.com/images/thumbs/450x300/fit/2023/05/13/z4342207802111-36c30a6299af738adb6bcfe4b03903ec_1683977715.jpg,"TingTong siêu phẩm GÁC XÉP mặt đường ô tô đỗ cửa khu vực Hà Đông. Cơ sở TingTong 74 -206 THANH BÌNH (gần Chung Cư Xuân Mai ) DT 25m2 Giá tốt nhất: + Giá phòng đuôi 3: 4.550.000 (cửa sổ) +Giá phòng đuôi 2: 4.850.000 (Ban công) - Phòng mới, rộng rãi, thiết kế thoáng mát có gian bếp riêng. - Full toàn bộ nội thất cao cấp: Giường, tủ, điều hoà, nóng lạnh, chăn ga gối đệm, tab, tranh bàn ghế ăn, rèm, máy giặt, tủ bếp, - Toà ngay mặt đường, ô tô đỗ cửa - An ninh đảm bảo, đối diện sân bóng. Địa chỉ: TingTong 74 - địa chỉ 206 Thanh Bình ------------------------------------ TingTong hệ thống căn hộ, phòng trọ toàn quốc. Liên hệ với chúng mình để được phục vụ và xem nhà miễn phí mọi lúc""",,high,4.55,25.0,Hà Đông,can_ho,1,0,1,0,1,1,1,1,0,0,6,5.0,0,1131,0.11673991783332242,0.1167,2edd5af6ce6381c771b3,9.977,0.182
"CHO THUÊ CCMN TINGTONG OTO ĐỖ CỬA, GẦN HỒ VĂN QUÁN",3750000,28,"Phường Hà Đông, Hà Nội",Hà Đông,,,"Tingtong khai trương nhà mới ngay gần Hồ Văn Quán. Phòng studio thiết kế hiện đại, đầy đủ tiện ích. Vị trí:… - 624806",31/05/2023,https://phongtro123.com/tingtong-102-ccmn-ngay-gan-san-bong-yen-xa-ban-cong-thoang-full-do-co-ban-pr624806.html,phongtro123.com,2026-07-05T15:44:05.965353+00:00,0967708710,https://pt123.cdn.static123.com/images/thumbs/450x300/fit/2023/05/20/cho-thue-phong-tro-tingtong-3-of-5_1684572183.jpg,"Tingtong khai trương nhà mới ngay gần Hồ Văn Quán. Phòng studio thiết kế hiện đại, đầy đủ tiện ích. Vị trí: TingTong 87 Yên Xá, Chiến Thắng, Văn Quán, Hà Đông (ngay cuối đường Chiến Thắng). Dân trí cao, thuận tiện sinh hoạt, đường ô tô lách nhau, bãi đỗ ô tô gần nhà 100m thuận tiện đi lại. Phù hợp các bạn học Kiến Trúc, Bưu Chính, Hà Nội, Giao Thông Vận Tải,... Phù hợp người đi làm khu vực Văn Quán, Phùng Khoang, Triều Khúc, Thanh Xuân, Nguyễn Trãi, Tân Triều, Xala, Nguyễn Xiển,... Tiện ích: Full đồ nội thất, điều hòa, nóng lạnh, giường gỗ, tủ quần áo, tủ bếp, chăn ga gối đệm, tủ giường, máy giặt, bàn ghế. Dịch vụ: Thang máy, máy giặt, máy sấy tiện nghi, cổng khóa vân tay. Camera 24/24, kiểm tra an ninh và kĩ thuật hàng ngày. Vệ sinh sạch sẽ, thường xuyên có người đến dọn dẹp vệ sinh. * Điện 3,8 nghìn/ số nước 28 nghìn/ số. + Giá trục phòng đuôi 1: 4.250.000 - giảm giá 3 tháng chỉ còn 3.750.000. + Giá trục phòng đuôi 3: 4.350.000. - giảm giá 3 tháng chỉ còn 3.850.000. Mọi thông tin chi tiết - xin mời anh chị qua thực tế trải nghiệm tòa nhà (cam kết đón tiếp anh chị tận tình chu đáo). Không mất bất kỳ khoản chi phí nào khi tới xem. --------------------------------------- TingTong hệ thống căn hộ, phòng trọ toàn quốc. Liên hệ với chúng tôi để được phục vụ và xem nhà miễn phí mọi lúc.",,high,3.75,28.0,Hà Đông,can_ho_mini,1,0,0,1,1,0,1,1,0,0,5,5.0,0,1131,0.11673991783332242,0.1167,2cf97443cfb23977882f,9.977,0.13392857142857142
TINGTONG - CHO THUÊ PHÒNG FULL ĐỒ - OTO ĐỖ CỬA - GẦN BƯU ĐIỆN HÀ ĐÔNG,4050000,25,"Phường Hà Đông, Hà Nội",Hà Đông,,,Tingtong còn phòng ccmn full đồ - ban công ở Vạn Phúc gần bưu điện Hà Đông. Địa chỉ: TingTong cơ sở 242 Vạn Phúc… - 623766,31/05/2023,https://phongtro123.com/tingtong-cho-thue-phong-full-do-oto-do-cua-gan-buu-dien-ha-dong-pr623766.html,phongtro123.com,2026-07-05T15:44:05.965353+00:00,0967708710,https://pt123.cdn.static123.com/images/thumbs/450x300/fit/2023/05/04/z4315012733907-eaec1cb3b938bd52001f88f53ed4e2fa_1683133669.jpg,"Tingtong còn phòng ccmn full đồ - ban công ở Vạn Phúc gần bưu điện Hà Đông. Địa chỉ: TingTong cơ sở 242 Vạn Phúc - Hà Đông, OTO ĐỖ CỬA, Nhà mặt đường DT 23m². - Phòng có đầy đủ nội thất bao gồm: Giường, tủ quần áo, tủ bếp, nóng lạnh, điều hoà, đôn, sàn gỗ. - Phòng rộng rãi thoáng mát. - Có quản lý tòa nhà hỗ trợ mọi lúc, giờ giấc tự do thoải mái. Tòa nhà được trang bị thiết bị chữa cháy đạt tiêu chuẩn PCCC. Có hệ thống camera an ninh, số hotline chăm sóc cư dân trong tòa nhà. Số lượng phòng có hạn, nhanh tay liên hệ ngay với TingTong để sớm chuyển vào những căn hộ vô cùng chất lượng nhé! --------------------------------------- TingTong Hệ thống căn hộ, phòng trọ toàn quốc. Liên hệ với chúng tôi để được phục vụ và xem nhà miễn phí mọi lúc.",,high,4.05,25.0,Hà Đông,can_ho_mini,1,0,1,0,1,0,0,1,0,0,4,5.0,0,1131,0.11673991783332242,0.1167,2cf97443cfb23977882f,9.977,0.162
"TingTong - CCMN cuối đường Chiến Thắng Hà Đông, full đồ giá siêu tốt tháng 5",3550000,25,"Đường Chiến Thắng, Phường Hà Đông, Hà Nội",Hà Đông,,,"TingTong trống phòng cuối đường Chiến Thắng, có thể ở luôn. Địa chỉ: TingTong cơ sở 123 Yên Xá (gần khu giải… - 623759",20/05/2023,https://phongtro123.com/tingtong-ccmn-cuoi-duong-chien-thang-ha-dong-full-do-gia-sieu-tot-thang-5-pr623759.html,phongtro123.com,2026-07-05T15:44:05.965353+00:00,0967708710,https://pt123.cdn.static123.com/images/thumbs/450x300/fit/2023/05/03/z4314939355227-65088f559a58e45b7f2a7966e1742711_1683130368.jpg,"TingTong trống phòng cuối đường Chiến Thắng, có thể ở luôn. Địa chỉ: TingTong cơ sở 123 Yên Xá (gần khu giải trí hồ Văn Quán, Hà Đông) Khép kín - có bãi đỗ oto. - Nhà thiết kế như trong ảnh, ngoài thực tế phòng rộng đẹp y ảnh. - Phòng có full đồ chỉ việc đến ở, thiết bị vệ sinh đầy đủ. - Ra vào dùng cửa khóa vân tay, giờ giấc tự do 24/24. - Dịch vụ bao gồm: Điện 3k8/ số nước 28k/ khối - vệ sinh 40k/ người. - Đặc biệt: Đội ngũ quản lý tòa nhà và kĩ thuật chuyên nghiệp để xử lý các điện nước cho khách hàng 24/7. - Xem phòng ở được ngay. Tiếp đón các bạn tận tình chu đáo - gọi ngay cho TingTong để xem phòng miễn phí nhé. --------------------------------------- TingTong Hệ thống căn hộ, phòng trọ toàn quốc. Liên hệ với chúng tôi để được phục vụ và xem nhà miễn phí mọi lúc.",,high,3.55,25.0,Hà Đông,can_ho_mini,0,1,0,0,1,0,0,0,0,1,3,5.0,0,1142,0.1143265890488037,0.1143,8157d94add72c92c0ff3,9.977,0.142
"Phòng trọ khép kín 40m2 đường Mỗ Lao, Hà Đông, nội thất đầy đủ",4500000,40,"36 Đường Mỗ Lao, Phường Hà Đông, Hà Nội",Hà Đông,,,"CHÍNH CHỦ CHO THUÊ PHÒNG 1. Nội thất đầy đủ như trong ảnh và video: Giường, tủ, bàn ghế, tủ lạnh, bếp từ,… - 625261",18/05/2023,https://phongtro123.com/phong-tro-khep-kin-40m2-duong-mo-lao-ha-dong-noi-that-day-du-pr625261.html,phongtro123.com,2026-07-05T15:44:05.965353+00:00,0384068862,https://pt123.cdn.static123.com/images/thumbs/450x300/fit/2023/05/18/2f959626a2407c1e2551_1684376519.jpg,"CHÍNH CHỦ CHO THUÊ PHÒNG 1. Nội thất đầy đủ như trong ảnh và video: Giường, tủ, bàn ghế, tủ lạnh, bếp từ, điều hòa, nóng lạnh, v.v... Đồ đạc hỏng được sửa chữa miễn phí. 2. Giá thuê: 4.500.000, có thể giảm xuống 4.400.000 cho những bạn thuê trước 31/5. 3. Phí dịch vụ: 250.000/ người, đã bao gồm: Nước, Wifi, thang máy, gửi xe tầng 1, máy giặt tầng thượng, camera an ninh 24/7, vệ sinh hàng tuần, v.v... (Tuyệt đối không phát sinh thêm). Điện 3k8/số. 4. Không giới hạn số người ở. Liên hệ xem phòng: 0384068862 hoặc 0359879537 (anh Thuần)",1.0,high,4.5,40.0,Hà Đông,phong_tro,1,1,0,1,1,0,1,1,1,1,8,5.0,0,1144,0.11389319258845136,0.1139,8a3852c23f7396a903c1,9.977,0.1125
CCMN mới hoàn thiện full đồ kk ban công cửa sổ to,3600000,26,"ngõ 8 Phố Lê Trọng Tấn, Phường Hà Đông, Hà Nội",Hà Đông,,,"CCMN mới tinh vào ở luôn Gần trường ĐH Phenikaa, ĐH Đại Nam, .... Đường lớn đi lại thuận tiên, ô tô đỗ… - 623178",24/04/2023,https://phongtro123.com/ccmn-moi-hoan-thien-full-do-kk-ban-cong-cua-so-to-pr623178.html,phongtro123.com,2026-07-05T15:44:05.965353+00:00,0962147991,https://pt123.cdn.static123.com/images/thumbs/450x300/fit/2023/04/24/z4286210939896-99bc2a37445989145be63818082a481c_1682311022.jpg,"CCMN mới tinh vào ở luôn Gần trường ĐH Phenikaa, ĐH Đại Nam, .... Đường lớn đi lại thuận tiên, ô tô đỗ cửa Phòng đầy đủ nội thất: Giường, tủ quần áo, bàn bếp bồn rửa, bàn ăn 2 ghế,....",,high,3.6,26.0,Hà Đông,can_ho_mini,1,0,1,0,1,0,0,0,0,0,3,4.0,0,1168,0.10881882041201553,0.1088,166c8980740711ae1d2e,9.977,0.13846153846153847
"Cho thuê CCMN 35m2 đầy đủ đồ ở Hữu Hòa, Mậu Lương chính chủ",3600000,35,"Đường Mậu Lương, Phường Kiến Hưng, Hà Nội",Hà Đông,,,"Địa điểm: CĐ Công nghệ Bách Khoa Hà Nội, Cầu Tó, Mậu Lương,... *Đầy đủ nội thất: Điều hòa, tủ lạnh,… - 623259",25/04/2023,https://phongtro123.com/cho-thue-ccmn-35m2-day-du-do-o-huu-hoa-mau-luong-chinh-chu-pr623259.html,phongtro123.com,2026-07-05T15:44:05.965353+00:00,0779345111,https://pt123.cdn.static123.com/images/thumbs/450x300/fit/2023/04/25/z4287949459431-e946c41fc3409902336f2e9a77a000f5_1682392380.jpg,"Địa điểm: CĐ Công nghệ Bách Khoa Hà Nội, Cầu Tó, Mậu Lương,... *Đầy đủ nội thất: Điều hòa, tủ lạnh, bình nóng lạnh, máy giặt riêng chung 2c, bàn ăn, tủ quần áo, tủ giày, bàn bếp, bồn rửa, thiết bị vệ sinh,.. * Mô tả chung: _Không chung chủ, giờ giấc tự do thoải mái. _Vệ sinh khép kín. _Có người vệ sinh tòa nhà thường xuyên. _Có ban công rộng thoáng. _Camera an ninh, cổng vân tay 24/7. _Hợp đồng dài hạn không tăng giá, giờ giấc thoải mái, tiếp bạn bè lịch sự thoải mái. _Chính chủ, miễn trung gian. Giá dịch vụ: Điện 3,5k 1 số, nước 25k 1 khối, wifi 100k 1 phòng có model riêng. Thông tin chi tiết, vui lòng gọi điện trực tiếp hoặc liên hệ qua ZALO.",,high,3.6,35.0,Kiến Hưng,can_ho_mini,1,1,1,0,1,0,1,1,1,0,7,4.0,0,1167,0.10902566732584694,0.109,c0cf5ef2f918c88fec5b,10.623,0.10285714285714286
"Cho thuê CCMN full đồ tại Ba La,Hà Đông",3500000,20,"Đường Ba La, Phường Phú Lương, Hà Nội",Hà Đông,,,"Căn nhà tuyệt đẹp với đầy đủ nội thất sang trọng, bao gồm máy điều hòa, máy nước nóng, tủ lạnh, giường… - 621384",24/04/2023,https://phongtro123.com/cho-thue-ccmn-full-do-tai-ba-la-ha-dong-pr621384.html,phongtro123.com,2026-07-05T15:44:05.965353+00:00,0988367162,https://pt123.cdn.static123.com/images/thumbs/450x300/fit/2023/04/05/z4237266761868-4ff6389f36d2f62ecb0882806b77ff80_1680662514.jpg,"Căn nhà tuyệt đẹp với đầy đủ nội thất sang trọng, bao gồm máy điều hòa, máy nước nóng, tủ lạnh, giường ngủ, tủ quần áo, bàn học và chỗ đỗ xe miễn phí. Hơn nữa, căn nhà được trang bị camera an ninh, máy giặt chung, kệ bếp và khu vực phơi đồ. Chủ nhà trực tiếp cho thuê, không qua trung gian. Giá thuê hấp dẫn chỉ 3.6 triệu/tháng, cọc trước 1 tháng. Bạn có thể dọn đến ở ngay sau khi thanh toán. Vị trí căn nhà rất thuận lợi, gần Bến xe Yên Nghĩa, ga tàu điện trên cao, Đại học Đại Nam, Quốc lộ 6 và nhiều tiện ích khác. Không chỉ đẹp mà căn phòng còn rất sạch sẽ, được trang bị ban công thoáng mát, giúp cho không khí trong lành hơn. Chi phí tiết kiệm với giá điện chỉ 3.5k/số, nước 20k/khối và internet 100k/tháng bao gồm bộ phát riêng. Để đảm bảo sự thoải mái cho cư dân, căn nhà được dọn dẹp hàng tuần, bảo đảm vệ sinh chung cả nhà. Cư dân không phải sống chung chủ, có thể linh hoạt trong việc sắp xếp thời gian đi lại và đón tiếp bạn bè. Hợp đồng cho thuê lâu dài, không tăng giá, chu kỳ đóng tiền nhà 1 tháng 1 lần và đặt cọc trước 1 tháng tiền nhà.",,high,3.5,20.0,Phú Lương,can_ho_mini,1,0,1,0,1,0,1,0,1,0,5,4.0,0,1168,0.10881882041201553,0.1088,19fc6c7639fcb00075b8,13.096,0.175
"Chung cư mini, thiết kế kiểu khách sạn, đầy đủ nội thất",3500000,20,"4 Đường Thanh Bình, Phường Hà Đông, Hà Nội",Hà Đông,,,"Phòng thiết kế kiểu khách sạn, tinh tế và thoáng mát. Được thiết kế hướng đông nam với ánh sáng tự nhiên rực… - 620244",14/04/2023,https://phongtro123.com/chung-cu-mini-thiet-ke-kieu-khach-san-day-du-noi-that-pr620244.html,phongtro123.com,2026-07-05T15:44:05.965353+00:00,0913093489,https://pt123.cdn.static123.com/images/thumbs/450x300/fit/2023/03/24/4_1679652819.jpg,"Phòng thiết kế kiểu khách sạn, tinh tế và thoáng mát. Được thiết kế hướng đông nam với ánh sáng tự nhiên rực rỡ và gió mát trong mùa hè, cùng với chức năng chắn gió lạnh trong mùa đông. Phòng vệ sinh riêng được trang bị ô thoáng thông gió và đón ánh sáng tự nhiên, đảm bảo luôn khô thoáng và sạch sẽ. Nơi đỗ xe thuận tiện và có tiếng ồn thấp, phòng nằm gần điểm dừng 20 tuyến xe bus và ga tàu điện Cát Linh Hà Đông, tiện cho việc di chuyển. Khu vực lân cận có nhiều tiện ích như nhà hàng, quán cà phê, các cửa hàng bán đồ ăn sáng, tiệm giặt là và hiệu thuốc. Ngoài ra, phòng nằm gần các trường ĐH Kiến Trúc, An Ninh, Bưu chính Viễn thông, ĐH Hà Nội... khu vực an ninh, dân trí cao. Phòng ngủ được trang bị điều hòa nhiệt độ và quạt treo tường, tủ quần áo, giường và đệm king size 1,8x2m, kệ đầu giường, cửa sổ chống ồn và rèm cửa, cửa ra vào chống ồn tiêu chuẩn khách sạn, Smart TV32in, tủ lạnh (tùy phòng). Phòng vệ sinh có máy sấy tóc, bồn cầu liền khối, bình nóng lạnh, vòi sen, chậu rửa lavabo, gương lớn, móc treo khăn và kệ đựng. Ngoài ra, phòng còn được trang bị các tiện ích khác như khu máy giặt miễn phí, chỗ để xe miễn phí, khóa vân tay, wifi tốc độ cao, thang máy và camera.",,high,3.5,20.0,Hà Đông,can_ho_mini,1,1,0,1,1,0,1,1,1,1,8,4.0,0,1178,0.10677181289377088,0.1068,c7a3f52f65bbba6a741d,9.977,0.175
"CCMN 25m2 đầy đủ đồ tại Bala, Phú Lãm chính chủ",3600000,25,"Đường Ba La, Phường Phú Lương, Hà Nội",Hà Đông,,,"Địa điểm: Gần Đại học Đại Nam, Bến xe Yên Nghĩa,... Đầy đủ nội thất: Điều hòa, nóng lạnh, tủ lạnh,… - 621379",12/04/2023,https://phongtro123.com/ccmn-25m2-day-du-do-tai-bala-phu-lam-chinh-chu-pr621379.html,phongtro123.com,2026-07-05T15:44:05.965353+00:00,0779345111,https://pt123.cdn.static123.com/images/thumbs/450x300/fit/2023/04/05/z4237266159963-4ff6389f36d2f62ecb0882806b77ff80_1680660127.jpg,"Địa điểm: Gần Đại học Đại Nam, Bến xe Yên Nghĩa,... Đầy đủ nội thất: Điều hòa, nóng lạnh, tủ lạnh, giường tủ, tủ quần áo, bàn bếp trên dưới, bếp từ, hút mùi, đệm, bàn ăn 2 ghế, máy giặt chung 3 cái. Chính chủ không mất phí. Không chung chủ, giờ giấc tự do thoải mái. Vệ sinh khép kín. Có người vệ sinh tòa nhà thường xuyên. Nhà căn góc, có cửa sổ thoáng mát. Thang máy, camera an ninh, cổng vân tay 24/7. Giá dịch vụ: Điện 3,5k 1 số, nước 20k 1 khối, wifi 100k 1 phòng có model riêng. Thông tin chi tiết, vui lòng gọi điện trực tiếp hoặc liên hệ qua ZALO.",,high,3.6,25.0,Phú Lương,can_ho_mini,1,1,0,1,1,0,1,1,1,0,7,4.0,0,1180,0.1063670555564046,0.1064,19fc6c7639fcb00075b8,13.096,0.14400000000000002
Chung cư mini khu vực XaLa - Viện K Tân Triều,3600000,25,"Đường Ba La, Phường Hà Đông, Hà Nội",Hà Đông,,,Cho thuê CCMN khu vực Hà Đông Còn phòng vừa hoàn thiện đồ đạc mới 100% *Miễn phí dịch vụ tháng 4 cho khách… - 622012,12/04/2023,https://phongtro123.com/chung-cu-mini-khu-vuc-xala-vien-k-tan-trieu-pr622012.html,phongtro123.com,2026-07-05T15:44:05.965353+00:00,0986318534,https://pt123.cdn.static123.com/images/thumbs/450x300/fit/2023/04/12/z4237266155850-6025ec5f882bf0dce1d41b2f8f727bb1_1681261757.jpg,"Cho thuê CCMN khu vực Hà Đông Còn phòng vừa hoàn thiện đồ đạc mới 100% *Miễn phí dịch vụ tháng 4 cho khách hàng vào ở ngay Địa chỉ Số ngõ 48 Ba La • Phòng rộng rãi thoáng mát • Full đồ: Điều hòa, nóng lạnh,tủ lạnh máy giặt thang máy,... • Gần Đại Học Đại Nam, cạnh ga Văn Khê, bến xe Yên Nghĩa •Ô tô đỗ cửa. Gần các trục đường chính. Đi lại thuận tiện •Phòng không chung chủ đi lại giờ giấc thoải mái • Khóa vân tay thông minh, có chỗ để xe máy dưới tầng 1... KHÔNG THU PHÍ XEM PHÒNG, KHÔNG QUA TRUNG GIAN… Liên hệ 0986318534 (Zalo - Call)",1.0,high,3.6,25.0,Hà Đông,can_ho_mini,1,0,0,1,1,0,1,1,0,1,6,4.0,0,1180,0.1063670555564046,0.1064,86c12c201085834ce167,9.977,0.14400000000000002
"Cho thuê CCMN full đồ tại cuối Nguyễn Khuyến, Văn Quán, Hà Đông",3500000,25,"Đường Nguyễn Khuyến, Phường Hà Đông, Hà Nội",Hà Đông,,,"- Nhà đẹp full nội thất - Chỉ việc mang vali vào ở. - Phòng đẹp, sạch sẽ,ban công thoáng mát,ô tô đỗ cửa, gần… - 586796",21/03/2023,https://phongtro123.com/cho-thue-ccmn-full-do-tai-yen-xa-tan-trieu-pr586796.html,phongtro123.com,2026-07-05T15:44:05.965353+00:00,0988367162,https://pt123.cdn.static123.com/images/thumbs/450x300/fit/2021/11/16/z2936796692552-2f6605e8b7f0056effe527445e28c592_1637027453.jpg,"- Nhà đẹp full nội thất - Chỉ việc mang vali vào ở. - Phòng đẹp, sạch sẽ,ban công thoáng mát,ô tô đỗ cửa, gần các trường ĐH: CNGTVT, kiến trúc, bưu chính, ĐH Hà Nội,... - - Gần HVQY 103,Viện Bỏng,KĐT Xa La,đại lộ Chu Văn An,.. - Giá 3tr5/tháng. Đóng 1 cọc 1 tháng (ở được luôn). - Phòng 1 ngủ 1 khách giá 4tr2 Mô tả chung. - Full nội thất điều hòa, nóng lạnh, tủ lạnh, giường, tủ, phơi đồ, bàn học để xe miễn phí, camera an ninh, máy giặt chung, kệ bếp.Tháng máy tốc độ cao,khóa cổng vân tay - Chính chủ miễn môi giới. - Điện 3,5k / số. - Nước 20k/số. - Hàng tuần có người qua dọn vệ sinh chung cả nhà thường xuyên. - Không ở chung chủ. Giờ giấc đi lại thoải mái, tiếp bạn bè vô tư miễn là lịch sự - Hợp đồng lâu dài không tăng giá, chu kỳ đóng tiền nhà 1 tháng 1 lần, đặt cọc 1 tháng tiền nhà",,high,3.5,25.0,Hà Đông,can_ho_mini,1,0,1,0,1,0,1,1,0,1,6,3.0,0,1202,0.10201472509719346,0.102,7dfece0e826334db7bef,9.977,0.14
"CHO THUÊ PHÒNG TRỌ ĐẠI MỖ, TỪ LIÊM (CÁCH ĐƯỜNG VẠN PHÚC 100M)",2000000,24,"Phố Vạn Phúc, Hà Nội",Hà Đông,,,"Cho thuê phòng trọ: Vệ sinh khép kín, có wifi, camera, Có chỗ để xe miễn phí, truyền hình cáp, có Bình nóng lạnh,… - 270890",21/02/2023,https://phongtro123.com/tinh-thanh/ha-noi/cho-thue-phong-tro-dai-mo-tu-liem-cach-duong-van-phuc-100m.html,phongtro123.com,2026-07-05T15:44:05.965353+00:00,0915310782,https://pt123.cdn.static123.com/images/thumbs/450x300/fit/2021/10/29/0943742d-62f1-41d9-9e20-9b8711cbd3bb_1635465466.jpg,"Cho thuê phòng trọ: Vệ sinh khép kín, có wifi, camera, Có chỗ để xe miễn phí, truyền hình cáp, có Bình nóng lạnh, điều hòa Địa chỉ: Đại Mỗ, Từ Liêm (Gần ngã 4 Tố Hữu, Vạn Phúc) Ưu tiên hộ gia đình ơn lâu dài. Liên hệ : Mr Thắng Sđt 0915310782, 0947975798 Chủ nhà) PS: Còn 1 phòng: - 01 phòng diện tích 18, gác xép 6m2,",,high,2.0,24.0,unknown,phong_tro,1,1,0,0,0,1,0,1,1,1,6,2.0,0,1230,0.09673199652482817,0.0967,7af49e39c057b0b7f4c2,9.977,0.08333333333333333
"Cho thuê căn 2 ngủ giá full đồ. vào ở ngay mipec kiến hưng, mậu lương.",4800000,40,"11 Đường Mậu Lương, Hà Nội",Hà Đông,,,"Cho thuê căn 2 ngủ nhà mới tinh, full đồ số 538 khu liền kề Mậu Lương (gần ngã tư mậu lương hoặc Chung cư Mipec… - 612605",13/02/2023,https://phongtro123.com/cho-thue-can-2-ngu-gia-5tr-full-do-vao-o-ngay-mipec-kien-hung-mau-luong-pr612605.html,phongtro123.com,2026-07-05T15:44:08.929836+00:00,0877828666,https://pt123.cdn.static123.com/images/thumbs/450x300/fit/2023/01/07/5fcaebed84795c2705687_1673077769.jpg,"Cho thuê căn 2 ngủ nhà mới tinh, full đồ số 538 khu liền kề Mậu Lương (gần ngã tư mậu lương hoặc Chung cư Mipec Kiến Hưng) - Trung tâm Mậu Lương, gần cafe, nhà trẻ, viện 103, gần chợ gần hồ khu dân cư đông, đường xá phân lô to rộng. - Thông các ngả ra ngã tư mậu lương, khu kiến hưng, vòng xuyến Văn Phú - Đường xá to đẹp, oto đỗ cửa, khu dân trí cao - Phòng Khép kín, cửa sổ thoáng, FULL Đồ - Nội thất từng phòng: Điều hoà, nóng lạnh, tủ lạnh, giường, tủ quần áo, bàn ghế, sofa bàn trà, hệ thống tủ bếp bồn rửa, máy giặt máy sấy chung - Khoá Vân tay, camera an ninh - Điện 3,8k/số. nước 100k/ng. để xe free - K chung chủ. Giờ thoải mái - Vệ sinh chung hàng tuần sạch sẽ. CHÍNH CHỦ K MẤT PHÍ - CAM KẾT ẢNH THẬT",,high,4.8,40.0,unknown,can_ho,1,1,0,0,1,0,1,1,0,1,6,2.0,0,1238,0.0952735250050827,0.0953,4e4bf0478905bc286c5d,9.977,0.12
Cho thuê phòng trọ ở khu vực hà đông ở luôn,2900000,25,"179, Hà Nội",Hà Đông,,,"Cho thuê phòng trọ. Phòng trọ 25m2, nội thất đẹp, đầy đủ gồm có tủ đứng 3 ngăn, giường đôi, bàn học, kệ… - 614865",31/01/2023,https://phongtro123.com/cho-thue-phong-tro-o-khu-vuc-ha-dong-o-luon-pr614865.html,phongtro123.com,2026-07-05T15:44:08.930834+00:00,0396263325,https://phongtro123.com/images/thumb_default.svg,"Cho thuê phòng trọ. Phòng trọ 25m2, nội thất đẹp, đầy đủ gồm có tủ đứng 3 ngăn, giường đôi, bàn học, kệ sách, điều hoà, tí vi. Ngoài ra không gian sử dụng chung là tầng 1 mặt trước để xe máy, mặt sau là phòng bếp. Phòng tắm có bình nóng lạnh. Tầng 4 là tum phơi quần áo, có máy giặt sử dụng chung. Vị trí nhà ngay trung tâm quận hà đông, gần metro hà đông, ngõ rộng, ô tô đi vào thoải mái. Nhà 2 mặt đường nên không gian thoáng mát, thích hợp cho việc sinh hoạt và thuận tiện cho việc đi lại. Ưu tiên cho bạn nữ thuê, phòng cho thuê từ 1-2 bạn ở. Giá điện và nước thu theo giá nhà nước. Giá thuê phòng 3 triệu/ tháng (có thể thoả thuận). Có Wifi. Số điện thoại liên hệ: chủ nhà anh Sơn sdt 0325.394.916.",1.0,high,2.9,25.0,unknown,phong_tro,1,0,0,0,0,0,1,1,1,1,5,1.0,0,1251,0.0929502618588206,0.093,32ca7bb7e1bf4230a6e4,9.977,0.11599999999999999
"Cho thuê nhà làm văn phòng, kinh doanh, căn hộ sinh viên, hộ gia đình",3500000,62,"46 Vũ Trọng Khánh, Hà Nội",Hà Đông,,,"Cho thuê nhà làm văn phòng, kinh doanh, căn hộ sinh viên, hộ gia đình - ĐỊA CHỈ: số nhà 46 Vũ Trọng Khánh, phường… - 614723",28/01/2023,https://phongtro123.com/cho-thue-nha-lam-van-phong-kinh-doanh-can-ho-sinh-vien-ho-gia-dinh-pr614723.html,phongtro123.com,2026-07-05T15:44:08.930834+00:00,0913029548,https://pt123.cdn.static123.com/images/thumbs/450x300/fit/2023/01/28/img-20230128-065229_1674863741.jpg,"Cho thuê nhà làm văn phòng, kinh doanh, căn hộ sinh viên, hộ gia đình - ĐỊA CHỈ: số nhà 46 Vũ Trọng Khánh, phường Mỗ Lao, Hà Đông, Hà Nội. - Vị trí cạnh chợ, siêu thị, CGV, sân chơi, gần Học Viện Bưu Chính, ĐH Kiến Trúc, ĐH Y học Cổ Truyền..., khu vực an ninh, dân trí cao, hàng xóm thân thiện 1. Cho thuê từ tầng 1 đến tầng 3, diện tích 1 tầng là 62m2 lòng đường rộng 46m, vỉa hè 10m. Giá: 26 triệu/tháng 2. Cho thuê phòng ở cho sinh viên và hộ gia đình. - Phòng 30m2 ban công nhìn ra mặt đường Vũ Trọng Khánh Giá: 4 triệu/tháng trong phòng có bếp ga, tủ đựng quần áo, giường, bàn học, điều hòa, bình nước nóng, quạt trần, điện chiếu sáng, WC khép kín đầy đủ thiết bị, có thang máy, máy giặt chung và sân phơi chung. - Phòng 25m2 có cửa sổ thoáng mát Giá: 3,5 triệu/tháng trong phòng có, tủ đựng quần áo, giường, bàn học, điều hòa, bình nước nóng, quạt trần, điện chiếu sáng, WC khép kín đầy đủ thiết bị, thang máy, có máy giặt chung và sân phơi chung. 3. Giá dịch vụ: - Điện: 3,500 đồng/kWh/tháng - Nước và rác: 60.000 đồng/người/tháng - Thang máy: 100.000 đồng/người/tháng - Máy giặt: 100.000 đồng/người/ tháng 4. Giờ giấc thoải mái không chung chủ. 5. Đóng 1 cọc 1 tháng 5. Ưu tiên cho những anh/chị nào có thiện chí và thuê ở lâu dài, có thể dọn vào ở ngay. Liên hệ ngay qua số điện thoại hoặc qua Zalo số: 0913029548",1.0,high,3.5,62.0,unknown,can_ho,1,1,1,1,0,0,1,0,0,0,5,1.0,0,1254,0.09242222049185354,0.0924,514ec3caaa21bdc14f92,9.977,0.056451612903225805
"Cho thuê nhà trọ khép kín 30m2, gần bến xe yên nghĩa.",1900000,30,"Đường Do Lộ, Phường Yên Nghĩa, Hà Nội",Hà Đông,,,"Phòng khép kín, độc lập, diện tích 25m2 + 5m2 sân riêng. Có internet Phù hợp ở hộ gia đình. Đường rộng 5m Cách… - 614696",27/01/2023,https://phongtro123.com/cho-thue-nha-tro-khep-kin-30m2-gan-ben-xe-yen-nghia-pr614696.html,phongtro123.com,2026-07-05T15:44:08.930834+00:00,0915321838,https://pt123.cdn.static123.com/images/thumbs/450x300/fit/2023/01/27/img-20230127-142628_1674805670.jpg,"Phòng khép kín, độc lập, diện tích 25m2 + 5m2 sân riêng. Có internet Phù hợp ở hộ gia đình. Đường rộng 5m Cách bến xe Yên Nghĩa 600m Cách chợ 300m Cách trường mần non 400m Cách trường cấp 1 - 400m Cách trường cấp 2 - 1500m",,high,1.9,30.0,Yên Nghĩa,phong_tro,0,1,0,0,0,0,0,0,1,0,2,1.0,0,1255,0.09224687415784713,0.0922,a96beec73098456d7b75,13.976,0.06333333333333332
Khai chương chuỗi phòng ở cho thuê giá ưu đãi tết 2023,4000000,25,"Phường Hà Đông, Hà Nội",Hà Đông,,,Với 40 cơ sở tại. Nguyễn Trãi. Phùng Khoang Triều Khúc Kim Giang Yên Sơ Yên Xá .... 1k1n - 35m2 chỉ từ… - 614274,08/01/2023,https://phongtro123.com/khai-chuong-chuoi-phong-o-cho-thue-gia-uu-dai-tet-2023-pr614274.html,phongtro123.com,2026-07-05T15:44:08.930834+00:00,0898068555,https://pt123.cdn.static123.com/images/thumbs/450x300/fit/2023/01/08/img-1672988516440-1672989410922_1673150379.jpg,"Với 40 cơ sở tại. Nguyễn Trãi. Phùng Khoang Triều Khúc Kim Giang Yên Sơ Yên Xá .... 1k1n - 35m2 chỉ từ 5tr3 Studio - 25m2 chỉ từ 4tr Các phòng đều có cửa sổ, đầy đủ đồ thiết kế hiện đại và thông minh Có thể ở luôn tháng 1này! Khuyến mãi siêu khủng trong dịp tết đến xuân về lên đến 2.000.000đ KHÔNG CHUNG CHỦ, GIỜ GIẤC THOẢI MÁI, CỬA KHÓA VÂN TAY ĐẢM BẢO AN NINH AN TOÀN LIÊN HỆ : 0898068555 - zalo / imess ( không mất phí ) __________________________",,high,4.0,25.0,Hà Đông,can_ho_mini,0,0,0,0,0,0,0,0,0,0,0,1.0,0,1274,0.08897778784627473,0.089,2cf97443cfb23977882f,9.977,0.16
Lì xì ngay 2TR khi đi thuê phòng tại TingTong,3500000,25,Hà Nội,Hà Đông,,,Lì xì ngay 2TR khi đi thuê phòng tại TingTong Giá từ #3tr7 #4tr #4tr5 FULL ĐỒ : như hình . Ảnh thật Nhà gồm 9… - 614266,08/01/2023,https://phongtro123.com/li-xi-ngay-2tr-khi-di-thue-phong-tai-tingtong-pr614266.html,phongtro123.com,2026-07-05T15:44:08.931832+00:00,0853219661,https://pt123.cdn.static123.com/images/thumbs/450x300/fit/2023/01/08/img-1672747394897-1672747619801_1673112148.jpg,"Lì xì ngay 2TR khi đi thuê phòng tại TingTong Giá từ #3tr7 #4tr #4tr5 FULL ĐỒ : như hình . Ảnh thật Nhà gồm 9 tầng có cả phòng đơn và 1k1n : + Phòng đơn + Phòng 1k1n Phòng đẹp rộng , gần đường lớn và các cửa hàng tiện lợi An ninh tốt , cổng ra vào vân tay , camera 24/24 , có quản lý ra vào thường xuyên Vệ sinh sạch sẽ, hằng ngày có người đến dọn dẹp vệ sinh Các bạn còn đợi gì mà nhân cơ hội này đổi cho bản thân mình 1 căn phòng mới sang xịn mịn hơn Liên hệ 0853.219.661 ( Chinh ) - Tư vấn xem nhà free.",,high,3.5,25.0,unknown,phong_tro,0,0,0,0,1,0,0,0,0,0,1,1.0,0,1274,0.08897778784627473,0.089,d25231535c35bb993039,9.977,0.14
Cho thuê chung cư mini La Khê Hà Đông,3300000,20,"Ngõ 560 Đường Quang Trung, Phường Hà Đông, Hà Nội",Hà Đông,,,Giảm Giá Cuối Năm Cho Hoa Hậu Này Nhá – Giảm giá 30% tiền Phòng đến 5/2/2023 Khai trương căn hộ cao cấp mới tinh… - 614145,05/01/2023,https://phongtro123.com/cho-thue-chung-cu-mini-la-khe-ha-dong-pr614145.html,phongtro123.com,2026-07-05T15:44:08.931832+00:00,0977430822,https://pt123.cdn.static123.com/images/thumbs/450x300/fit/2023/01/05/z4013887225257-3f8e2ba69417893d1247710c773d6e10_1672928607.jpg,"Giảm Giá Cuối Năm Cho Hoa Hậu Này Nhá – Giảm giá 30% tiền Phòng đến 5/2/2023 Khai trương căn hộ cao cấp mới tinh xịn mịn Địa chỉ: Ngõ 560 Quang Trung, Hà Đông (Đường lớn, ô tô đỗ tận cửa) Diện tích phòng: 18-25m2 Nội thất mới tinh gồm : - Điều hoà, nóng lạnh, giường, tủ quần áo... - Có khu bếp nấu ăn riêng, tách biệt với phòng; có máy giặt chung . - Có thang máy, cửa sổ thoáng, giờ giấc tự do. Dịch vụ : 1. Điện 3.800 đ / số. 2. Nước 100.000 đ/người. 3.Dịch vụ ( Để xe FREE , thang máy, điện chung, máy giặt, dọn vệ sinh chung/3-4 lần/tháng, đổ rác hằng ngày): 140k/ người/th 4. Innternet: 100k/ phòng/th"" Giá: 3.x tr Hình thức thanh toán: cọc 1 tháng, thanh toán 1 tháng/lần. Liên hệ: Ms Linh 0969119275",,high,3.3,20.0,Hà Đông,can_ho_mini,1,0,0,1,0,0,1,1,0,1,5,1.0,0,1277,0.08847231371651472,0.0885,b0d043aaf273334b1083,9.977,0.16499999999999998
Cho thuê phòng trọ khép kín hơn 20m2 đầy đủ đồ mặt chợ xa la,3000000,20,"75 dv2 chợ xa la Đường Xa La, Phường Hà Đông, Hà Nội",Hà Đông,,,Cc cho thuê phòng khép kín full đồ điều hòa nóng lạnh giường tủ bàn. Cả nhà chỉ có 5 phòng. Máy giặt chung. Xe… - 613837,30/12/2022,https://phongtro123.com/cho-thue-phong-tro-khep-kin-hon-20m2-day-du-do-mat-cho-xa-la-pr613837.html,phongtro123.com,2026-07-05T15:44:08.931832+00:00,0974725586,https://pt123.cdn.static123.com/images/thumbs/450x300/fit/2023/01/03/20230103-081955_1672718136.jpg,"Cc cho thuê phòng khép kín full đồ điều hòa nóng lạnh giường tủ bàn. Cả nhà chỉ có 5 phòng. Máy giặt chung. Xe để tầng 1. Có ban công cửa sổ thoáng mát. Đường vào nhà ô tô tránh. Mặt chợ xa la. Giá 2,9tr đến 3tr3. Lh chủ nhà: 0974725586",1.0,high,3.0,20.0,Hà Đông,phong_tro,1,1,1,0,1,0,1,1,0,0,6,12.0,0,1283,0.08746996379161566,0.0875,28d32f19090476c3a815,9.977,0.15
"Cho thuê phòng trọ tại phú la, hà đông",3000000,25,"179, Hà Nội",Hà Đông,,,"Phòng trọ 25m2, nội thất đầy đủ gồm có tủ đứng 3 ngăn, giường đôi, bàn học, kệ sách, điều hoà, tí vi. Ngoài… - 612999",17/12/2022,https://phongtro123.com/cho-thue-phong-tro-tai-phu-la-ha-dong-pr612999.html,phongtro123.com,2026-07-05T15:44:08.931832+00:00,0325394916,https://pt123.cdn.static123.com/images/thumbs/450x300/fit/2022/12/17/img-20221217-092344_1671268717.jpg,"Phòng trọ 25m2, nội thất đầy đủ gồm có tủ đứng 3 ngăn, giường đôi, bàn học, kệ sách, điều hoà, tí vi. Ngoài ra không gian sử dụng chung là tầng 1 mặt trước để xe máy, mặt sau là phòng bếp. Phòng tắm có bình nóng lạnh. Tầng 4 là tum phơi quần áo, có máy giặt sử dụng chung. Vị trí nhà ngay trung tâm quận hà đông, gần metro hà đông, ngõ rộng, ô tô đi vào thoải mái. Nhà 2 mặt đường nên không gian thoáng mát, thích hợp cho việc sinh hoạt và thuận tiện cho việc đi lại. Ưu tiên cho bạn nữ thuê, phòng cho thuê từ 1-2 bạn ở. Giá điện và nước thu theo giá nhà nước. Có Wifi. Số điện thoại liên hệ: chủ nhà anh Sơn sdt 0325394916",1.0,high,3.0,25.0,unknown,phong_tro,1,0,0,0,1,0,1,1,1,1,6,12.0,0,1296,0.0853369919794454,0.0853,19451ece13220e5e7610,9.977,0.12
"Cho thuê phòng trọ CCMN Yên Phúc, Phúc La, Hà Đông, Hà Nội",3700000,25,"2D4 Đường Yên Phúc, Hà Nội",Hà Đông,,,"CHO THUÊ CĂN HỘ CCMN Diện tích 25m2 Nội thất trang bị gồm: +. Điện lạnh: Bình nóng lạnh 25 lít, 02 Điều hoà… - 604560",20/07/2022,https://phongtro123.com/cho-thue-phong-tro-ccmn-yen-phuc-phuc-la-ha-dong-ha-noi-pr604560.html,phongtro123.com,2026-07-05T15:44:08.931832+00:00,0962479925,https://pt123.cdn.static123.com/images/thumbs/450x300/fit/2022/07/20/5289ccbb3ff0c7ae9ee1_1658289534.jpg,"CHO THUÊ CĂN HỘ CCMN Diện tích 25m2 Nội thất trang bị gồm: +. Điện lạnh: Bình nóng lạnh 25 lít, 02 Điều hoà 12000btu, Tủ lạnh 143 lít 2 cánh +. Đồ gỗ: Giường ngủ hộp gỗ ép cao cấp 1.6m x 2.0m, Tủ quần áo gỗ ép 1.2m x 2.0m, Bộ sofa(Ghế dài + bàn + 2 đôn) +. Phụ kiện khác: Đệm xốp ép 9cm, tranh dán tường Giá cho thuê: 3.700.000đ (Ba triệu bảy trăm nghìn đồng) Địa chỉ: Số nhà 2D4 đường Yên Phúc, Phúc La, Hà Đông, Hà Nội Vị trí: Cách hồ Văn Quán chỉ 500m, cách chợ Yên Phúc 200m, ngay gần viện 103, giao thông thuận tiện đi các hướng Xala, cầu Trắng, BigC Hà Đông,.. Liên hệ: Zalo 0962479925",,high,3.7,25.0,unknown,can_ho_mini,1,0,0,0,0,0,0,1,0,0,2,7.0,0,1446,0.06418394001947417,0.0642,c190deccb276c13d60dd,9.977,0.14800000000000002
Cho thuê phòng cách ga đường sắt trên cao 200M Phù hợp sinh viên,1600000,15,"số, Hà Nội",Hà Đông,,,"Phòng rộng 15m2 mới làm lại .Tường ốp gỗ nội thất khép kín,tủ lạnh 110 lít Cách ga đường sắt Cát linh Hà… - 600906",17/05/2022,https://phongtro123.com/cho-thue-phong-cach-ga-duong-sat-tren-cao-200m-phu-hop-cho-sinh-vien-pr600906.html,phongtro123.com,2026-07-05T15:44:08.931832+00:00,0905795969,https://phongtro123.com/images/thumb_default.svg,"Phòng rộng 15m2 mới làm lại .Tường ốp gỗ nội thất khép kín,tủ lạnh 110 lít Cách ga đường sắt Cát linh Hà Đông(ga La Khê ) 200 M,5 phút đi bộ Điện,nước có đồng hồ riêng trả tiền theo hóa đơn công ty điện ,nước. Khu vực an ninh tốt,dân cư thân thiện.chủ nhà dễ tính.",,high,1.6,15.0,unknown,phong_tro,0,1,0,0,0,0,0,0,0,0,1,5.0,0,1510,0.05683855542655129,0.0568,6d3218722c7923b6523a,9.977,0.10666666666666667
"Tìm nhà khó khăn, vất vả, phải lượn lờ quá lâu bên mình có hệ thống chung cư mini mới và đẹp",3700000,22,"197/77 Đường Trần Phú, Phường Hà Đông, Hà Nội",Hà Đông,,,"Góc cho thuê ️ Nhà: Gồm 35 Căn hộ khép kín-thang máy chạy vù vù ️ Phòng mới tinh, Có giường, tủ, điều hoà, nong… - 600680",14/05/2022,https://phongtro123.com/tim-nha-kho-khan-vat-va-phai-luon-lo-qua-lau-ben-minh-co-he-thong-chung-cu-mini-moi-va-dep-pr600680.html,phongtro123.com,2026-07-05T15:44:08.931832+00:00,0941638576,https://pt123.cdn.static123.com/images/thumbs/450x300/fit/2022/05/14/f417313a-6de1-4a13-8e23-f8b586dc4584_1652494333.jpg,"Góc cho thuê ️ Nhà: Gồm 35 Căn hộ khép kín-thang máy chạy vù vù ️ Phòng mới tinh, Có giường, tủ, điều hoà, nong lạnh, tủ kệ bếp nấu ăn,máy giặt… ️ Diện tích: 22m2 ( Phòng thoáng đãng ) ️ Đầy đủ tiện nghi camera 24/24h, có thang máy, cửa cổng vân tay Giá điện 3.5k/1 số. Nước 30k/ m3. Free internet và dichh vụ quản lý-vệ sinh toà nhà nếu ở dài hạn và thanh toán tiền phòng > 6 tháng . ️ Có quản lý và dọn vệ sinh toàn bộ toà nhà chung để đảm bảo vệ sinh luôn sạch sẽ. ️ Nhà gần siêu thị, ngân hàng, và các trường ĐH Kiến Trúc,Bưu Chính,HVAN,Mật Mã…. LH ️: 0941638576 ( Chính chủ cho thuê)",,high,3.7,22.0,Hà Đông,can_ho_mini,1,1,0,1,0,0,1,0,1,0,5,5.0,0,1513,0.05651566113982558,0.0565,8ba7b55d8c6b55cd357a,9.977,0.16818181818181818
Cần nhượng lại phòng khép kín đầy đủ đồ dùng ở 197 Trần Phú Hà Đông,1800000,20,"Phường Hà Đông, Hà Nội",Hà Đông,,,"Góc nhượng lại phòng trọ 197 Trần Phú Hà Đông Phòng đã có sẵn đầy đủ nội thất  Giờ giấc tự do, không… - 599428",21/04/2022,https://phongtro123.com/can-nhuong-lai-phong-khep-kin-du-do-o-197-tran-phu-ha-dong-pr599428.html,phongtro123.com,2026-07-05T15:44:08.931832+00:00,0936233319,https://pt123.cdn.static123.com/images/thumbs/450x300/fit/2022/04/21/z3357181425025-c328e0d53ac18f15e7d660679b8cbb20_1650529167.jpg,"Góc nhượng lại phòng trọ 197 Trần Phú Hà Đông Phòng đã có sẵn đầy đủ nội thất Giờ giấc tự do, không chung chủ, Giá thuê: 1tr8/Tháng, cọc 1, thanh toán 1, Tiền điện 3.2k/số, nước 80k/người, mạng 100k/phòng, phụ phí 60k/người, Để xe và giặt mấy giặt free. Giờ giấc tự do. Vệ sinh khép kín.",,high,1.8,20.0,Hà Đông,phong_tro,0,1,0,0,1,0,0,0,1,1,4,4.0,0,1536,0.05410031565622919,0.0541,2cf97443cfb23977882f,9.977,0.09
Phòng trọ đầy đủ đồ - Nguyễn Khuyến - Hà Đông,2800000,20,"Đường Nguyễn Khuyến, Phường Hà Đông, Hà Nội",Hà Đông,,,"_Gần bệnh viện 103, Học viện quân Y, Đại học Kiến Trúc, Bưu Chính Viễn Thông,... Mô tả chung * Camer an ninh, Khóa… - 599260",18/04/2022,https://phongtro123.com/phong-tro-day-du-do-nguyen-khuyen-ha-dong-pr599260.html,phongtro123.com,2026-07-05T15:44:08.932831+00:00,0779345111,https://pt123.cdn.static123.com/images/thumbs/450x300/fit/2022/04/18/fa8ef5ad45c75c2578b41cc77a8b4486-2760537329281018387_1650249085.jpg,"_Gần bệnh viện 103, Học viện quân Y, Đại học Kiến Trúc, Bưu Chính Viễn Thông,... Mô tả chung * Camer an ninh, Khóa cổng kiểm soát vân tay * Nội thất: Điều hòa, Nóng lạnh, máy giặt chung, tủ lạnh riêng, tủ quần áo, bàn làm việc, đệm, giường,... * 2 phòng 1 tầng chung 1 nhà WC. * Vệ sinh dọn dẹp hàng tuần * Điện 3,5k/số ; Nước 80k/người/tháng * Hợp đồng dài hạn không tăng giá, giờ giấc thoải mái, tiếp bạn bè lịch sự thoải mái * Chính chủ, miễn trung gian * Nhắn zalo khi cần thông tin chi tiết",,high,2.8,20.0,Hà Đông,phong_tro,1,0,0,0,0,0,1,1,0,0,3,4.0,0,1539,0.05379297704242459,0.0538,7dfece0e826334db7bef,9.977,0.13999999999999999
"Cho thuê Căn hộ CCMN mới 100%, Full đồ, khép kín, ban công ngay 21 Yên Xá",3600000,25,"21 Đường Yên Xá, Phường Hà Đông, Hà Nội",Hà Đông,,,"Siêu phẩm CCMN sang xịn mịn 8 tầng mới tinh cuối đường Nguyễn Khuyến, Văn Quán, Hà Đông Nhà mặt ngõ 21 Yên Xá,… - 592783",14/03/2022,https://phongtro123.com/cho-thue-can-ho-ccmn-moi-100-full-do-khep-kin-ban-cong-ngay-21-yen-xa-pr592783.html,phongtro123.com,2026-07-05T15:44:08.932831+00:00,0877828666,https://pt123.cdn.static123.com/images/thumbs/450x300/fit/2021/11/17/6a48b90188a540fb19b435_1637139705.jpg,"Siêu phẩm CCMN sang xịn mịn 8 tầng mới tinh cuối đường Nguyễn Khuyến, Văn Quán, Hà Đông Nhà mặt ngõ 21 Yên Xá, đường oto tránh nhau, cực rộng cực thoáng Gần trường Viện 103, HV QuânY, XaLa, Hồ văn quán Phòng Khép kín, có ban công, FULLĐỒ A-z luôn Nội thất: Điều hoà, nóng lạnh, tủ lạnh,máy giặt, giường tủ sofa bàn trà,hệ thống tủ bếp Thang máy, khoá Vân tay, camera an ninh Điện 3,5k/số. nước 20k/khối.để xe free K chung chủ. Giờ thoải mái Vệ sinh chung hàng tuần sạch sẽ. CHÍNH CHỦ K MẤT PHÍ - CAM KẾT ẢNH THẬT Lh: call, sms, zalo",,high,3.6,25.0,Hà Đông,can_ho_mini,1,1,1,1,1,0,1,1,0,1,8,3.0,0,1574,0.05033379661636438,0.0503,7c09411a8af5ca441742,9.977,0.14400000000000002
"Cho thuê CCMN mới 100%, Full đồ, khép kín, ban công ngay 39 Yên Xá -Tủ lạnh máy giặt riêng",3200000,25,"39 Đường Yên Xá, Phường Hà Đông, Hà Nội",Hà Đông,,,"Siêu phẩm CCMN sang xịn mịn 8 tầng mới tinh ngõ 39 Yên Xá - Nhà đầu ngõ 39 Yên Xá, ngõ xe ba gác, cực rộng cực… - 596955",03/03/2022,https://phongtro123.com/cho-thue-ccmn-moi-100-full-do-khep-kin-ban-cong-ngay-39-yen-xa-tu-lanh-may-giat-rieng-pr596955.html,phongtro123.com,2026-07-05T15:44:08.932831+00:00,0877828666,https://pt123.cdn.static123.com/images/thumbs/450x300/fit/2022/03/03/db78929a162ade74873b_1646273437.jpg,"Siêu phẩm CCMN sang xịn mịn 8 tầng mới tinh ngõ 39 Yên Xá - Nhà đầu ngõ 39 Yên Xá, ngõ xe ba gác, cực rộng cực thoáng - Gần trường Viện 103, HV QuânY, XaLa, Hồ văn quán - Phòng Khép kín, có ban công, FULL ĐỒ A-z luôn - Nội thất: Điều hoà, nóng lạnh, tủ lạnh, máy giặt riêng, tủ quần áo, giường, bộ bàn ghế,hệ thống tủ bếp bồn rửa - Thang máy, khoá Vân tay, camera an ninh - Điện 3,5k/số. nước 20k/khối.để xe free - K chung chủ. Giờ thoải mái - Vệ sinh chung hàng tuần sạch sẽ. CHÍNH CHỦ K MẤT PHÍ - CAM KẾT ẢNH THẬT Lh: 0877.828.666 call, sms, zalo",,high,3.2,25.0,Hà Đông,can_ho_mini,1,1,1,1,1,1,1,1,0,1,9,3.0,0,1585,0.05,0.05,507576959cc9c6292fb6,9.977,0.128
"Cho thuê CCMN FULL đồ mới tinh ở 39 Yên Xá, Phường Phúc La, Quận Hà Đông,",3200000,25,"39 Đường Yên Xá, Phường Hà Đông, Hà Nội",Hà Đông,,,Cho thuê CCMN FULL đồ mới tinh ở 39 yên xá Nhà mới vừa xây xong đang trong quá trình hoàn thiện nội thất ( m10 tháng 3… - 597009,04/03/2022,https://phongtro123.com/cho-thue-ccmn-full-do-moi-tinh-o-39-yen-xa-ha-dong-pr597009.html,phongtro123.com,2026-07-05T15:44:08.932831+00:00,0845281702,https://pt123.cdn.static123.com/images/thumbs/450x300/fit/2022/03/04/z2937077466944-af848fb1b8d867092aecf2f8f43fb6d6_1646364678.jpg,"Cho thuê CCMN FULL đồ mới tinh ở 39 yên xá Nhà mới vừa xây xong đang trong quá trình hoàn thiện nội thất ( m10 tháng 3 hoàn thiện full nội thất ) Full đồ giường tủ, điều hòa, nóng lạnh, tủ lạnh, máy giặt riêng, bàn ghế,... ( tất cả là đồ mới tinh ) Phòng nao cũng ban công cửa sổ thoáng mát Vị trí thuận lợi gần đường lớn Để xe miễn phí tầng 1 có camera khóa vân tay an ninh đảm bảo Có thang máy không lo mỏi chân Điện 3.5k nước 20k/m3 Có tạp vụ dọn dẹp vệ sinh hàng tuần",1.0,high,3.2,25.0,Hà Đông,can_ho_mini,1,0,1,1,1,0,1,1,0,1,7,3.0,0,1584,0.05,0.05,507576959cc9c6292fb6,9.977,0.128
"Cho thuê CCMN Khép kín, full đồ, có ban công, gác lửng 181 Trần Phú, Hà Đông",3500000,25,"181 Đường Trần Phú, Phường Hà Đông, Hà Nội",Hà Đông,,,"Mình chính chủ cho thuê phòng full đồ khép kín có ban công gác lửng tại ngõ 181 trần phú, hà đông Vị trí: Gần HV… - 593356",02/03/2022,https://phongtro123.com/cho-thue-ccmn-khep-kin-full-do-co-ban-cong-gac-lung-181-tran-phu-ha-dong-pr593356.html,phongtro123.com,2026-07-05T15:44:08.932831+00:00,0877828666,https://pt123.cdn.static123.com/images/thumbs/450x300/fit/2021/11/26/b70b6711807b4b25126a_1637916358.jpg,"Mình chính chủ cho thuê phòng full đồ khép kín có ban công gác lửng tại ngõ 181 trần phú, hà đông Vị trí: Gần HV Bưu Chính, trường DHSP NghệThuật trung ương, kiến trúc, CNGTVT, Mật mã, An Ninh Cách Big C Hà đông 500m, cách đường trần phú 50m, gần bus CHÍNH CHỦ KHÔNG MẤT PHÍ NHÉ!!! Thông tin: - Phòng khép kín, đầy đủ nội thất: giường tủ, điều hoà, nóng lạnh, tủ lạnh, máy giặt, bàn bếp bồn rửa - Nhà có thang máy, để xe tầng 1 free - Không chung chủ, giờ thoải mái - Khoá vân tay đảm bảo an ninh - Hàng tuần có người dọn vệ sinh sạch sẽ Cam kết ảnh thật 100% ️ Lh: 0877828666",1.0,high,3.5,25.0,Hà Đông,can_ho_mini,1,1,1,1,1,1,1,1,0,1,9,3.0,0,1586,0.05,0.05,3d6eeafda4c8ca1efd3b,9.977,0.14
Nhà cho thuê khu vực Nguyễn Trãi Hà Đông phòng khép kín 35m2 giá thuê 2tr6/tháng,2600000,35,"16 ngõ 5 Đường Lương Văn Can, Hà Nội",Hà Đông,,,"- căn hộ khép kín, có bếp, wc riêng, sân để xe, phơi đồ thoải mái - sạch sẽ, thoáng mát, yên tĩnh, an ninh tốt -… - 596581",22/02/2022,https://phongtro123.com/nha-cho-thue-khu-vuc-nguyen-trai-ha-dong-pr596581.html,phongtro123.com,2026-07-05T15:44:10.716604+00:00,0985845925,https://pt123.cdn.static123.com/images/thumbs/450x300/fit/2022/02/22/b612-20201122-145057-876_1645542005.jpg,"- căn hộ khép kín, có bếp, wc riêng, sân để xe, phơi đồ thoải mái - sạch sẽ, thoáng mát, yên tĩnh, an ninh tốt - gần chợ, siêu thị, sân thể thao, nhiều hàng ăn - gân một số tuyến xe buýt, cách ga tàu trên cao khoảng 600m - điện nước có đồng hồ và công tơ riêng - phù hợp với sinh viên hoặc gia đình nhỏ",,high,2.6,35.0,unknown,can_ho,0,1,0,0,0,0,0,0,0,1,2,2.0,0,1594,0.05,0.05,61290498756a250dea4f,9.977,0.07428571428571429
"Cho thuê phòng khép kín khu vực La Khê Dương Nội , Hà Đông",2500000,20,"Phố Lê Trọng Tấn, Phường Dương Nội, Hà Nội",Hà Đông,,,"Mình đang có phòng trọ khép kín cho thuê khu vực La Khê - Dương Nội giá từ 2,5tr - 3tr - Đầy đủ giường, điều… - 596415",19/02/2022,https://phongtro123.com/cho-thue-phong-khep-kin-khu-vuc-la-khe-duong-noi-ha-dong-pr596415.html,phongtro123.com,2026-07-05T15:44:10.717604+00:00,0981542132,https://pt123.cdn.static123.com/images/thumbs/450x300/fit/2022/02/19/e8957cc2-57d1-424a-a2f5-ffd9e6d4635c_1645249567.jpg,"Mình đang có phòng trọ khép kín cho thuê khu vực La Khê - Dương Nội giá từ 2,5tr - 3tr - Đầy đủ giường, điều hoà, TV - Có thang máy - Có camera - Điện 3,5k/ số - Mạng, vệ sinh 150k - Nước 80k/người",,high,2.5,20.0,Dương Nội,phong_tro,1,1,0,1,0,0,0,0,1,0,4,2.0,0,1597,0.05,0.05,8727273fb0089fbac6d8,11.461,0.125
"Phòng trọ giá rẻ, đi đâu cũng gần đây ! 1 triệu5/phòng, Đầy đủ: wifi, nóng lạnh, điều hòa",1500000,20,"Lk 13-4 ngõ 4 Đường Phan Đình Giót, Phường Hà Đông, Hà Nội",Hà Đông,,,"Đầy đủ: wifi, nóng lạnh, điều hòa. Đối tượng cho thuê: nữ sinh viên, người độc thân Có sẵn 2 phòng, tối đa… - 596274",16/02/2022,https://phongtro123.com/phong-tro-gia-re-di-dau-cung-gan-day-pr596274.html,phongtro123.com,2026-07-05T15:44:10.717604+00:00,0975291975,https://pt123.cdn.static123.com/images/thumbs/450x300/fit/2022/02/16/b9241399ff5c33026a4d_1644984580.jpg,"Đầy đủ: wifi, nóng lạnh, điều hòa. Đối tượng cho thuê: nữ sinh viên, người độc thân Có sẵn 2 phòng, tối đa 2 người 1 phòng 1 triệu rưỡi / phòng. Có nơi để xe rộng rãi, an ninh cực tốt. Đặc biệt gần đường sắt trên cao, có chợ Bông đỏ ngay bên cạnh, Đằng sau là Vincom. Địa chỉ: Lk 13-4 ngõ 4 Đường Phan Đình Giót, Phường La Khê, Quận Hà Đông, Hà Nội",,high,1.5,20.0,Hà Đông,phong_tro,1,0,0,0,0,0,0,1,1,1,4,2.0,0,1600,0.05,0.05,bd491443a412c69e978e,9.977,0.075
"chính chủ cho thuê Phòng 80 Bà Triệu Full đồ rộng,ban công, khép kín, Cầu Trắng hà đông",2800000,25,"80 Phố Bà Triệu, Phường Hà Đông, Hà Nội",Hà Đông,,,"Phòng FULL đồ, ban công cực rộng, có máy giặt và tủ lạnh riêng từng phòng nhá PHÒNG khép kín FULL ĐỒ ngay 80 Bà… - 589424",06/02/2022,https://phongtro123.com/chinh-chu-cho-thue-phong-80-ba-trieu-full-do-rong-ban-cong-khep-kin-cau-trang-ha-dong-pr589424.html,phongtro123.com,2026-07-05T15:44:10.717604+00:00,0877828666,https://pt123.cdn.static123.com/images/thumbs/450x300/fit/2021/12/18/76552f823e8dcbd3929c67_1639799808.jpg,"Phòng FULL đồ, ban công cực rộng, có máy giặt và tủ lạnh riêng từng phòng nhá PHÒNG khép kín FULL ĐỒ ngay 80 Bà Triệu, chợ Hà đông, gần cầu Trắng Gần HV Quân Y, Phùng hưng, viện 103 * Nội thất: Bàn ghế, giường tủ quần áo, điều hoà nóng lạnh tủ lạnh bàn bếp bồn rửa máy giặt, khoá vân tay, camera an ninh - Thang máy, ban công rộng - Không chung chủ, giờ thoải mái - Vệ sinh hàng tuần khu vực chung - Điện 3,5k. Nước 20k/khối Lh",,high,2.8,25.0,Hà Đông,phong_tro,1,1,1,1,1,0,1,1,0,0,7,2.0,0,1610,0.05,0.05,58f4e9ce33c5da836240,9.977,0.11199999999999999
"Cho thuê CCMN mới 100%, Full đồ, khép kín, ban công ngay 87 Yên Xá",3400000,25,"87 Đường Yên Xá, Phường Hà Đông, Hà Nội",Hà Đông,,,"Siêu phẩm CCMN sang xịn mịn 7 tầng mới tinh cuối đường Nguyễn Khuyến, Văn Quán, Hà Đông Nhà ngõ 87 Yên Xá, ngõ xe… - 595765",05/02/2022,https://phongtro123.com/cho-thue-ccmn-moi-100-full-do-khep-kin-ban-cong-ngay-87-yen-xa-pr595765.html,phongtro123.com,2026-07-05T15:44:10.717604+00:00,0877828666,https://pt123.cdn.static123.com/images/thumbs/450x300/fit/2022/02/05/58e1856f40cb8d95d4da36_1644029768.jpg,"Siêu phẩm CCMN sang xịn mịn 7 tầng mới tinh cuối đường Nguyễn Khuyến, Văn Quán, Hà Đông Nhà ngõ 87 Yên Xá, ngõ xe ba gác, cực rộng cực thoáng Gần trường Viện 103, HV QuânY, XaLa, Hồ văn quán Phòng Khép kín, có ban công, FULL ĐỒ A-z luôn Nội thất: Điều hoà, nóng lạnh, tủ lạnh, máy giặt chung, tủ quần áo, giường kệ giá sách, bộ bàn ăn 4 ghế,hệ thống tủ bếp bồn rửa Thang máy, khoá Vân tay, camera an ninh Điện 3,5k/số. nước 20k/khối.để xe free K chung chủ. Giờ thoải mái Vệ sinh chung hàng tuần sạch sẽ. CHÍNH CHỦ K MẤT PHÍ - CAM KẾT ẢNH THẬT Lh: 0877.828.666 call, sms, zalo",,high,3.4,25.0,Hà Đông,can_ho_mini,1,1,1,1,1,1,1,1,0,1,9,2.0,0,1611,0.05,0.05,69123a31e101ee6805e8,9.977,0.136
"CHÍNH CHỦ cho thuê phòng Full Đồ, khép kín 55 Trần Phú, Hà Đông",3200000,23,"55 Đường Trần Phú, Phường Hà Đông, Hà Nội",Hà Đông,,,"Mình chính chủ cho thuê phòng full đồ khép kín tại ngõ 55 trần phú, hà đông Vị trí: CHÍNH CHỦ KHÔNG MẤT PHÍ NHÉ!!!… - 305003",05/02/2022,https://phongtro123.com/chinh-chu-cho-thue-phong-full-do-khep-kin-623-nguyen-trai-canh-truong-nhac-hoa-pr305003.html,phongtro123.com,2026-07-05T15:44:10.717604+00:00,0877828666,https://pt123.cdn.static123.com/images/thumbs/450x300/fit/2022/02/05/d2006e332849dc17855815_1644029501.jpg,"Mình chính chủ cho thuê phòng full đồ khép kín tại ngõ 55 trần phú, hà đông Vị trí: CHÍNH CHỦ KHÔNG MẤT PHÍ NHÉ!!! cạnh ký túc trường DHSP NghệThuật trung ương, kiến trúc, CNGTVT Thông tin: - Phòng khép kín, đầy đủ nội thất: giường tủ, bàn làm việc, điều hoà, nóng lạnh, tủ lạnh, máy giặt chung, bàn bếp bồn rửa, khung phơi đồ - Nhà có thang máy, để xe tầng 1 free - Không chung chủ, giờ thoải mái - Khoá vân tay đảm bảo an ninh - Hàng tuần có người dọn vệ sinh sạch sẽ Cam kết ảnh thật 100% ️ Lh: 0877828666",1.0,high,3.2,23.0,Hà Đông,phong_tro,1,1,0,1,1,0,1,1,0,1,7,2.0,0,1611,0.05,0.05,1f22f43efb40e311839f,9.977,0.1391304347826087
"Cho thuê phòng Full đồ kk, chợ mỗ lao, sau bigc Hà đông, gần bưu chính",3200000,25,"20 Đường Mỗ Lao, Phường Hà Đông, Hà Nội",Hà Đông,,,"PHÒNG MỚI TOANH- Ban Công - FULL ĐỒ XỊN XÒ - Giá iu thương - Vào ở ngay Vị trí: ngay chợ Mỗ Lao, Vũ Trọng Khánh, sau… - 590327",05/02/2022,https://phongtro123.com/cho-thue-phong-full-do-kk-cho-mo-lao-sau-bigc-ha-dong-gan-buu-chinh-pr590327.html,phongtro123.com,2026-07-05T15:44:10.717604+00:00,0877828666,https://pt123.cdn.static123.com/images/thumbs/450x300/fit/2021/09/26/156988659-2543242685981845-2421398434784469193-o_1632654425.jpg,"PHÒNG MỚI TOANH- Ban Công - FULL ĐỒ XỊN XÒ - Giá iu thương - Vào ở ngay Vị trí: ngay chợ Mỗ Lao, Vũ Trọng Khánh, sau BIG C hà đông Gần trường #DHCNGTVT, #Yhọccổtruyền, #BƯUCHÍNH, #DHHÀNỘI, #Kiếntrúc CHÍNH CHỦ KHÔNG MẤT PHÍ NHÉ Thông tin: - Phòng khép kín, đầy đủ nội thất: điều hoà, nóng lạnh, tủ lạnh, tủ quần áo, bàn bếp bồn rửa, ban công, máy giặt chung - Điện 3,5k. Nước 20k. Để xe tầng 1 free - Không chung chủ, giờ thoải mái - Khoá vân tay, camera đảm bảo an ninh - Hàng tuần có người dọn vệ sinh sạch sẽ Cam kết ảnh thật 100% ️ Lh: 0877 828 666",1.0,high,3.2,25.0,Hà Đông,phong_tro,1,1,1,0,1,0,1,1,0,1,7,2.0,0,1611,0.05,0.05,f365d58f890bf38ddbf8,9.977,0.128
"Cho thuê CCMN Full đồ, khép kín, ban công, 104 thanh Bình, cầu trắng, hà đông",3400000,25,"104 Đường Thanh Bình, Phường Hà Đông, Hà Nội",Hà Đông,,,"Cho thuê Phòng Full đồ - Tiện nghi Vị trí: 104 Thanh bình, mỗ lao, hà đông Gần trường #DHCNGTVT, #Yhọccổtruyền,… - 592781",05/02/2022,https://phongtro123.com/cho-thue-ccmn-full-do-khep-kin-ban-cong-104-thanh-binh-cau-trang-ha-dong-pr592781.html,phongtro123.com,2026-07-05T15:44:10.718604+00:00,0877828666,https://pt123.cdn.static123.com/images/thumbs/450x300/fit/2021/11/17/30b7486d4762b23ceb7378_1637139475.jpg,"Cho thuê Phòng Full đồ - Tiện nghi Vị trí: 104 Thanh bình, mỗ lao, hà đông Gần trường #DHCNGTVT, #Yhọccổtruyền, #BƯUCHÍNH, #DHHÀNỘI, #Kiếntrúc CHÍNH CHỦ KHÔNG MẤT PHÍ NHÉ Thông tin: - Phòng khép kín, đầy đủ nội thất: điều hoà, nóng lạnh, tủ lạnh,máy giặt, đệm, tủ quần áo, bàn ghế, hệ thống tủ bàn bếp - Điện 3,5k. Nước 20k. Để xe tầng 1 free - Không chung chủ, giờ thoải mái - Khoá vân tay, camera đảm bảo an ninh, máy giặt chung - Hàng tuần có người dọn vệ sinh sạch sẽ Cam kết ảnh thật 100% ️ Lh: 0877.828.666",1.0,high,3.4,25.0,Hà Đông,can_ho_mini,1,1,1,0,1,0,1,1,0,1,7,2.0,0,1611,0.05,0.05,10f46d9884025b00bb02,9.977,0.136
"Chính chủ cho thuê phòng FULL đồ 207 Phùng Hưng, Văn Quán, Hà Đông",2600000,20,"207 Phố Phùng Hưng, Phường Hà Đông, Hà Nội",Hà Đông,,,"CHÍNH CHỦ CHO THUÊ PHÒNG full đồ 207 phùng hưng, hà đông - Vị trí: Gần viện 103, chợ yên phúc, hồ yên phúc Mô tả… - 304840",05/02/2022,https://phongtro123.com/chinh-chu-cho-thue-phong-full-do-207-phung-hung-van-quan-ha-dong-pr304840.html,phongtro123.com,2026-07-05T15:44:10.718604+00:00,0877828666,https://pt123.cdn.static123.com/images/thumbs/450x300/fit/2021/11/17/z2439391504071-29542f044d795b2a08cea5fa1003eb1f_1637138047.jpg,"CHÍNH CHỦ CHO THUÊ PHÒNG full đồ 207 phùng hưng, hà đông - Vị trí: Gần viện 103, chợ yên phúc, hồ yên phúc Mô tả chung - Full nội thất điều hòa, nóng lạnh, tủ lạnh, giường, tủ , bàn ghế, máy giặt chung, phơi đồ, kệ bếp, để xe miễn phí, camera an ninh, … - Chính chủ không mất phí - Điện 3,5k/ số - Nước 80k/ người. - wc chung 2 phòng, tối đa 2 người/phòng - Hàng tuần có người qua dọn vệ sinh chung - Không chung chủ. Giờ giấc đi lại thoải Liên hệ: 0877 828 666 (Call/sms/ib)",,high,2.6,20.0,Hà Đông,phong_tro,1,0,0,0,1,0,1,1,0,1,5,2.0,0,1611,0.05,0.05,041eb242872f74bad99e,9.977,0.13
"Cho thuê phòng Full đồ, khép kín, có ban công cuối Nguyễn Khuyến,HĐ",3400000,25,"21 Đường Yên Xá, Phường Hà Đông, Hà Nội",Hà Đông,,,"Chính chủ cho thuê phòng trong CCMN 9 tầng mới tinh cuối đường Nguyễn Khuyến, Văn Quán, Hà Đông phòng Phòng Khép kín,… - 590330",05/02/2022,https://phongtro123.com/cho-thue-phong-full-do-khep-kin-co-ban-cong-cuoi-nguyen-khuyen-hd-pr590330.html,phongtro123.com,2026-07-05T15:44:10.718604+00:00,0877828666,https://pt123.cdn.static123.com/images/thumbs/450x300/fit/2021/09/26/d639827fc8933dcd64824_1632654815.jpg,"Chính chủ cho thuê phòng trong CCMN 9 tầng mới tinh cuối đường Nguyễn Khuyến, Văn Quán, Hà Đông phòng Phòng Khép kín, có ban công, FULLĐỒ A-z luôn Gần trường Viện 103, HV QuânY, XaLa, Hồ văn quán Nội thất: Điều hoà, nóng lạnh, tủ lạnh,máy giặt, giường tủ sofa bàn trà,hệ thống tủ bếp Thang máy, khoá Vân tay, camera an ninh Điện 3,5k/số. nước 20k/khối.để xe free K chung chủ. Giờ thoải mái Vệ sinh chung hàng tuần sạch sẽ. CHÍNH CHỦ K MẤT PHÍ - CAM KẾT ẢNH THẬT Lh: call, sms, zalo",,high,3.4,25.0,Hà Đông,can_ho_mini,1,1,1,1,1,0,1,1,0,1,8,2.0,0,1611,0.05,0.05,7c09411a8af5ca441742,9.977,0.136
"Cho thuê phòng full đồ chiến thắng, HV mật mã, gần hồ Văn Quán",2700000,20,"241 Đường Chiến Thắng, Phường Hà Đông, Hà Nội",Hà Đông,,,"CHÍNH CHỦ CHO THUÊ PHÒNG FULL ĐỒ 241 Chiến thắng, hà đông Gần Hồ Văn Quán, chợ yên xá, ngõ rộng oto tránh nhau *… - 595807",06/02/2022,https://phongtro123.com/cho-thue-phong-full-do-2-2tr-chien-thang-hv-mat-ma-gan-ho-van-quan-pr595807.html,phongtro123.com,2026-07-05T15:44:10.718604+00:00,0877828666,https://pt123.cdn.static123.com/images/thumbs/450x300/fit/2022/02/10/a7ef18efb5267e7827377_1644478647.jpg,"CHÍNH CHỦ CHO THUÊ PHÒNG FULL ĐỒ 241 Chiến thắng, hà đông Gần Hồ Văn Quán, chợ yên xá, ngõ rộng oto tránh nhau * Mô tả chung - Full nội thất điều hòa, nóng lạnh, tủ lạnh, giường, tủ , bàn ghế, máy giặt chung, phơi đồ, kệ bếp, để xe miễn phí, camera an ninh, … - wc chung - Chính chủ không mất phí - Điện 3,5k/ số - Nước 80k/ người., để xe tầng 1 free - Hàng tuần có người qua dọn vệ sinh chung - Không chung chủ. Giờ giấc đi lại thoải Liên hệ: 0877.828.666 (Call/sms/ib)",1.0,high,2.7,20.0,Hà Đông,phong_tro,1,0,0,0,1,0,1,1,0,1,5,2.0,0,1610,0.05,0.05,49bc92ec7c2410125b89,9.977,0.135
Cho thuê CCMM chính chủ - full đồ ngõ 55 Trần Phú,3200000,20,"55 Đường Trần Phú, Phường Hà Đông, Hà Nội",Hà Đông,,,"CCMN 55 Trần Phú - Văn Quán (Cạnh trường Nhạc hoạ, ĐH Kiến Trúc, ĐH Hà Nội, ĐH CN GTVT, HV Bưu Chính…) Căn hộ… - 589446",08/02/2022,https://phongtro123.com/cho-thue-ccmm-chinh-chu-full-do-ngo-55-tran-phu-pr589446.html,phongtro123.com,2026-07-05T15:44:10.718604+00:00,0779345111,https://pt123.cdn.static123.com/images/thumbs/450x300/fit/2021/07/01/z2556384474787-da7c0f01464ddf00aa338ac1a1a72c80_1625126711.jpg,"CCMN 55 Trần Phú - Văn Quán (Cạnh trường Nhạc hoạ, ĐH Kiến Trúc, ĐH Hà Nội, ĐH CN GTVT, HV Bưu Chính…) Căn hộ thuộc Hệ thống nhà cho thuê Hland - Chính chủ - Miễn trung gian - Xem phòng không mất chi phí dẫn. Thiết kế tòa nhà 7 tầng có thang máy, vệ sinh khép kín, ban công, nội thất đầy đủ Mô tả chung * Nội thất: Nóng lạnh, điều hòa, tủ lạnh, giường, tủ quần áo, bàn bếp-bồn rửa, bàn làm việc, internet riêng từng căn hộ… * Trang bị 2 máy giặt chung, vệ sinh dọn dẹp hàng tuần * Camer an ninh, Khóa cổng kiểm soát vân tay * Điện 3,5k/số ; Nước 20k/ khối * Hợp đồng dài hạn không tăng giá, giờ giấc thoải mái, tiếp bạn bè lịch sự thoải mái * Chính chủ, miễn trung gian * Thông tin chi tiết vui lòng liên hệ qua zalo.",,high,3.2,20.0,Hà Đông,can_ho_mini,1,1,1,1,1,0,1,1,1,0,8,2.0,0,1608,0.05,0.05,1f22f43efb40e311839f,9.977,0.16
CCMN cuối Nguyễn Khuyến Văn Quán Hà Đông full đồ 25m2,3300000,25,"Cuối Đường Nguyễn Khuyến, Phường Hà Đông, Hà Nội",Hà Đông,,,"Hệ thống Nhà ở H-Land có căn CCMN cho thuê ở địa chỉ : Địa chỉ : Cuối Nguyễn Khuyến, Văn Quán, Hà Đông. Mô… - 590893",13/01/2022,https://phongtro123.com/ccmn-cuoi-nguyen-khuyen-van-quan-ha-dong-full-do-25m2-pr590893.html,phongtro123.com,2026-07-05T15:44:10.718604+00:00,0335649789,https://phongtro123.com/images/thumb_default.svg,"Hệ thống Nhà ở H-Land có căn CCMN cho thuê ở địa chỉ : Địa chỉ : Cuối Nguyễn Khuyến, Văn Quán, Hà Đông. Mô tả chung : Full nội thất : Giường, tủ quần áo, điều hòa, nóng lạnh, bàn bếp, bàn làm việc, bồn rửa, tủ lạnh... Phòng chính chủ xem không mất phí, nhà mới xây Không ở chung chủ. Giờ giấc đi lại thoải mái, tiếp bạn bè vô tư miễn là lịch sự - Hợp đồng lâu dài không tăng giá, chu kỳ đóng tiền nhà 1 tháng 1 lần, đặt cọc 1 tháng tiền nhà. Liên hệ xem phòng or ZaLo : 0335.649.789 or Ib mình gửi thông tin, Ảnh vs Video phòng nhé.",,high,3.3,25.0,Hà Đông,can_ho_mini,1,0,0,0,1,0,0,1,0,0,3,1.0,0,1634,0.05,0.05,cd447eab608088841cc9,9.977,0.132
Cho thuê 01 hoặc 02 phòng trọ liền nhau có ban công riêng,2800000,25,"102 Đường Trần Phú, Hà Nội",Hà Đông,,,"Cho thuê 01 hoặc 02 phòng liền nhau phòng có ban công riêng tại 102 Trần Phú, Hà Đông (đầu khu đô thị Văn Quán và Mỗ… - 595209",04/01/2022,https://phongtro123.com/cho-thue-01-hoac-02-phong-tro-lien-nhau-co-ban-cong-rieng-pr595209.html,phongtro123.com,2026-07-05T15:44:10.718604+00:00,0815020677,https://pt123.cdn.static123.com/images/thumbs/450x300/fit/2022/01/04/img-1641258621834-1641258657301_1641259648.jpg,"Cho thuê 01 hoặc 02 phòng liền nhau phòng có ban công riêng tại 102 Trần Phú, Hà Đông (đầu khu đô thị Văn Quán và Mỗ Lao), phía dưới là nhà ga ĐƯỜNG SẮT trên cao, BIG C, XE BUÝT, liền kề trường Học viện An ninh, Bưu chính, Kiến trúc đã có đủ giường, đệm, tủ, bếp từ, nóng lạnh, điều hòa, máy giặt..",,high,2.8,25.0,unknown,phong_tro,1,0,1,0,0,0,1,1,0,0,4,1.0,0,1643,0.05,0.05,b95fb2008c9a68f1c096,9.977,0.11199999999999999
"Cho thuê phòng tầng 2, tầng 3 giá 1tr500N tại Khu TT A40 phố Nguyễn Trác,Phường La Khê, Quận Hà Đông",1500000,17,"Khu TT A40 Phố Lê Trọng Tấn, Phường Hà Đông, Hà Nội",Hà Đông,,,"Phòng trên tầng 2, tầng 3, có điều hòa, nóng lạnh, giường, tủ, không chung chủ, đi về khóa cửa, xe máy để tầng… - 595121",31/12/2021,https://phongtro123.com/cho-thue-phong-tang-2-tang-3-gia-1tr500n-pr595121.html,phongtro123.com,2026-07-05T15:44:10.718604+00:00,0379018123,https://pt123.cdn.static123.com/images/thumbs/450x300/fit/2021/12/31/1638352643689_1640923921.jpg,"Phòng trên tầng 2, tầng 3, có điều hòa, nóng lạnh, giường, tủ, không chung chủ, đi về khóa cửa, xe máy để tầng 1. Giá thuê: 1tr5/tháng + Điện, nước giá nhà nước Địa chỉ tại Khu TT A40  Phố Nguyễn Trác, Phường La Khê, Quận Hà Đông Chi tiết hoặc đến xem phòng liên hệ: 0379018123",2.0,high,1.5,17.0,Hà Đông,phong_tro,1,0,0,0,0,0,0,1,0,0,2,12.0,0,1647,0.05,0.05,b49e76fdd1e484cbda6d,9.977,0.08823529411764706
"Cho thuê căn 2N1K full đồ hồ văn quán, có ban công thoáng, cách hồ 10m",5500000,45,"A34 Đường số 19/5, Phường Hà Đông, Hà Nội",Hà Đông,,,"Căn 2N1K FUlLL ĐỒ CẠNH HỒ VĂN QUÁN - ngõ 23 Nguyễn Khuyến ( Gần Trường Kiến Trúc cách 150m, ĐH Bưu Chính cách 200m,… - 311171",29/12/2021,https://phongtro123.com/cho-thue-phong-full-do-ho-van-quan-co-ban-cong-thoang-cach-ho-10m-gia-2-8tr-pr311171.html,phongtro123.com,2026-07-05T15:44:10.719604+00:00,0877828666,https://pt123.cdn.static123.com/images/thumbs/450x300/fit/2021/12/25/z2472026763124-4ffa55ceb4f8343c64102806b6b87bdd_1640404152.jpg,"Căn 2N1K FUlLL ĐỒ CẠNH HỒ VĂN QUÁN - ngõ 23 Nguyễn Khuyến ( Gần Trường Kiến Trúc cách 150m, ĐH Bưu Chính cách 200m, ĐH Hà Nội, ĐH Công Nghệ GTVT, …) Nhà mặt đường oto đỗ cửa Cạnh Lẩu Wang, Cf Nhất Long Nội thất đầy đủ điều hòa, nóng lạnh, tủ lạnh, giường tủ bàn ăn,máy giặt chung, camera, khoá vân tay đảm bảo an ninh Giờ giấc tự do thoải mái, không chung chủ, wc chung Hàng tuần dọn vệ sinh sạch sẽ Liên hệ: 0877.828.666",,high,5.5,45.0,Hà Đông,phong_tro,1,0,1,0,1,0,1,1,0,0,5,12.0,0,1649,0.05,0.05,2712cac673531d5f8a76,9.977,0.12222222222222222
"Cho thuê CCMN Full nội thất tại đường Trần Phú, p. Hà Đông, Hà Nội",3000000,20,"55 Đường Trần Phú, Phường Hà Đông, Hà Nội",Hà Đông,,,"- Nhà đẹp full nội thất - Chỉ việc mang vali vào ở. - Phòng đẹp,sạch sẽ thoáng mát gần các trường ĐH : SPNT Trung… - 307323",23/12/2021,https://phongtro123.com/cho-thue-ccmn-full-noi-that-tai-tran-phu-ha-dong-ha-noi-1-pr307323.html,phongtro123.com,2026-07-05T15:44:10.719604+00:00,0988367162,https://pt123.cdn.static123.com/images/thumbs/450x300/fit/2021/03/12/z2372993296373-e6c7d57bb31684f607a441795a8969e2_1615547890.jpg,"- Nhà đẹp full nội thất - Chỉ việc mang vali vào ở. - Phòng đẹp,sạch sẽ thoáng mát gần các trường ĐH : SPNT Trung UơngCNGTVT,kiến trúc,bưu chính,ĐH Hà Nội,... - Giá 2.8tr-3tr-3tr2/tháng. Đóng 1 cọc 1 tháng (ở được luôn). - Thang máy tốc độ cao Mô tả chung. - Full nội thất điều hòa, nóng lạnh,tủ lạnh,giường, tủ, phơi đồ,bàn học ,để xe miễn phí, camera an ninh, máy giặt chung, kệ bếp. - Chính chủ miễn môi giới. - Điện 3,5k/ số. - Nước 25k/số. - Hàng tuần có người qua dọn vệ sinh chung cả nhà thường xuyên. - Không ở chung chủ. Giờ giấc đi lại thoải mái, tiếp bạn bè vô tư miễn là lịch sự - Hợp đồng lâu dài không tăng giá, chu kỳ đóng tiền nhà 1 tháng 1 lần, đặt cọc 1 tháng tiền nhà",,high,3.0,20.0,Hà Đông,can_ho_mini,1,0,0,1,1,0,1,1,0,1,6,12.0,0,1655,0.05,0.05,1f22f43efb40e311839f,9.977,0.15
"Chính chủ cho thuê phòng full đồ khép kín 86 bạch thái bưởi, văn quán, gần hồ yên phúc",2500000,25,"86 Đường Bạch Thái Bưởi, Phường Hà Đông, Hà Nội",Hà Đông,,,"CHÍNH CHỦ CHO THUÊ PHÒNG FULL ĐỒ khép kín 86 Bạch thái bưởi, yên phúc, hà đông Gần Hồ Yên Phúc, chợ yên phúc,… - 589422",20/12/2021,https://phongtro123.com/chinh-chu-cho-thue-phong-full-do-khep-kin-86-bach-thai-buoi-van-quan-gan-ho-yen-phuc-pr589422.html,phongtro123.com,2026-07-05T15:44:10.719604+00:00,0877828666,https://pt123.cdn.static123.com/images/thumbs/450x300/fit/2021/12/20/241213fab1f37bad22e23_1639977950.jpg,"CHÍNH CHỦ CHO THUÊ PHÒNG FULL ĐỒ khép kín 86 Bạch thái bưởi, yên phúc, hà đông Gần Hồ Yên Phúc, chợ yên phúc, viện 103, đường rộng oto tránh nhau * Mô tả chung - Full nội thất điều hòa, nóng lạnh, tủ lạnh, giường, tủ , bàn ghế, máy giặt chung, phơi đồ, kệ bếp, để xe miễn phí, camera an ninh, … - Chính chủ không mất phí - Điện 3,5k/ số - Nước 80k/ người., để xe tầng 1 free - Hàng tuần có người qua dọn vệ sinh chung - Không chung chủ. Giờ giấc đi lại thoải Liên hệ: 0877.828.666 (Call/sms/ib)",1.0,high,2.5,25.0,Hà Đông,phong_tro,1,1,0,0,1,0,1,1,0,1,6,12.0,0,1658,0.05,0.05,a22d11091ad5f454967c,9.977,0.1
"Phòng trọ 22m2, 1.800.0000/ tháng tại Đường Thanh Bình, Phường Mỗ Lao, Quận Hà Đông, Hà Nội",1800000,22,"Nhà 22, ngách 17, ngõ 4 Đường Thanh Bình, Phường Hà Đông, Hà Nội",Hà Đông,,,"nhà 3 tầng còn 1 phòng khép kín, 22m2, có điều hoà + nóng lạnh, có chìa khoá cổng riêng, chính chủ không qua trung gian,… - 588926",20/12/2021,https://phongtro123.com/phong-tro-20m2-1-800-0000-thang-pr588926.html,phongtro123.com,2026-07-05T15:44:13.117827+00:00,0366222907,https://pt123.cdn.static123.com/images/thumbs/450x300/fit/2021/06/17/af02014f-688a-43ab-9b91-6f1a73c1ffad_1623907230.jpg,"nhà 3 tầng còn 1 phòng khép kín, 22m2, có điều hoà + nóng lạnh, có chìa khoá cổng riêng, chính chủ không qua trung gian, cách điểm bus 200m, tiện đi lại, gần bệnh viện, gần nhiều trường Bưu Chính viễn thông, học viện An Ninh, Y học cổ truyền....",,high,1.8,22.0,Hà Đông,phong_tro,1,1,0,0,0,0,0,1,0,0,3,12.0,0,1658,0.05,0.05,cb23d4c34978cad58ed4,9.977,0.08181818181818182
"C.Chủ cho thuê phòng FULL đồ, khép kín, cực đẹp 39 Hồ xala, gần viện 103, HV Quân Y",3500000,25,"39 Đường Xa La, Phường Hà Đông, Hà Nội",Hà Đông,,,"Cho thuê căn 25m2, riêng biệt, cực VINTAGE - FULL ĐỒ ngay 39 HỒ XA LA - Vị trí: Cách viện 103 300m, gần hồ Xala, #cổng… - 594157",10/12/2021,https://phongtro123.com/c-chu-cho-thue-phong-full-do-khep-kin-cuc-dep-39-ho-xala-gan-vien-103-hv-quan-y-pr594157.html,phongtro123.com,2026-07-05T15:44:13.117827+00:00,0877828666,https://pt123.cdn.static123.com/images/thumbs/450x300/fit/2021/12/10/98e6368089a77cf925b61_1639110444.jpg,"Cho thuê căn 25m2, riêng biệt, cực VINTAGE - FULL ĐỒ ngay 39 HỒ XA LA - Vị trí: Cách viện 103 300m, gần hồ Xala, #cổng làng Xala, sau #Học viện Quân Y, Ngõ xe Ba gác + Nhà 7 tầng, lô góc, mới xây kiểu vintage, có thang máy + Khóa vân tay, camera an ninh + Nội thất: Tủ quần áo, đệm, bàn làm việc, sofa, điều hòa, nóng lạnh, tủ lạnh, máy giặt chung, hệ thống tủ bàn bếp. + Vệ sinh chung hàng tuần sạch sẽ + Cọc 1 đóng 1, điện 3.5k, nc 20k/khối Lh ngay chính chủ 0877.828.666 (zalo, mess, call)",,high,3.5,25.0,Hà Đông,phong_tro,1,1,0,1,1,1,1,1,0,0,7,12.0,0,1668,0.05,0.05,c9472cfaf438dc3ff8bb,9.977,0.14
cho thuê 1 ngủ 1 khách FULL đồ ở 39 xa la hà đông hà nội,4500000,50,"39 Đường Xa La, Phường Hà Đông, Hà Nội",Hà Đông,,,Chính chủ mình có phòng 1n1k ( sắp hoàn thiện ) cần cho thuê tại 39 Xa La. Nhà có 2 tầng ( mỗi tầng 1 phòng 1n1k… - 593907,06/12/2021,https://phongtro123.com/cho-thue-1-ngu-1-khach-full-do-o-39-xa-la-ha-dong-ha-noi-pr593907.html,phongtro123.com,2026-07-05T15:44:13.117827+00:00,0845281702,https://pt123.cdn.static123.com/images/thumbs/450x300/fit/2021/12/06/z2986645397820-7810d496b15b245430b02a7c0c6852ae_1638759126.jpg,"Chính chủ mình có phòng 1n1k ( sắp hoàn thiện ) cần cho thuê tại 39 Xa La. Nhà có 2 tầng ( mỗi tầng 1 phòng 1n1k ). Điện 3,5k nước 20k 1 khối ( Khồng mất thêm chi phí phát sinh ). Phòng khép kín- nhà vệ sinh rộng rãi sạch sẽ. Giờ giấc tự quản. Đầy đủ nội thất: giường tủ - nóng lạnh điều hòa, tủ bàn bếp, bộ sofa, bộ bàn ăn 4 ghế ( máy giặt- tủ lạnh- rèm cửa đang hoàn thiện ). Gác ngủ rộng rãi cao 1m9. Chỗ để xe thoải mái. LƯU Ý: CHÍNH CHỦ KHÔNG MẤT PHÍ",1.0,high,4.5,50.0,Hà Đông,phong_tro,1,1,0,0,1,1,1,1,0,1,7,12.0,0,1672,0.05,0.05,c9472cfaf438dc3ff8bb,9.977,0.09
"Phòng CCMN khu vực Chiến Thắng, Văn Quán, Hà Đông. Giá (2tr8- 3tr7 / tháng) có 1 khách 1 ngủ",2900000,25,"233 Đường Chiến Thắng, Phường Hà Đông, Hà Nội",Hà Đông,,,"Chung cư mini 40m2 1PK, 1PN nằm ở cuối đường Chiến Thắng - thuộc khu vực Yên Xá. Ô tô đỗ cửa, đường rộng… - 590737",08/12/2021,https://phongtro123.com/phong-ccmn-khu-vuc-chien-thang-van-quan-ha-dong-gia-2tr8-3tr7-thang-co-1-khach-1-ngu-pr590737.html,phongtro123.com,2026-07-05T15:44:13.117827+00:00,0383332947,https://pt123.cdn.static123.com/images/thumbs/450x300/fit/2021/10/08/77aa42e5-e645-4c48-8b98-b0fd33255e6b_1633666782.jpg,"Chung cư mini 40m2 1PK, 1PN nằm ở cuối đường Chiến Thắng - thuộc khu vực Yên Xá. Ô tô đỗ cửa, đường rộng thoáng, thoải mái 2 xe ô tô lách nhau. Đầy đủ tiện nghi. (giá 4tr1/th). Phòng đơn thì giá rẻ hơn có ban công thoáng mát - giá 2tr6 - 3tr1/th. Full đồ tiện nghi. Bao gồm: - Nóng lạnh, điều hòa, giường tủ, bàn bếp. Sofa, vệ sinh khéo kín. - Trang bị thang máy. Máy giặt chung, nhà để xe rộng (free). - Ban công cửa sổ thoáng, gần chợ, Vinmart + , Giao thông thuận tiện. - An ninh đảm bảo 100% camera gắn từ cổng. Các khu vực trọng yếu. - Vệ sinh 3 ngày 1 lần có người lau chùi quét dọn tòa nhà và đổ giác. - Sạch sẽ mới tinh - chỉ dọn vào ở.! Dọn ở bất cứ khi nào bạn muốn. Bên cạnh đó, thì mình còn vài phòng đơn cũng đầy đủ tiện nghi full đồ giá 2tr6 - 2tr8. Tính mình thẳng thắn có sao nói vậy, quý người, giúp đỡ được ai mình sẵn lòng. Không môi giới, không lừa đảo. Đến tận nhà mình đón.",,high,2.9,25.0,Hà Đông,can_ho_mini,1,0,1,1,1,0,1,1,0,1,7,12.0,0,1670,0.05,0.05,b955088264e0bc5e10a8,9.977,0.11599999999999999
"CCMN full nội thất tại Xa La, Hà Đông",4500000,35,"Đường Xa La, Phường Hà Đông, Hà Nội",Hà Đông,,,"- Nhà cực đẹp full nội thất mới - Chỉ việc mang vali vào ở. - Phòng đẹp, sạch sẽ thoáng mát gần: HV Quân Y,… - 584537",08/12/2021,https://phongtro123.com/ccmn-full-noi-that-tai-xa-la-ha-dong-pr584537.html,phongtro123.com,2026-07-05T15:44:13.118827+00:00,0988367162,https://pt123.cdn.static123.com/images/thumbs/450x300/fit/2021/03/23/z2262542808206-a1f07a4fa83a316b2d4c2c92f0b45f9c_1616470282.jpg,"- Nhà cực đẹp full nội thất mới - Chỉ việc mang vali vào ở. - Phòng đẹp, sạch sẽ thoáng mát gần: HV Quân Y, Viện Bỏng, Viện K Tân Triều, KĐT Xa La, Chợ Hà Đông,... - Giá 3.5tr - 4tr - 4tr5/tháng. Đóng 1 cọc 1 tháng (ở được luôn). - Ban công cực đẹp, gác xép rộng rãi. - Thang máy tốc độ cao. Mô tả chung. - Full nội thất điều hòa, nóng lạnh, tủ lạnh, giường, tủ, phơi đồ, bàn học, để xe miễn phí, camera an ninh, máy giặt, kệ bếp. - Cổng khóa vân tay đảm bảo an toàn. - Chính chủ miễn môi giới. - Điện 3,5k/ số. - Nước 20k/số. - Hàng tuần có người qua dọn vệ sinh chung cả nhà thường xuyên. - Không ở chung chủ. Giờ giấc đi lại thoải mái, tiếp bạn bè vô tư miễn là lịch sự - Hợp đồng lâu dài không tăng giá, chu kỳ đóng tiền nhà 1 tháng 1 lần, đặt cọc 1 tháng tiền nhà.",,high,4.5,35.0,Hà Đông,can_ho_mini,1,0,1,1,1,1,1,1,0,1,8,12.0,0,1670,0.05,0.05,359527a895e6514db672,9.977,0.12857142857142856
Cho thuê phòng trọ FULL đồ ở 282 Lê Trọng Tấn Hà Đông Hà Nội,2000000,20,"282 Phố Lê Trọng Tấn, Phường Hà Đông, Hà Nội",Hà Đông,,,CHÍNH CHỦ cho thuê phòng trọ CCMN ở 282 lê trọng tấn hà đông Vị trí thuận tiện gần chợ gần các trường ĐH… - 592835,02/12/2021,https://phongtro123.com/cho-thue-phong-tro-full-do-o-282-le-trong-tan-ha-dong-ha-noi-pr592835.html,phongtro123.com,2026-07-05T15:44:13.118827+00:00,0845281702,https://pt123.cdn.static123.com/images/thumbs/450x300/fit/2021/11/18/z2506349021942-7a3240324ca558e58fad51aeb8067b3d_1637209202.jpg,"CHÍNH CHỦ cho thuê phòng trọ CCMN ở 282 lê trọng tấn hà đông Vị trí thuận tiện gần chợ gần các trường ĐH phenika, nguyễn trãi, kiếm soát,... FULL đồ gồm giường tủ đh nl, tủ lạnh, máy giặt chung,.... Để xe miễn phí, camera an ninh tốt Điện 3.5k nước 80k/m3 Có tạp vụ dọn vệ sinh hàng tuần. CHÍNH CHỦ KHÔNG MẤT PHÍ",,high,2.0,20.0,Hà Đông,can_ho_mini,1,0,0,0,1,0,1,0,0,1,4,12.0,0,1676,0.05,0.05,63d1ffdb7110f612dd56,9.977,0.1
Phòng trọ đầy đủ đồ - chính chủ - BigC Hà Đông giá 2tr4/tháng,2400000,15,"24 Đường Mỗ Lao, Phường Hà Đông, Hà Nội",Hà Đông,,,"Gần các trường đại học Bưu chính viễn thông, kiến trúc, y dược cổ truyền,... Vị trí trung tâm quận Hà Đông,… - 593260",05/12/2021,https://phongtro123.com/phong-tro-day-du-do-chinh-chu-bigc-ha-dong-pr593260.html,phongtro123.com,2026-07-05T15:44:13.118827+00:00,0779345111,https://pt123.cdn.static123.com/images/thumbs/450x300/fit/2021/11/24/z2395909415040-ab0a71563a2829d57c6706a00ab92570_1637751291.jpg,"Gần các trường đại học Bưu chính viễn thông, kiến trúc, y dược cổ truyền,... Vị trí trung tâm quận Hà Đông, đường rộng, oto vào thoải mái. Thiết kế tòa nhà 5 tầng, đầy đủ nội thất. Mô tả chung * Nội thất: Nóng lạnh, điều hòa, tủ lạnh, giường, đệm, tủ quần áo, bàn làm việc, internet riêng từng căn hộ,... * Trang bị máy giặt chung, vệ sinh dọn dẹp hàng tuần. * Camer an ninh đảm bảo an toàn tốt. * Không chung chủ, giờ giấc tự do thoải mái. * Nhà WC 2 phòng chung 1, có người dọn dẹp vệ sinh. * Điện 3,5k/số ; Nước 80k / người / tháng. * Hợp đồng dài hạn không tăng giá, giờ giấc thoải mái, tiếp bạn bè lịch sự thoải mái * Chính chủ, miễn trung gian * Nhắn zalo khi cần thông tin chi tiết",,high,2.4,15.0,Hà Đông,can_ho,1,0,0,0,1,0,1,1,1,0,5,12.0,0,1673,0.05,0.05,be8d00d340b46533ea4c,9.977,0.16
"Chính chủ cho thuê phòng full đồ chiến thắng, HV mật mã hà đông",2300000,15,"241 Đường Chiến Thắng, Phường Hà Đông, Hà Nội",Hà Đông,,,"Chính chủ cho thuê phòng FULL ĐỒ CHIẾN THẮNG, hà đông - Ở 2 người 1 xe - Wc chung 2 phòng - Đủ đồ như hình:… - 589420",17/11/2021,https://phongtro123.com/chinh-chu-cho-thue-phong-full-do-chien-thang-hv-mat-ma-ha-dong-pr589420.html,phongtro123.com,2026-07-05T15:44:13.118827+00:00,0877828666,https://pt123.cdn.static123.com/images/thumbs/450x300/fit/2021/11/17/z2448489599832-b2c715c84bf287bb375ae7286aa462d7_1637137304.jpg,"Chính chủ cho thuê phòng FULL ĐỒ CHIẾN THẮNG, hà đông - Ở 2 người 1 xe - Wc chung 2 phòng - Đủ đồ như hình: giường tủ bàn ghế điều hoà nóng lạnh tủ lạnh máy giặt chung nhé - Điện 3,5k. Nước 80k/ng - Vệ sinh chung hàng tuần - K chung chủ, giờ thoải mái nhé ️",,high,2.3,15.0,Hà Đông,phong_tro,1,0,0,0,1,0,1,1,0,0,4,11.0,0,1691,0.05,0.05,49bc92ec7c2410125b89,9.977,0.15333333333333332
Cho thuê chung cư mini có thang máy tại Nguyễn Văn Trỗi - Hà Đông,4000000,35,"133 Đường Nguyễn Văn Trỗi, Phường Hà Đông, Hà Nội",Hà Đông,,,"Cho thuê chung cư mini tại Nguyễn Văn Trỗi - Hà Đông. Phòng rộng 35m2. Có thang máy, chỗ để xe rộng rãi. Gần các… - 592744",17/11/2021,https://phongtro123.com/cho-thue-chung-cu-mini-co-thang-may-pr592744.html,phongtro123.com,2026-07-05T15:44:13.118827+00:00,0962548991,https://phongtro123.com/images/thumb_default.svg,"Cho thuê chung cư mini tại Nguyễn Văn Trỗi - Hà Đông. Phòng rộng 35m2. Có thang máy, chỗ để xe rộng rãi. Gần các trường đại học Kiến trúc, Bưu chính, Sư phạm nhạc họa...Gần siêu thị BigC, Coopmart, Vinmart...Giao thông thuận tiện, khu dân chí cao, an ninh tốt. Phòng khép kín có điều hòa, nóng lạnh, điện nước giá hợp lý, ban công rộng. Giá thuê: 4tr/tháng, đặt cọc 1 tháng. (Clip quay khi chưa dọn dẹp hoàn thiện nên hơi bừa bộn, hiện tại đã hoàn thiện và vệ sinh sạch sẽ) Địa chỉ: Ngõ 133 Nguyễn Văn Trỗi - Hà Đông Bạn nào có nhu cầu liên hệ trực tiếp với mình: 0962548991",,high,4.0,35.0,Hà Đông,can_ho_mini,1,1,1,1,0,0,0,1,0,1,6,11.0,0,1691,0.05,0.05,90bce31c49c3e171a374,9.977,0.11428571428571428
Cho thuê phòng gác xép full đồ Trần Phú gần BigC Hà Đông,3200000,25,"181/4 Đường Trần Phú, Phường Hà Đông, Hà Nội",Hà Đông,,,"Cách mặt đường Trần Phú 20m tiện đi lại các trường Bưu Chính, Kiến Trúc, BigC Hà Đông Gần ga tầu trên không Văn… - 592152",07/11/2021,https://phongtro123.com/cho-thue-phong-gac-xep-full-do-tran-phu-gan-bigc-ha-dong-pr592152.html,phongtro123.com,2026-07-05T15:44:13.118827+00:00,0396960963,https://pt123.cdn.static123.com/images/thumbs/450x300/fit/2021/11/07/z2912818666816-d1b01c069be174e4a553800d3359443d_1636264799.jpg,"Cách mặt đường Trần Phú 20m tiện đi lại các trường Bưu Chính, Kiến Trúc, BigC Hà Đông Gần ga tầu trên không Văn Quán, Khu vực an ninh tuyệt đối Phòng có gác xép rộng 8m2 Giá chỉ 3.2tr/tháng Tiện nghi có sẵn Điều hòa, Nóng lạnh Giường, Tủ quần áo Bàn bếp chậu rửa Vệ sinh khép kín Phòng có cửa sổ thoáng mát ánh sáng tự nhiên nhiều Miễn phí để xe, khóa cửa vân tay, chống trộm Nhà có bảo vệ và camera an ninh mỗi tầng",,high,3.2,25.0,Hà Đông,phong_tro,1,1,0,0,1,1,0,1,0,1,6,11.0,0,1701,0.05,0.05,fe61b58eb28e2f6d6be6,9.977,0.128
"CC mini full nội thất tại Bà Triệu,Tô Hiệu ,Hà Đông",3400000,25,"Phố Bà Triệu, Phường Hà Đông, Hà Nội",Hà Đông,,,"- Nhà đẹp full nội thất mới - Chỉ việc mang vali vào ở. - Phòng đẹp,sạch sẽ thoáng mát gần : HV Quân Y,metro Hà… - 316399",03/11/2021,https://phongtro123.com/cc-mini-full-noi-that-tai-ba-trieu-to-hieu-ha-dong-pr316399.html,phongtro123.com,2026-07-05T15:44:13.118827+00:00,0988367162,https://pt123.cdn.static123.com/images/thumbs/450x300/fit/2021/06/30/z2502404227489-4f534d4a7619486f0e694a71d9c0dd5c_1625019275.jpg,"- Nhà đẹp full nội thất mới - Chỉ việc mang vali vào ở. - Phòng đẹp,sạch sẽ thoáng mát gần : HV Quân Y,metro Hà Đông,Chợ Hà Đông,cách cầu trắng 500m,.... - Giá2tr8-3.5tr/tháng. Đóng 1 cọc 1 tháng (ở được luôn). - Ban công cực rộng,thoáng mát - Thang máy tốc độ cao Mô tả chung. - Full nội thất điều hòa, nóng lạnh,tủ lạnh,giường, tủ, phơi đồ,bàn học ,để xe miễn phí, camera an ninh, máy giặt , kệ bếp. - Cổng khóa vân tay đảm bảo an toàn - Chính chủ miễn môi giới. - Điện 3,5k/ số. - Nước 20k/số. - Hàng tuần có người qua dọn vệ sinh chung cả nhà thường xuyên. - Không ở chung chủ. Giờ giấc đi lại thoải mái, tiếp bạn bè vô tư miễn là lịch sự - Hợp đồng lâu dài không tăng giá, chu kỳ đóng tiền nhà 1 tháng 1 lần, đặt cọc 1 tháng tiền nhà",,high,3.4,25.0,Hà Đông,phong_tro,1,0,1,1,1,0,1,1,0,1,7,11.0,0,1705,0.05,0.05,a5480ffeff64be6b5f39,9.977,0.136
"Cho thuê 1 phòng tầng 1 và 2 phòng tầng 3 tại Số nhà 11, ngõ 18 Đường Thanh Bình, Phường Mỗ Lao, Quận Hà Đông",6000000,50,"Số nhà 11, ngõ 18 Đường Thanh Bình, Phường Hà Đông, Hà Nội",Hà Đông,,,"Cho thuê tầng 1 văn phòng .diện tích 25m2 Tầng 3 ,2 phòng khép kín có công trình phụ. Diện tích phòng to 20m2 , phòng… - 591880",02/11/2021,https://phongtro123.com/cho-thue-1-phong-tang-1-va-2-phong-tang-3-pr591880.html,phongtro123.com,2026-07-05T15:44:13.118827+00:00,0987571608,https://phongtro123.com/images/thumb_default.svg,"Cho thuê tầng 1 văn phòng .diện tích 25m2 Tầng 3 ,2 phòng khép kín có công trình phụ. Diện tích phòng to 20m2 , phòng nhỏ 12m2 Điện nước đầy đủ Giá cho thuê tầng 1 văn phòng : 10 triệu Giá cho tầng 3: phòng to 5 triệu ,phòng nhỏ 2 triệu Địa chỉ: Số nhà 11, ngõ 18  Đường Thanh Bình, Phường Mỗ Lao, Quận Hà Đông",1.0,high,6.0,50.0,Hà Đông,phong_tro,0,1,0,0,0,0,0,0,0,0,1,11.0,0,1706,0.05,0.05,18644517ea60af5c40a1,9.977,0.12
Phòng Xinh Tìm Chủ Đẹp - Cuối đường Chiến Thắng- Đủ đồ cơ bản- giá chỉ từ 2tr5,2500000,20,"Đường Chiến Thắng, Phường Hà Đông, Hà Nội",Hà Đông,,,ĐÂU PHẢI CỨ THUÊ CCMN LÀ PHẢI CÓ NHIỀU TIỀN ĐÂU CHO THUÊ CHUNG CƯ MINI CHỈ TỪ 2TR5 Bạn ko nghe nhầm đâu chỉ… - 590811,01/11/2021,https://phongtro123.com/ngo-225-yen-xa-ngay-cuoi-chien-thang-van-con-phong-xinh-gia-chi-tu-2tr4-pr590811.html,phongtro123.com,2026-07-05T15:44:13.118827+00:00,0982037480,https://pt123.cdn.static123.com/images/thumbs/450x300/fit/2021/10/09/987f62a0-3fa9-4d89-a2ca-ee6c74f2ae2d_1633794099.jpg,"ĐÂU PHẢI CỨ THUÊ CCMN LÀ PHẢI CÓ NHIỀU TIỀN ĐÂU CHO THUÊ CHUNG CƯ MINI CHỈ TỪ 2TR5 Bạn ko nghe nhầm đâu chỉ từ 2tr5 có phòng xinh rồi Lh: 0982037480( xem Free) CUỐI ĐƯỜNG CHIẾN THẮNG NHA Địa chỉ: Ngõ 225 YÊN XÁ Ngõ 241/41 Yên Xá Nhà Mới sạch sẽ thích hợp cho Anh Em thích Trải Nghiệm Mới,... - có cả phòng ban công thoáng +Không chung chủ giờ giấc Thoải Mái +Ra Vào Vân Tay - Giờ Giấc Thoải Mái +ĐỦ Đồ chỉ cần sách Vali tới ở Để Xe free - giá dv phải chăng : Điện 3,8k/số , nước 28k/khối, mạng 100k/phòng( wifi riêng theo phòng), vệ sinh 30k/ng Liên hệ 0982.037.480 ngay và luôn để nhận mức giá ưu đãi cực sốc này",,high,2.5,20.0,Hà Đông,can_ho_mini,0,0,1,0,0,0,0,0,1,1,3,11.0,0,1707,0.05,0.05,8157d94add72c92c0ff3,9.977,0.125
"Chính chủ cho thuê phòng Ngõ 241 Chiến Thắng-Văn Quán-Hà Đông (Gần Trường Kiến Trúc, An Ninh....",2300000,14,"26 NGÕ 241 Đường Chiến Thắng, Phường Hà Đông, Hà Nội",Hà Đông,,,"- Còn 1 phòng tầng 2 giá 2tr3, 2 phòng chung 1 nhà vệ sinh- ở được luôn. - Ngõ rộng ô tô đỗ cửa - Nội thất điều… - 290002",26/10/2021,https://phongtro123.com/tinh-thanh/ha-noi/cho-thue-ccmn-full-noi-that-tai-kdt-van-quanha-dongha-noi-1.html,phongtro123.com,2026-07-05T15:44:13.118827+00:00,0988367162,https://pt123.cdn.static123.com/images/thumbs/450x300/fit/2021/03/15/z2070708937028-12404ce44cfef3dccee148e46e3f07cc_1615808933.jpg,"- Còn 1 phòng tầng 2 giá 2tr3, 2 phòng chung 1 nhà vệ sinh- ở được luôn. - Ngõ rộng ô tô đỗ cửa - Nội thất điều hòa, nóng lạnh,, giường,tủ, phơi đồ, bàn, để xe miễn phí, camera an ninh, máy giặt - Thanh toán cọc 1 đóng 1 Mô tả chung - Máy giặt dùng chung miễn phí - Chính chủ miễn môi giới - Điện 3,5k/ số - Nước 80k/ người. - Hàng tuần có người qua dọn vệ sinh chung cả nhà thường xuyên. - Không ở chung chủ. Giờ giấc đi lại thoải mái, tiếp bạn bè vô tư miễn là lịch sự - Hợp đồng lâu dài không tăng giá, chu kỳ đóng tiền nhà 1 tháng 1 lần, đặt cọc 1 tháng tiền nhà",2.0,high,2.3,14.0,Hà Đông,phong_tro,1,0,0,0,0,0,1,1,0,1,4,10.0,0,1713,0.05,0.05,b6452d44c123ae6d2eec,9.977,0.16428571428571428
Cho thuê phòng KĐT Văn Quán-Nguyễn Khuyến-Bạch Thái Bưởi,3000000,30,"48 Đường Bạch Thái Bưởi, Phường Hà Đông, Hà Nội",Hà Đông,,,"KĐT Văn Quán-Phố Bạch Thái Bưởi ( Gần Hồ Văn Quán, Trường Kiến Trúc, An Ninh, Bệnh viện 103). - Vị trí giao thông… - 309014",25/10/2021,https://phongtro123.com/cho-thue-phong-kdt-van-quan-nguyen-khuyen-bach-thai-buoi-pr309014.html,phongtro123.com,2026-07-05T15:44:13.118827+00:00,0988367162,https://pt123.cdn.static123.com/images/thumbs/450x300/fit/2020/08/15/z2019940744560-8918619f7aa775d3fec5f93c20c98dad_1597460845.jpg,"KĐT Văn Quán-Phố Bạch Thái Bưởi ( Gần Hồ Văn Quán, Trường Kiến Trúc, An Ninh, Bệnh viện 103). - Vị trí giao thông thuận tiện,xe buýt 39 đi qua cửa nhà. - Nhà mình có phòng full nội thất giá 3tr-3.2tr. - 2 phòng 1 tầng chung 1 vệ sinh - Diện tích 25-30m2,ban công thoáng mát - Cạnh điểm xe bus. - Full nội thất điều hòa,quạt trần, nóng lạnh, giường, tủ , phơi đồ, để xe miễn phí, camera an ninh, máy giặt - nước 80k/người/tháng - điện 3.5k/số - Internet cáp quang tốc độ cao, điện nước công tơ riêng. - Miễn phí chỗ để xe máy, có camera yên tâm an ninh. - Chính chủ miễn môi giới",,high,3.0,30.0,Hà Đông,phong_tro,1,0,1,0,1,0,1,1,1,1,7,10.0,0,1714,0.05,0.05,54817167377dc6d1fc87,9.977,0.1
Phòng trọ - Chính chủ - Chợ Mỗ Lao (BigC Hà Đông),3000000,20,"24 Đường Mỗ Lao, Phường Hà Đông, Hà Nội",Hà Đông,,,"Gần các trường đại học Bưu chính viễn thông, kiến trúc, y dược cổ truyền,... Vị trí trung tâm quận Hà Đông,… - 590276",22/10/2021,https://phongtro123.com/phong-tro-chinh-chu-cho-mo-lao-bigc-ha-dong-pr590276.html,phongtro123.com,2026-07-05T15:44:13.118827+00:00,0779345111,https://pt123.cdn.static123.com/images/thumbs/450x300/fit/2021/09/23/z2173911162620-8a88e87ed06374f391dfb27f1839b2db_1632360870.jpg,"Gần các trường đại học Bưu chính viễn thông, kiến trúc, y dược cổ truyền,... Vị trí trung tâm quận Hà Đông, đường rộng, oto vào thoải mái. Thiết kế tòa nhà 5 tầng, đầy đủ nội thất. Mô tả chung * Nội thất: Nóng lạnh, điều hòa, tủ lạnh, giường, đệm, tủ quần áo, bàn làm việc, internet riêng từng căn hộ,... * Trang bị máy giặt chung, vệ sinh dọn dẹp hàng tuần. * Camer an ninh đảm bảo an toàn tốt. * Không chung chủ, giờ giấc tự do thoải mái. * Nhà WC 2 phòng chung 1, có người dọn dẹp vệ sinh. * Điện 3,5k/số ; Nước 80k / người / tháng. * Hợp đồng dài hạn không tăng giá, giờ giấc thoải mái, tiếp bạn bè lịch sự thoải mái * Chính chủ, miễn trung gian * Nhắn zalo khi cần thông tin chi tiết",,high,3.0,20.0,Hà Đông,can_ho,1,0,0,0,1,0,1,1,1,0,5,10.0,0,1717,0.05,0.05,be8d00d340b46533ea4c,9.977,0.15
"Cho Thuê CCMN tại 6A Mỗ Lao, Phường Mỗ Lao, Quận Hà Đông. Giá 2.8tr, 3tr1, 3tr3/tháng",3100000,24,"6A Đường Mỗ Lao, Phường Hà Đông, Hà Nội",Hà Đông,,,"- Nhà đẹp, mới xây, full nội thất - Chỉ việc mang vali vào ở. - Phòng đẹp,sạch sẽ thoáng mát gần các trường ĐH… - 591305",20/10/2021,https://phongtro123.com/cho-thue-ccmn-mo-lao-ha-dong-pr591305.html,phongtro123.com,2026-07-05T15:44:13.118827+00:00,0356742937,https://pt123.cdn.static123.com/images/thumbs/450x300/fit/2021/10/20/20211020-095158_1634704545.jpg,"- Nhà đẹp, mới xây, full nội thất - Chỉ việc mang vali vào ở. - Phòng đẹp,sạch sẽ thoáng mát gần các trường ĐH : kiến trúc,bưu chính,ĐH Hà Nội,... - Giá 2.8tr-3tr1-3tr3/tháng. Đóng 1 cọc 1 tháng (ở được luôn). - Thang máy tốc độ cao - Wifi 300 MB Mô tả chung. - Full nội thất điều hòa, nóng lạnh, giường, tủ, bàn làm việc ,để xe miễn phí, camera an ninh, kệ bếp, hút mùi - Chính chủ miễn môi giới. - Điện 3,5k/ số. - Nước 20k/số. - Hàng tuần có người dọn vệ sinh chung cả nhà thường xuyên.",,high,3.1,24.0,Hà Đông,can_ho_mini,1,0,0,1,1,0,0,1,1,1,6,10.0,0,1719,0.05,0.05,5f9140e31f8209908d9a,9.977,0.12916666666666668
Phòng đẹp full đồ 2 mặt thoáng ngõ 140 Trần Phú Hà Đông,3400000,32,"Đường Trần Phú, Phường Hà Đông, Hà Nội",Hà Đông,,,"Ngõ 140 Trần Phú Hà Đông cách BigC Hà Đông 800m vị trí gần các trường: Bưu Chính Viễn Thông, Kiến… - 590764",17/10/2021,https://phongtro123.com/phong-dep-full-do-2-mat-thoang-ngo-140-tran-phu-ha-dong-pr590764.html,phongtro123.com,2026-07-05T15:44:13.119825+00:00,0396960963,https://pt123.cdn.static123.com/images/thumbs/450x300/fit/2021/10/08/z2821023098184-3e3c80add34b747f935342cc6c5ce47d_1633709277.jpg,"Ngõ 140 Trần Phú Hà Đông cách BigC Hà Đông 800m vị trí gần các trường: Bưu Chính Viễn Thông, Kiến Trúc ======== Với diện tích 28-35m2 nhà mới hoàn thiện đẹp đẽ sáng láng Giá chỉ từ 3,4 triệu - 3,8 triệu/tháng Sở hữu ngay 1 phòng full nội thất cơ bản: Giường, Tủ quần áo, Điều hoà, Nóng lạnh, kệ bếp, chậu rửa, cửa sổ, phơi đồ tại phòng hoặc sân thượng. Nhà có thang máy hiện đại. ========= Điện 3,8k/s Nước 25k/m3 Mạng 100k Dịch vụ chung 80k/người Nhà mới thoáng mát sạch sẽ, thang máy, máy giặt chung, cửa khoá vân tay, an ninh chặt chẽ gác xép và không gác xép",,high,3.4,32.0,Hà Đông,phong_tro,1,0,0,1,1,1,1,1,1,0,7,10.0,0,1722,0.05,0.05,df7d60730ddac8039d1c,9.977,0.10625
"Cho thuê phòng trọ khu vực Chiến Thắng, Văn Quán, Hà Đông",2300000,15,"241 Đường Chiến Thắng, Phường Hà Đông, Hà Nội",Hà Đông,,,"- Full nội thất điều hòa, nóng lạnh, giường, tủ, để xe miễn phí, camera an ninh, máy giặt… - Internet cáp quang tốc… - 587056",15/10/2021,https://phongtro123.com/cho-thue-phong-tro-khu-vuc-chien-thang-van-quan-ha-dong-pr587056.html,phongtro123.com,2026-07-05T15:44:13.119825+00:00,0779345111,https://pt123.cdn.static123.com/images/thumbs/450x300/fit/2021/05/10/z2194153511530-602af8d4b1ca8c9965be25403de35c61_1620620283.jpg,"- Full nội thất điều hòa, nóng lạnh, giường, tủ, để xe miễn phí, camera an ninh, máy giặt… - Internet cáp quang tốc độ cao - Chính chủ miễn môi giới - Điện 3,5k/ số - Nước 80k/ người. - Mặt đường rộng rãi, oto tránh nhau - Hàng tuần có người qua dọn vệ sinh chung cả nhà thường xuyên. - Không ở chung chủ. Giờ giấc đi lại thoải mái, tiếp bạn bè vô tư miễn là lịch sự - Hợp đồng lâu dài không tăng giá, chu kỳ đóng tiền nhà 1 tháng 1 lần, đặt cọc 1 tháng tiền nhà",,high,2.3,15.0,Hà Đông,phong_tro,1,0,0,0,1,0,1,1,1,1,6,10.0,0,1724,0.05,0.05,49bc92ec7c2410125b89,9.977,0.15333333333333332
Phòng trọ Full Đồ tại Văn Quán 30m Alo 0333586853 để được tư vấn nhá,2600000,30,"Đường Ao Sen, Phường Hà Đông, Hà Nội",Hà Đông,,,HÓT HÓT HÓT MUỐN TÌM CĂN CCMN - SANG XỊN - SẠCH SẼ - TIỆN NGHI - GIÁ RẺ - AN TOÀN lại còn ở TRUNG TÂM thì sách vali… - 590797,14/10/2021,https://phongtro123.com/ccmn-full-do-van-quan-30m-alo-de-duoc-tu-van-nha-pr590797.html,phongtro123.com,2026-07-05T15:44:13.119825+00:00,0333586853,https://pt123.cdn.static123.com/images/thumbs/450x300/fit/2021/10/09/img-20211009-090605_1633773931.jpg,"HÓT HÓT HÓT MUỐN TÌM CĂN CCMN - SANG XỊN - SẠCH SẼ - TIỆN NGHI - GIÁ RẺ - AN TOÀN lại còn ở TRUNG TÂM thì sách vali đến ở ngay NHÀ MÌNH 2TR9 - 4TR5 ️ TRIỀU KHÚC - CUỐI ĐƯỜNG CHIẾN THẮNG - VĂN QUÁN - YÊN XÁ - HÀ ĐÔNG Nội thấy ĐẦY ĐỦ _ sang xịn_ Phòng full đồ như video - Ban công cực xịn sò ⭕️ Giường, tủ quần áo, điều hòa, nóng lạnh ⭕️ Máy giặt - thang máy - rèm cửa... ⭕️ Không chung chủ - Không mô giới - An ninh tốt Phòng thông thoáng, rộng Điện nướ",,high,2.6,30.0,Hà Đông,can_ho_mini,1,0,1,1,1,0,1,1,0,0,6,10.0,0,1725,0.05,0.05,95c67ab588804f5c8a80,9.977,0.08666666666666667
Phòng gác xép full đồ mặt phố Bà Triệu Hà Đông 25m2,2900000,25,"112 Phố Bà Triệu, Phường Hà Đông, Hà Nội",Hà Đông,,,"PHÒNG FULL ĐỒ 112 BÀ TRIỆU, HÀ ĐÔNG - - - - - Diện tích: 20m2 + xép 10m2 Nội thất: Nóng lạnh, điều hòa, bàn bếp,… - 591010",14/10/2021,https://phongtro123.com/phong-gac-xep-full-do-mat-pho-ba-trieu-ha-dong-25m2-pr591010.html,phongtro123.com,2026-07-05T15:44:15.314662+00:00,0396960963,https://pt123.cdn.static123.com/images/thumbs/450x300/fit/2021/10/14/z2491760953549-dedec8cdd4b9750613ddeab06c1a53a6_1634197912.jpg,"PHÒNG FULL ĐỒ 112 BÀ TRIỆU, HÀ ĐÔNG - - - - - Diện tích: 20m2 + xép 10m2 Nội thất: Nóng lạnh, điều hòa, bàn bếp, thiết bị vệ sinh khép kín đầy đủ, máy giặt công cộng... Thiết kế: nhà xe miễn phí, thang máy, sân phơi, sân chơi. An ninh: cửa khóa vân tay, camera nhà xe, sân thượng, hành lang Gần chợ Hà Đông 500m, siêu thị Metro Hà Đông 700m, bệnh viện Hà Đông 1,5km, siêu thị big c Hà Đông 1,5km, HV bưu chính viễn Thông 2km, ĐH Kiến trúc 2km, HV quân y, viện 103 1km, CĐ y tế Hà Đông 1,5km.... Giao thông: Nhà mặt đường lớn, thoáng rộng, gần điểm bus,.. Thanh toán: thanh toán 01 tháng 01 lần. Cọc 01 tháng. Nhà có khóa vân tay, giờ giấc tự do thoải mái, có camera từng tầng Liên hệ xem phòng 24/24",,high,2.9,25.0,Hà Đông,phong_tro,1,1,0,1,1,1,1,1,0,0,7,10.0,0,1725,0.05,0.05,bca30ffc3d30cb0ce64f,9.977,0.11599999999999999
Cho Thuê Phòng Trọ Khu Vực Trần Phú Hà Đông,3200000,25,"Ngõ 55 Đường Trần Phú, Phường Hà Đông, Hà Nội",Hà Đông,,,"Hệ thống bên mình có căn CCMN Địa chỉ : Ngõ 55 Trần Phú ( gần trường ĐH Sư Phạm Nghệ Thuật Trung Ương, đh Công… - 588929",14/10/2021,https://phongtro123.com/cho-thue-phong-tro-khu-vuc-tran-phu-ha-dong-pr588929.html,phongtro123.com,2026-07-05T15:44:15.314662+00:00,0335649789,https://phongtro123.com/images/thumb_default.svg,"Hệ thống bên mình có căn CCMN Địa chỉ : Ngõ 55 Trần Phú ( gần trường ĐH Sư Phạm Nghệ Thuật Trung Ương, đh Công Nghệ GTVT, đh Kiến Trúc, Học Viện Bưu Chinh, đối diện chợ Phùng Khoang...) Có 2 loại phòng : - phòng đơn giá 3xx(x nhỏ xíu) Full nội thất : Giường, tủ quần áo, điều hòa, nóng lạnh, bàn bếp, bàn làm việc, bồn rửa... Phòng chính chủ xem không mất phí Không chung chủ, giờ giấc tự do Hệ thống Camera an ninh, Khóa cổng vân tay. Hàng tuần có người đi dọn vệ sinh tòa nhà, khu chung. Liên hệ xem phòng SĐT or ZaLo : 0335.649.789",,high,3.2,25.0,Hà Đông,can_ho_mini,1,0,0,0,1,0,0,1,0,0,3,10.0,0,1725,0.05,0.05,ea1847b3445371263b30,9.977,0.128
"CCMN, phòng trọ full đồ 109 Nguyễn Văn Trỗi, phía sau trường Bưu Chính",3000000,20,"109 Đường Nguyễn Văn Trỗi, Phường Hà Đông, Hà Nội",Hà Đông,,,"- Chính chủ cho thuê phòng khép kín full đồ tại số 31 ngõ 109 Nguyễn Văn Trỗi , Hà ĐÔng, bán kình 300m là các trường… - 590222",14/10/2021,https://phongtro123.com/ccmn-phong-tro-full-do-109-nguyen-van-troi-phia-sau-truong-buu-chinh-pr590222.html,phongtro123.com,2026-07-05T15:44:15.314662+00:00,0866077261,https://pt123.cdn.static123.com/images/thumbs/450x300/fit/2021/10/15/k4_1634265929.jpg,"- Chính chủ cho thuê phòng khép kín full đồ tại số 31 ngõ 109 Nguyễn Văn Trỗi , Hà ĐÔng, bán kình 300m là các trường Học viện Bưu Chính, Đại học Kiến trúc, Big C Hà Đông,.. - Full đồ: điều hòa, nóng lạnh, tủ lạnh, bàn trà, tủ quần áo,... - Kiến trúc: Có gác xép, thiết kế ngủ trên gác xép - Thang máy vận hành - Để xe miễn phí dưới tầng 1, cửa ra vào khóa vân tay - Không chung chủ, giờ giấc tự do - Điện 3,5 nước 20k/khối có công tơ riêng biệt - LH Zalo để được tư vấn chi tiết",1.0,high,3.0,20.0,Hà Đông,can_ho_mini,1,1,0,1,1,1,0,1,0,1,7,10.0,0,1725,0.05,0.05,146c0a4669c671cea7b3,9.977,0.15
"CMMN full đồ ngõ 55 Trần Phú, Văn Quán, Hà Đông",3200000,22,"55 Đường Trần Phú, Phường Hà Đông, Hà Nội",Hà Đông,,,"Chính chủ cho thuê: - Vị trí: ngõ 55 Trần Phú, Hà Đông, gần các trường Đại học Sư phạm nghệ thuật TW, Học viên… - 307271",14/10/2021,https://phongtro123.com/ngo-55-tran-phu-ha-dong-gia-3tr2-full-do-pr307271.html,phongtro123.com,2026-07-05T15:44:15.314662+00:00,0866077261,https://pt123.cdn.static123.com/images/thumbs/450x300/fit/2021/10/15/b6_1634266066.jpg,"Chính chủ cho thuê: - Vị trí: ngõ 55 Trần Phú, Hà Đông, gần các trường Đại học Sư phạm nghệ thuật TW, Học viên An Ninh, Bưu Chính,... - Full đồ: điều hòa, nóng lạnh, giường đệm, tủ lạnh, tủ quần áo, bàn làm việc,.. - Để xe miễn phí dưới tầng 1, cửa ra vào khóa vân tay - Hàng tuần có người dọn vệ sinh khu chung - Cọc 1 tháng, đóng 1 tháng 1, ký hợp đồng lâu dài - Điện 3,5 nước 20k/khối Zalo: 0866.077.261",1.0,high,3.2,22.0,Hà Đông,phong_tro,1,0,0,0,1,0,0,1,0,1,4,10.0,0,1725,0.05,0.05,1f22f43efb40e311839f,9.977,0.14545454545454548
"Còn CCMN full đồ khu vực Yên Xá, Triều Khúc, Kim Giang giá từ 2tr5 - 3tr7",2500000,25,"Đường Yên Xá, Phường Hà Đông, Hà Nội",Hà Đông,,,"Chung cư mini khu cuối đường Chiến Thắng - Yên Xá - Văn Quán - Mỗ Lao. Ô tô đỗ cửa, đường rộng thoáng, thoải… - 590784",09/10/2021,https://phongtro123.com/con-ccmn-full-do-khu-vuc-yen-xa-trieu-khuc-kim-giang-gia-tu-2tr5-3tr7-pr590784.html,phongtro123.com,2026-07-05T15:44:15.314662+00:00,0337814662,https://pt123.cdn.static123.com/images/thumbs/450x300/fit/2021/10/09/4c4c95d59b5e6e00374f_1633766807.jpg,"Chung cư mini khu cuối đường Chiến Thắng - Yên Xá - Văn Quán - Mỗ Lao. Ô tô đỗ cửa, đường rộng thoáng, thoải mái 2 xe ô tô lách nhau. Đầy đủ tiện nghi. Giá từ 2tr5 - 3tr7 có phòng đầy đủ nội thất cơ bản vào ở được luôn - Nhà để xe rộng (free). - Ban công cửa sổ thoáng, gần chợ, Vinmart +, giao thông thuận tiện. - Khóa vân tay - An ninh đảm bảo 100% camera gắn từ cổng. - Vệ sinh 3 ngày 1 lần có người lau chùi quét dọn tòa nhà và đổ giác. - Sạch sẽ mới tinh - chỉ dọn vào ở. Dọn ở bất cứ khi nào bạn muốn. - Dịch vụ: điện 3k8/số - nước 28k/khối - mạng 100k/phòng Tính mình thẳng thắn có sao nói vậy, quý người, giúp đỡ được ai mình sẵn lòng. Không môi giới, không lừa đảo. Đến tận nhà mình đón. Nhắn zalo or gọi số mình (Dịu)",,high,2.5,25.0,Hà Đông,can_ho_mini,0,0,1,0,1,0,0,0,1,1,4,10.0,0,1730,0.05,0.05,69ea2ec5c053457eb3b6,9.977,0.1
Phòng gác xép full đồ đẹp mới Trần Phú Hà Đông,3700000,35,"Ngõ 140 Đường Trần Phú, Phường Hà Đông, Hà Nội",Hà Đông,,,CHO THUÊ PHÒNG GÁC XÉP MỚI 100% TẠI NGÕ 140 TRẦN PHÚ - Địa chỉ: 140 TRẦN PHÚ - GẦN HỒ GƯƠM PLAZA Vị trí: Ngõ… - 590776,09/10/2021,https://phongtro123.com/phong-gac-xep-full-do-dep-moi-tran-phu-ha-dong-pr590776.html,phongtro123.com,2026-07-05T15:44:15.314662+00:00,0396960963,https://pt123.cdn.static123.com/images/thumbs/450x300/fit/2021/10/09/0_1633757983.jpg,"CHO THUÊ PHÒNG GÁC XÉP MỚI 100% TẠI NGÕ 140 TRẦN PHÚ - Địa chỉ: 140 TRẦN PHÚ - GẦN HỒ GƯƠM PLAZA Vị trí: Ngõ rộng, thoáng, ngay sau Bigc Hà Đông , cách trường Bưu Chính 400m , Kiến Trúc 600m , Chợ Phùng Khoang 1km Phòng cửa sổ thoáng ánh sáng ngập tràn, phòng gác xép và không gác xép. View thoáng, đẹp Trang bị đầy đủ : Gác Xép, giường, tủ quần áo, Nóng lạnh, Điều hòa, Kệ bếp, Nhà vệ sinh khép kín -Tiện ích: Khóa Vân tay đi lại tự do thoải mái, Có camera 24/24h.... Thang máy đi lại thoải mái... - Máy giặt chung tầng 1 . THÍCH HỢP Ở SINH VIÊN , HỘ GIA ĐÌNH, NHÓM BẠN THUÊ Ở CÙNG...KHU DÂN CƯ VĂN MINH..",1.0,high,3.7,35.0,Hà Đông,phong_tro,0,1,0,1,1,1,0,1,0,0,5,10.0,0,1730,0.05,0.05,5f73f0db69581deed55d,9.977,0.10571428571428572
Phòng trọ đối diện Bệnh viện K Tân Triều - Hà Đông - full đồ,3000000,30,"Đối diện Viện K Tân Triều Đường số 70, Phường Hà Đông, Hà Nội",Hà Đông,,,Tôi mới sửa nhà cho thuê. Còn trống 2 phòng tầng 04 và tầng 05 Đồ đạc còn mới tinh. Hình ảnh như nào thực tế… - 589703,06/10/2021,https://phongtro123.com/phong-tro-doi-dien-benh-vien-k-tan-trieu-ha-dong-full-do-pr589703.html,phongtro123.com,2026-07-05T15:44:15.314662+00:00,0963338628,https://pt123.cdn.static123.com/images/thumbs/450x300/fit/2021/07/10/1acd145c3919cb479208_1625881055.jpg,"Tôi mới sửa nhà cho thuê. Còn trống 2 phòng tầng 04 và tầng 05 Đồ đạc còn mới tinh. Hình ảnh như nào thực tế như thế. Địa chỉ: Gần khu Tân Triều - bệnh viện K Tân Triều Gần khu đô thị Xa la - Kiến Hưng Nội thất đầy đủ: Điều hòa, nóng lạnh, giường (Ga, gối, đệm), tủ quần áo, bàn ghế, thảm, wifi riêng từng phòng Có máy giặt chung cho các phòng Để xe miễn phí dưới tầng 01, có camera an ninh 24/24 Hàng tuần có nhân viên đến để dọn dẹp không gian chung. Khu an ninh, yên tĩnh, đường rộng Ô tô đỗ trước cửa được. Thanh toán 1 tháng cọc 1 tháng Dịch vụ: Điện 3,5K 1 số, Nước 80K 1 người, Wifi 100K 1 phòng, Dịch vụ chung 50K 1 người Liên hệ tôi để được xem phòng. Tôi là chủ nhà không phải bên dịch vụ. Xin cảm ơn !!",4.0,high,3.0,30.0,Hà Đông,phong_tro,1,0,0,0,1,0,1,1,1,1,6,10.0,0,1733,0.05,0.05,274a8af5e8c8054d98c3,9.977,0.1
CCMN chính chủ full đồ ngay sau BigC Hà Đông,3200000,25,"Đường Mỗ Lao, Phường Hà Đông, Hà Nội",Hà Đông,,,"-Chính chủ cho thuê phòng trọ ngay cạnh chợ Mỗ Lao, phía sau Big C Hà Đông, thuận tiện giao thông đến các trường Bưu… - 590221",25/09/2021,https://phongtro123.com/ccmn-chinh-chu-full-do-ngay-sau-bigc-ha-dong-pr590221.html,phongtro123.com,2026-07-05T15:44:15.314662+00:00,0866077261,https://pt123.cdn.static123.com/images/thumbs/450x300/fit/2021/09/16/229ba48b9a0d6953301c_1631766166.jpg,"-Chính chủ cho thuê phòng trọ ngay cạnh chợ Mỗ Lao, phía sau Big C Hà Đông, thuận tiện giao thông đến các trường Bưu Chính, Kiến Trúc, hồ Văn Quán,... -Full đồ: điều hòa, nóng lạnh, giường, đệm, bàn làm việc, tủ lạnh, máy giặt chung,. -Phòng khép kín, cửa sổ thông thoáng -Để xe miễn phí dưới tầng 1, cửa ra vào khóa vân tay -Hàng tuần có người dọn vệ sinh khu chung -Không chung chủ, giờ giấc thoải mái -Điện 3,5 nước 20k/khối có công tơ riêng biệt -Liên hệ Zalo để được tư vấn chi tiết",1.0,high,3.2,25.0,Hà Đông,can_ho_mini,1,1,0,0,1,0,1,1,0,1,6,9.0,0,1744,0.05,0.05,fa0fcb4b4c559cc9e13f,9.977,0.128
"Ccmn 35m2 khép kín tại 24 Hoàng Hoa Thám, Quận Hà Đông, Hà Nội",3500000,35,"19 Đường Hoàng Hoa Thám, Hà Nội",Hà Đông,,,Nhà mình còn 2 phòng duy nhất mới tinh vừa mới xây xong ạ ***Đặc điểm nhà: - Nhà 5 tầng có thang máy - Tầng 1… - 590175,07/09/2021,https://phongtro123.com/ccmn-35m2-khep-kin-tai-24-hoang-hoa-tham-quan-ha-dong-ha-noi-pr590175.html,phongtro123.com,2026-07-05T15:44:15.314662+00:00,0377896738,https://pt123.cdn.static123.com/images/thumbs/450x300/fit/2021/09/07/z2150642812765-ddd5df52407d34d1967ab7468b633c40-copy_1631006776.jpg,"Nhà mình còn 2 phòng duy nhất mới tinh vừa mới xây xong ạ ***Đặc điểm nhà: - Nhà 5 tầng có thang máy - Tầng 1 để xe máy rộng rãi, free - Cổng ra vào bằng khóa vân tay - Có camera 24/7 đảm bảo an toàn tuyệt đối *** Đặc điểm phòng: - Phòng diện tích: 35m2 có thêm cả gác xép - Phòng hiện đang có sẵn điều hòa, nóng lạnh, tủ bếp - Setup thêm đồ đạc theo yêu cầu của khách - Phòng có bếp nấu - Có cửa sổ rất thoáng Liên hệ với mình chính chủ theo sđt: 0377.896.738- Định Nhà Trọ ( Call/Zallo)",1.0,high,3.5,35.0,unknown,can_ho_mini,1,1,0,1,0,1,0,1,0,1,6,9.0,0,1762,0.05,0.05,3f82d5df7d8a46533c79,9.977,0.1
CCMN xây mới Hà Đông khép kín đủ đồ có cửa sổ ban công thoáng,3300000,25,"40 Đường Nguyễn Văn Trỗi, Phường Hà Đông, Hà Nội",Hà Đông,,,phòng rộng khoảng 20-25m2 khép kín đầy đủ nóng lạnh điều hòa giường tủ chỗ nấu ăn tách biệt k lo mùi khóa… - 590109,23/08/2021,https://phongtro123.com/ccmn-xay-moi-ha-dong-khep-kin-du-do-co-cua-so-ban-cong-thoang-pr590109.html,phongtro123.com,2026-07-05T15:44:15.314662+00:00,0399519973,https://pt123.cdn.static123.com/images/thumbs/450x300/fit/2021/08/23/4a6dd49c4cd9bb87e2c810_1629679761.jpg,"phòng rộng khoảng 20-25m2 khép kín đầy đủ nóng lạnh điều hòa giường tủ chỗ nấu ăn tách biệt k lo mùi khóa vân tay an ninh tốt camera 24/24 gần đường lớn, ngay cạnh BIGC HÀ ĐÔNG, sau HVBC",,high,3.3,25.0,Hà Đông,can_ho_mini,1,1,1,0,0,0,0,1,0,0,4,8.0,0,1777,0.05,0.05,e37ac0d0bc41dfd23798,9.977,0.132
Phòng trọ tại Yên Phúc gần Văn Quán - full đồ,2100000,15,"51 Đường Yên Phúc, Phường Hà Đông, Hà Nội",Hà Đông,,,"Mình còn đang trống 2 phòng 2.0tr và 2.3 triệu + Vị trí: Số 14 Ngõ 4 Yên Phúc, Văn Quán, Hà Đông gần Khu bệnh viện… - 589979",27/07/2021,https://phongtro123.com/phong-tro-tai-yen-phuc-gan-van-quan-full-do-pr589979.html,phongtro123.com,2026-07-05T15:44:15.315678+00:00,0963338628,https://pt123.cdn.static123.com/images/thumbs/450x300/fit/2021/07/27/3_1627348675.jpg,"Mình còn đang trống 2 phòng 2.0tr và 2.3 triệu + Vị trí: Số 14 Ngõ 4 Yên Phúc, Văn Quán, Hà Đông gần Khu bệnh viện 103, cách hồ Văn Quán tầm 1km + Nội thất: Giường( có ga, đệm, gối), tủ quần áo, điều hoà, nóng lạnh, máy giặt( dùng chung).Phòng nào cũng có cửa sổ đón ánh sáng, phòng ngoài thì có ban công.Anh chị em chỉ việc xách quần áo đến ở. + Wifi, camera đầy đủ, giờ giấc tự do, riêng chủ. + Hàng tuần có người lau dọn vệ sinh, cầu thang, chỗ để xe, sân thượng.. + LH: Mr Vinh ( Chủ nhà) để xem phòng.",,high,2.1,15.0,Hà Đông,phong_tro,1,0,1,0,1,0,1,1,1,1,7,7.0,0,1804,0.05,0.05,4a81a1ff4a856250f0fa,9.977,0.14
"Cho thuê phòng khép kín, full đồ, KĐT Xa La, Hà Đông, chỉ 1.9 Triệu. Lh Mr. Nam 0936339414.",1900000,20,"15C Đường Xa La, Phường Hà Đông, Hà Nội",Hà Đông,,,"Cho Thuê Phòng Khép Kín, Full đồ - KĐT Xa La, Hà Đông, Giá Chỉ 1.9 Triệu. - Phòng khép kín, đầy đủ đồ: điều hòa,… - 589960",26/07/2021,https://phongtro123.com/cho-thue-phong-khep-kin-full-do-kdt-xa-la-ha-dong-chi-1-9-trieu-lh-mr-nam-0936339414-pr589960.html,phongtro123.com,2026-07-05T15:44:15.315678+00:00,0936339414,https://pt123.cdn.static123.com/images/thumbs/450x300/fit/2021/07/26/z2549014298489-3ca618b17d6bd8a976bcc2a91c109ce2_1627265608.jpg,"Cho Thuê Phòng Khép Kín, Full đồ - KĐT Xa La, Hà Đông, Giá Chỉ 1.9 Triệu. - Phòng khép kín, đầy đủ đồ: điều hòa, nóng lạnh, giường, tủ, bàn bếp, bếp từ, máy giặt... - Các phòng diện tích từ 15m2 - 30m2. Giá từ 1.9 triệu - 2.5 triệu/tháng. - Đường trước cửa nhà rộng 20m, ô tô đỗ cửa, quay đầu, tránh nhau thoải mái. - Nhà lô góc, nhiều cửa sổ, vô cùng thoáng mát. - Nhà riêng mặt phố Xa La, 5 tầng, không chung chủ, giờ giấc tự do, có người lau dọn vệ sinh khu vực chung như cầu thang, hành lang... hàng tháng. - Có bàn bếp, chậu rửa, có bếp từ âm, có sân phơi đồ. - Tầng 1 để xe máy miễn phí. - Phù hợp cho gia đình, hoặc sinh viên ở đều được. - địa chỉ: số nhà 15C, đường Xa La, KĐT Xa La, Hà Đông, HN. LH: Mr.Nam 0936339414.",1.0,high,1.9,20.0,Hà Đông,phong_tro,1,1,0,0,1,0,1,1,0,1,6,7.0,0,1805,0.05,0.05,ca10c401cc5de289e31c,9.977,0.095
"Chính chủ cho thuê phòng khép kín, full đồ, có gác lửng 39 Xa La, hà đông, gần viện 103",3500000,25,"39 Đường Xa La, Phường Hà Đông, Hà Nội",Hà Đông,,,"Chính chủ cho thuê PHÒNG khép kín FULL ĐỒ, có gác lửng ngay hồ xala, gần viện 103 Gần HV Quân Y, Phùng hưng, viện… - 589425",30/06/2021,https://phongtro123.com/chinh-chu-cho-thue-phong-khep-kin-full-do-co-gac-lung-39-xa-la-ha-dong-gan-vien-103-pr589425.html,phongtro123.com,2026-07-05T15:44:15.315678+00:00,0877828666,https://pt123.cdn.static123.com/images/thumbs/450x300/fit/2021/06/30/98e6368089a77cf925b61_1625055940.jpg,"Chính chủ cho thuê PHÒNG khép kín FULL ĐỒ, có gác lửng ngay hồ xala, gần viện 103 Gần HV Quân Y, Phùng hưng, viện 103 * Nội thất: Bàn ghế sofa tủ quần áo, điều hoà nóng lạnh tủ lạnh bàn bếp bồn rửa, , máy giặt chung - Thang máy, khoá vân tay, camera an ninh - Không chung chủ, giờ thoải mái - Vệ sinh hàng tuần khu vực chung - Điện 3,5k. Nước 20k/khối Lh",,high,3.5,25.0,Hà Đông,phong_tro,1,1,0,1,1,1,1,1,0,0,7,6.0,0,1831,0.05,0.05,c9472cfaf438dc3ff8bb,9.977,0.14
"Cho thuê CCMN Full nội thất tại Trần Phú, Hà Đông, Hà Nội",4500000,35,"Đường Trần Phú, Phường Hà Đông, Hà Nội",Hà Đông,,,"- Chính chủ cho thuê CCMN Văn Quán,Hà Đông,Hà Nội. - Còn 1 căn 1 ngủ,1 khách tầng 7 giá 4.5tr vệ sinh khép kín. - Phòng… - 306927",30/06/2021,https://phongtro123.com/cho-thue-ccmn-full-noi-that-tai-tran-phu-ha-dong-ha-noi-pr306927.html,phongtro123.com,2026-07-05T15:44:15.315678+00:00,0988367162,https://pt123.cdn.static123.com/images/thumbs/450x300/fit/2021/06/26/z2355695532361-7e7858bfce9e74bb752797b174508ecb_1624673486.jpg,"- Chính chủ cho thuê CCMN Văn Quán,Hà Đông,Hà Nội. - Còn 1 căn 1 ngủ,1 khách tầng 7 giá 4.5tr vệ sinh khép kín. - Phòng đẹp,sạch sẽ,thoáng mát. Mô tả chung. - Gấn các trường nhạc họa,học viện AN,kiến trúc,bưu chính,cn giao thông,... - Thang máy tốc độ cao - Nước 20k/khối - Điện 3.5k/số - Chính chủ miễn môi giới. - Nội thất điều hòa, nóng lạnh, giường, tủ,sofa, kệ bếp,bàn ăn,tủ lạnh, phơi đồ, để xe miễn phí, camera an ninh,cửa khóa vân tay - Hàng tuần có người qua dọn vệ sinh chung cả nhà thường xuyên. - Không ở chung chủ. Giờ giấc đi lại thoải mái, tiếp bạn bè vô tư miễn là lịch sự - Hợp đồng lâu dài không tăng giá, chu kỳ đóng tiền nhà 1 tháng 1 lần, đặt cọc 1 tháng tiền nhà",7.0,high,4.5,35.0,Hà Đông,can_ho_mini,1,1,0,1,1,0,0,1,0,1,6,6.0,0,1831,0.05,0.05,df7d60730ddac8039d1c,9.977,0.12857142857142856
Cho thuê nhà riêng khép kín không chung chủ tại Hà Đông Hà Nội,3000000,33,"3 Đường Ngô Quyền, Phường Hà Đông, Hà Nội",Hà Đông,,,cho thuê nhà cấp 4 khép kín không chung chủ tách riêng biệt phù hợp với hộ gia đình. nhà đã có điều hòa nóng lạnh… - 589347,28/06/2021,https://phongtro123.com/cho-thue-nha-rieng-khep-kin-khong-chung-chu-tai-ha-dong-ha-noi-pr589347.html,phongtro123.com,2026-07-05T15:44:15.315678+00:00,0985057277,https://pt123.cdn.static123.com/images/thumbs/450x300/fit/2021/06/28/e0a549030eccfa92a3dd_1624892892.jpg,"cho thuê nhà cấp 4 khép kín không chung chủ tách riêng biệt phù hợp với hộ gia đình. nhà đã có điều hòa nóng lạnh máy giặt, điện nước tính theo giá nhà nước, nhà ở và vệ sinh tách biệt nên rất thoáng và có 1 sân nhỏ để xe máy còn ô tô gửi tại trường học viện chính trị với giá 500k/tháng có vệ biinh trông giữ 24/24. nhà trong ngõ 24 đường ngô quyền hà đông là trung tâm quận hà đông trường học bệnh viện siêu thị khu vui chơi vòng quanh bán kính 500met. liên hệ chính chủ bác hưng",,high,3.0,33.0,Hà Đông,phong_tro,1,1,0,0,0,0,1,1,0,1,5,6.0,0,1833,0.05,0.05,5803267f28f82035681d,9.977,0.09090909090909091
Cho thuê nhà trọ chung cư mini full đồ quận Hà Đông,3300000,22,"114 Đường Thanh Bình, Phường Hà Đông, Hà Nội",Hà Đông,,,"Chung cư mini 24m2, full nội thất: nóng lạnh, điều hoà, giường ngủ, tủ quần áo, tủ bếp, vệ sinh và bếp khép kín.… - 588828",14/06/2021,https://phongtro123.com/cho-thue-nha-tro-chung-cu-mini-full-do-quan-ha-dong-pr588828.html,phongtro123.com,2026-07-05T15:44:15.315678+00:00,0974995696,https://pt123.cdn.static123.com/images/thumbs/450x300/fit/2021/06/14/1109bb4b-3a71-4f12-81fb-5e576a8a6a5e_1623676760.jpg,"Chung cư mini 24m2, full nội thất: nóng lạnh, điều hoà, giường ngủ, tủ quần áo, tủ bếp, vệ sinh và bếp khép kín. Khu vực Mỗ Lao Hà Đông, cách trường Kiến Trúc, Học Viện công nghệ Bưu chính Viễn Thông 1,2km. Cách Siêu thị Big C Hà Đông 500m",,high,3.3,22.0,Hà Đông,can_ho_mini,1,1,0,0,1,0,0,1,0,0,4,6.0,0,1847,0.05,0.05,0885a1e505fe4aeee89c,9.977,0.15
"CC cho thuê phòng 18 Nguyễn Khuyến,hà đông full đồ, khép kín, ban công",3400000,25,"18 Đường Nguyễn Khuyến, Phường Hà Đông, Hà Nội",Hà Đông,,,"Chính chủ cho thuê phòng, CCMN mới 100% ngay 24 Nguyễn Khuyến, Văn Quán, Hà Đông Tòa nhà 7 tầng, thang máy, khóa vân tay,… - 588823",14/06/2021,https://phongtro123.com/cc-cho-thue-phong-18-nguyen-khuyen-ha-dong-full-do-khep-kin-ban-cong-pr588823.html,phongtro123.com,2026-07-05T15:44:15.315678+00:00,0583287962,https://pt123.cdn.static123.com/images/thumbs/450x300/fit/2021/06/14/z2547748610149-d08f35e20bcc9859d59aac9c41e3636a_1623667324.jpg,"Chính chủ cho thuê phòng, CCMN mới 100% ngay 24 Nguyễn Khuyến, Văn Quán, Hà Đông Tòa nhà 7 tầng, thang máy, khóa vân tay, camera an ninh, ban công, full đồ, khép kín, riêng biệt Phòng Khép kín, có ban công, FULL ĐỒ A-z luôn *** Vị trí: - KĐT Văn Quán, cách mặt đường Nguyễn Khuyến 20m, Cách Big C Hà Đông 150m, Cách hồ Văn Quán 300m Đường rộng oto, gần chợ, gần trường học cấp 2 Văn Quán, trường cấp 1 Nguyễn Du ***Nội thất: - Giường, Tủ quần áo, bàn phấn, sofa bàn trà, kệ giày - Điều hoà, nóng lạnh, quạt trần, tủ lạnh, hệ thống tủ bếp - Khoá vân tay, camera, thang máy, internet tốc độ cao ***Giá dịch vụ: Điện 3,5k/số, nước 20k/khối K chung chủ. Giờ thoải mái. Vệ sinh chung hàng tuần sạch sẽ. CHÍNH CHỦ K MẤT PHÍ. CAM KẾT ẢNH THẬT 100% Lh: 0583.287.962 (call, sms, zalo)",,high,3.4,25.0,Hà Đông,can_ho_mini,1,1,1,1,1,0,0,1,1,0,7,6.0,0,1847,0.05,0.05,c9f7d76a6108af6a22c5,9.977,0.136
"Cho thuê chung cư mini giá rẻ tại 21 Đường Yên Xá, Quận Hà Đông, Hà Nội",3200000,30,"21 Đường Yên Xá, Hà Nội",Hà Đông,,,"Phòng rộng rãi, thoáng mát, có đầy đủ đồ ( điều hoà, nóng lạnh, kệ bếp...) WC khép kín, có ban công phơi… - 588509",05/06/2021,https://phongtro123.com/cho-thue-chung-cu-mini-gia-re-2-pr588509.html,phongtro123.com,2026-07-05T15:44:15.315678+00:00,0985492475,https://pt123.cdn.static123.com/images/thumbs/450x300/fit/2021/06/05/a3c5b74c-df8c-4266-b2be-0d7e16003564_1622830099.jpg,"Phòng rộng rãi, thoáng mát, có đầy đủ đồ ( điều hoà, nóng lạnh, kệ bếp...) WC khép kín, có ban công phơi đồ Không chung chủ, giờ giấc tự do Có camera an ninh 24/24, thang máy, chỗ để xe miễn phí. Gần chợ và các trường đại học kiến trúc,an ninh, bưu chính, xã hội nhân văn...",,high,3.2,30.0,unknown,can_ho_mini,1,1,1,1,0,0,0,1,0,1,6,6.0,0,1856,0.05,0.05,57515cf785ef4806754d,9.977,0.10666666666666667
"Cho thuê phòng tại chung cư tháp doanh nhân tại Số 1 Đường Thanh Bình, Phường Mỗ Lao, Quận Hà Đông",2500000,35,"Số 1 Đường Thanh Bình, Phường Hà Đông, Hà Nội",Hà Đông,,,"Cho thuê phòng tại chung cư tháp doanh nhân. Phòng cơ bản . Có máy giặt, nóng lạnh... Giá cho thuê là giá ở thời… - 588302",30/05/2021,https://phongtro123.com/cho-thue-phong-tai-chung-cu-thap-doanh-nhan-pr588302.html,phongtro123.com,2026-07-05T15:44:15.315678+00:00,0868818881,https://pt123.cdn.static123.com/images/thumbs/450x300/fit/2021/05/30/49d43ba4-96ab-4fa3-8d83-520db5235707_1622357380.jpg,"Cho thuê phòng tại chung cư tháp doanh nhân. Phòng cơ bản . Có máy giặt, nóng lạnh... Giá cho thuê là giá ở thời điểm hiện tại, do cần thuê gấp. Giảm 500k cho tháng đầu tiên. Yêu cầu cọc :1 tháng.",,high,2.5,35.0,Hà Đông,can_ho,0,0,0,0,0,0,1,1,0,0,2,5.0,0,1862,0.05,0.05,f7603a1b33662dcd6e23,9.977,0.07142857142857142
Cho thuê nhà cấp bốn giá rẻ khu vực an ninh. Liên hệ Bác Trung 0913578725,1500000,18,"22a, ngõ 6, tổ 12 Đường Ngô Quyền, Phường Hà Đông, Hà Nội",Hà Đông,,,Do không có nhu cầu sử dụng gia đình cho thuê 1 phòng 16-18m2 nhà cấp 4 hiện đang sử dụng tốt. nhà có điện nước… - 588270,29/05/2021,https://phongtro123.com/cho-thue-nha-cap-bon-gia-re-khu-vuc-an-ninh-pr588270.html,phongtro123.com,2026-07-05T15:44:17.579858+00:00,0988068809,https://pt123.cdn.static123.com/images/thumbs/450x300/fit/2021/05/29/z2519639608896-3aa76c024d8756c54881e38fa935fcb6-1_1622279330.jpg,"Do không có nhu cầu sử dụng gia đình cho thuê 1 phòng 16-18m2 nhà cấp 4 hiện đang sử dụng tốt. nhà có điện nước đóng theo giá quy định của nhà nước, có lối đi riêng độc lập với nhà chủ. Có nhà để xe và khu vực nấu riêng biệt. Đường vào nhà cho thuê rộng rãi sạch sẽ , khu phố văn minh, an ninh trật tự. Ưu tiên các gia đình trẻ và các bạn thanh niên có ý thức tốt thuê.Liên hệ Bác Trung 0913578725",,high,1.5,18.0,Hà Đông,phong_tro,0,0,0,0,0,0,0,0,0,1,1,5.0,0,1863,0.05,0.05,fa0d3f880ef1bf969257,9.977,0.08333333333333333
"Cho thuê căn hộ mini 1k1n. Đằng sau Big C Hà Đông, full nội thất, Liên hệ trao đổi 0362484002",4700000,35,"Đường Trần Phú, Phường Hà Đông, Hà Nội",Hà Đông,,,"Vị trí: ngõ 140 trần phú, cách đường chính 30m ccmn tự do không chung chủ vệ sinh khép kín, cửa khoá vân tay, camera… - 588259",29/05/2021,https://phongtro123.com/ccmn1k1n-dang-sau-big-c-ha-dong-full-noi-that-pr588259.html,phongtro123.com,2026-07-05T15:44:17.579858+00:00,0362484002,https://pt123.cdn.static123.com/images/thumbs/450x300/fit/2021/06/01/img-20210530-121624_1622538017.jpg,"Vị trí: ngõ 140 trần phú, cách đường chính 30m ccmn tự do không chung chủ vệ sinh khép kín, cửa khoá vân tay, camera 24/7 ∆ Điện 3k5 1 số, nước 25k 1 khối ∆ Thang máy 50k 1 ng, mạng 100k 1 phòng ∆ Điện chung vs vệ sinh: 30k 1ng ∆ Máy giặt 35k 1 ng, để xe free 2 xe _phòng 1ngủ 1khách giá: 4tr7 _phòng đơn giá: 3tr7",,high,4.7,35.0,Hà Đông,can_ho_mini,0,1,0,1,1,0,1,0,1,1,6,5.0,0,1863,0.05,0.05,df7d60730ddac8039d1c,9.977,0.13428571428571429
"Ccmn ngõ 140 Đường Trần Phú, Phường Mỗ Lao, Quận Hà Đông. Full nội thất",3700000,25,"Ngõ 140 Đường Trần Phú, Phường Hà Đông, Hà Nội",Hà Đông,,,"Căn hộ mini mới tinh, sạch sẽ, nội thất đầy đủ đồ mới Phòng rộng rãi, sạch sẽ, có cửa sổ ban công thoáng… - 588257",29/05/2021,https://phongtro123.com/ccmn-ngo-140-tran-phu-full-noi-that-pr588257.html,phongtro123.com,2026-07-05T15:44:17.579858+00:00,0362484002,https://pt123.cdn.static123.com/images/thumbs/450x300/fit/2021/05/29/img-20210529-103231-009_1622265327.jpg,"Căn hộ mini mới tinh, sạch sẽ, nội thất đầy đủ đồ mới Phòng rộng rãi, sạch sẽ, có cửa sổ ban công thoáng và sáng Vệ sinh khép kín, cửa khoá vân tay, camera 24/7 Có 2 loại giá phòng: + phòng 1ngủ 1khách giá: 4tr7 + phòng đơn giá: 3tr7 ∆ Điện 3k5 1 số, nước 25k 1 khối ∆ Thang máy 50k 1 ng, mạng 100k 1 phòng ∆ Điện chung vs vệ sinh: 30k 1ng ∆ Máy giặt 35k 1 ng, để xe free 2 xe",,high,3.7,25.0,Hà Đông,can_ho_mini,0,1,1,1,1,0,1,0,1,1,7,5.0,0,1863,0.05,0.05,5f73f0db69581deed55d,9.977,0.14800000000000002
"Cho thuê căn hộ mini, đủ nội thất tại Trần Phú, diện tích từ 30m2 đến 35m2 (phòng đơn, 1k1n )",3600000,30,"số 25 Đường Trần Phú, Phường Hà Đông, Hà Nội",Hà Đông,,,"CCMN Mới xây Ngõ 140 Trần Phú Nội thất gồm ( điều hoà, nóng lạnh, giường , tủ , bàn bếp , kệ bếp , ghế sofa… - 587669",19/05/2021,https://phongtro123.com/ccmn-tran-phu-30-35m-phong-don-1k1n-pr587669.html,phongtro123.com,2026-07-05T15:44:17.580858+00:00,0961052930,https://pt123.cdn.static123.com/images/thumbs/450x300/fit/2021/05/19/748202f1-5f42-4d5f-ba1b-02540ad9c5d5_1621410538.jpg,"CCMN Mới xây Ngõ 140 Trần Phú Nội thất gồm ( điều hoà, nóng lạnh, giường , tủ , bàn bếp , kệ bếp , ghế sofa ) Nhanh tay ib chọn phòng đẹp nào call: 0961052930",,high,3.6,30.0,Hà Đông,can_ho_mini,1,0,0,0,0,0,0,1,0,0,2,5.0,0,1873,0.05,0.05,b76e83ccc8fa6af285bb,9.977,0.12000000000000001
Cho thuê phòng trọ khu vực Thanh Xuân gần đại học công nghệ giao thông vận tải,2700000,25,"Số nhà 29 ngõ 136 Đường Trần Phú, Phường Hà Đông, Hà Nội",Hà Đông,,,"Số nhà 29 ngõ 136 triều khúc, ngay gần đại học công nghệ giao thông vận tải CCMN Nhà 7 tầng thang máy, không chung… - 587614",19/05/2021,https://phongtro123.com/cho-thue-phong-tro-khu-vuc-thanh-xuan-pr587614.html,phongtro123.com,2026-07-05T15:44:17.580858+00:00,0866685598,https://pt123.cdn.static123.com/images/thumbs/450x300/fit/2021/05/19/33725d3c-c0b6-4d89-a29b-3a302918b743_1621363197.jpg,"Số nhà 29 ngõ 136 triều khúc, ngay gần đại học công nghệ giao thông vận tải CCMN Nhà 7 tầng thang máy, không chung chủ, giờ giấc tự do, ra vào vân tay, để xe toàn bộ tầng 1, có bảo vệ trông xe ngày đêm Phòng khép kín đủ giường tủ nóng lạnh, điều hoà, bàn bếp chậu rửa, vsih khép kín. Bán kính 2km gần rất nhiều trường: Đại học hà nội, đại học công nghệ giao thông vận tải, y học cổ truyền, khxh nhân văn, học viện an ninh, bưu chính, mật mã... Giá phòng to 3,5tr, phongc nhỏ 2,7tr Điện 4k Nước 25k/khối Internet: 100k/p Máy giặt 50k/người Vsih rác điện sinh hoạt chung: 30k/người Trông xe: 70k/xe Thang máy, bảo trì thiết bị trong phòng: 50k/người Người dẫn : 0345627121 - 0984869443",1.0,high,2.7,25.0,Hà Đông,can_ho_mini,1,1,0,1,0,0,1,1,1,1,7,5.0,0,1873,0.05,0.05,296a090d689e8dce0808,9.977,0.10800000000000001
Cho thuê phòng trọ khép kín ngay sau DH Kiểm sát Hà nội,2000000,25,"5 Đường Ỷ La, Phường Dương Nội, Hà Nội",Hà Đông,,,"Cho thuê phòng trọ khép kín, ngay sau ĐH kiểm sát, điện nước tự trả nhà nước, diện tích 25m2. nhà có 2 phòng chủ… - 586773",05/05/2021,https://phongtro123.com/cho-thue-phong-tro-khep-kin-ngay-sau-dh-kiem-sat-ha-noi-pr586773.html,phongtro123.com,2026-07-05T15:44:17.580858+00:00,0984586814,https://pt123.cdn.static123.com/images/thumbs/450x300/fit/2021/05/05/63eba2955f1cad42f40d_1620184301.jpg,"Cho thuê phòng trọ khép kín, ngay sau ĐH kiểm sát, điện nước tự trả nhà nước, diện tích 25m2. nhà có 2 phòng chủ nhà không ở cùng",,high,2.0,25.0,Dương Nội,phong_tro,1,1,0,0,0,0,0,0,0,0,2,5.0,0,1887,0.05,0.05,cd4f90d7356ecefc7029,11.461,0.08
207 Phùng Hưng-Như hình-Full nội thất,2400000,20,"207 Phố Phùng Hưng, Phường Hà Đông, Hà Nội",Hà Đông,,,"207 Phùng Hưng-Văn Quán-Cạnh bệnh viện 103-Cạnh chợ-Full nội thất Nhà thiết kế 5 tầng, nội thất đầy đủ Có 3… - 290800",30/04/2021,https://phongtro123.com/tinh-thanh/ha-noi/kdt-van-quan-full-noi-that-chinh-chu.html,phongtro123.com,2026-07-05T15:44:17.580858+00:00,0868783866,https://pt123.cdn.static123.com/images/thumbs/450x300/fit/2021/04/30/img-4892_1619773512.jpg,"207 Phùng Hưng-Văn Quán-Cạnh bệnh viện 103-Cạnh chợ-Full nội thất Nhà thiết kế 5 tầng, nội thất đầy đủ Có 3 loại căn hộ chính * Loại 1: Căn hộ 1 ngủ, WC 2 phòng chung 1, rộng 18m2, của sổ nhỏ: Giá 2tr3-2tr5 * Loại 2: Căn hộ 1 ngủ, WC 2 phòng chung 1 rộng 22m2, có cửa sổ to: Giá 2tr6-2tr8 * Loại 3: Căn hộ 1 ngủ 1 bếp, WC khép kín, rộng 40m2, cửa sổ to: Giá 3tr2 Mô tả chung * Camer an ninh, Khóa cổng kiểm soát vân tay * Thiết kế: Khu bếp, vệ sinh khép kín * Nội thất: Điều hòa, Nóng lạnh, máy giặt, tủ lạnh, giường ngủ, tủ quần áo, bàn bếp, bàn làm việc, đệm… * Vệ sinh dọn dẹp hàng tuần * Điện 3,5k/số ; Nước 80k/người * Hợp đồng dài hạn không tăng giá, giờ giấc thoải mái, tiếp bạn bè lịch sự thoải mái * Chính chủ, miễn trung gian * Nhắn zalo khi cần thông tin chi tiết",,high,2.4,20.0,Hà Đông,can_ho,1,1,0,0,1,0,1,1,0,0,5,4.0,0,1892,0.05,0.05,041eb242872f74bad99e,9.977,0.12
"Căn hộ mini ở 91 Yên Phúc, Hà Đông",3500000,25,"91 Đường Yên Phúc, Phường Phúc La, Quận Hà Đông, Hà Nội Đường Yên Phúc, Phường Hà Đông, Hà Nội",Hà Đông,,,"Phòng gác xép mới xây ở 9 Yên Phúc, Phúc La Hà Đông Phòng được trang bị đầy đủ: - Điều hòa - Nóng… - 586519",29/04/2021,https://phongtro123.com/can-ho-mini-o-91-yen-phuc-ha-dong-pr586519.html,phongtro123.com,2026-07-05T15:44:17.580858+00:00,0985648997,https://pt123.cdn.static123.com/images/thumbs/450x300/fit/2021/04/29/1-1619076867_1619668965.jpg,"Phòng gác xép mới xây ở 9 Yên Phúc, Phúc La Hà Đông Phòng được trang bị đầy đủ: - Điều hòa - Nóng lạnh - Tủ Lạnh - Máy giặt - Hút mùi - Tủ quần áo - Bàn ghế - Tranh trang trí Gác xép rộng rãi, thoáng mát Tuần dọn vệ sinh 2 lần Khu dân trí cao, an ninh đảm bảo Giờ giấc tự do, không chung chủ, khóa vân tay, bảo vệ 24/24h",,high,3.5,25.0,Phúc La,can_ho_mini,1,0,0,0,0,1,1,1,0,0,4,4.0,0,1893,0.05,0.05,cacf2a4a72c61a7546a0,9.435,0.14
"Cần cho thuê nhà trọ khép kín, sân rộng sạch sẽ",1400000,15,"Số nhà 4, ngõ 129 Đường Ngô Thì Sỹ, Phường Hà Đông, Hà Nội",Hà Đông,,,"Tôi có 3 căn nhà đẹp, thoáng mát, sân vườn lý tưởng, phù hợp cho những ai có nhu cầu ở nghiêm túc để đi học,… - 292555",25/04/2021,https://phongtro123.com/tinh-thanh/ha-noi/can-cho-thue-nha-tro-khep-kin-san-rong-sach-se.html,phongtro123.com,2026-07-05T15:44:17.580858+00:00,0399445467,https://pt123.cdn.static123.com/images/thumbs/450x300/fit/2021/04/25/20210424-152347_1619340150.jpg,"Tôi có 3 căn nhà đẹp, thoáng mát, sân vườn lý tưởng, phù hợp cho những ai có nhu cầu ở nghiêm túc để đi học, cặp vợ chồng. Ăn ninh tuyệt vời, sử dụng nước máy. Không cho những đối tượng ở túm 5 tụm 3, nghề nghiệp không rõ ràng & các đối tượng xăm trổ. Xin cảm ơn đã đọc tin.",,high,1.4,15.0,Hà Đông,phong_tro,0,1,0,0,0,0,0,0,0,0,1,4.0,0,1897,0.05,0.05,a2c350235480955dac7d,9.977,0.09333333333333332
"Cho thuê phòng trọ tại đường Quang Trung - Hà Đông - Hà Nội, diện tích 22m2, giá 2,3 triệu đồng",2300000,22,"Đường Quang Trung, Phường Hà Đông, Hà Nội",Hà Đông,,,"Nhà mới hoàn thiện sạch đẹp, gần bưu điện Hà Đông, siêu thị vinmark, bến xe bus, cách mặt đường Quang Trung 10m… - 161555",22/04/2021,https://phongtro123.com/tinh-thanh/ha-noi/cho-thue-phong-tro-tai-duong-quang-trung-ha-dong-ha-noi-dien-tich-23m2-gia-2-trieu-dong.html,phongtro123.com,2026-07-05T15:44:17.580858+00:00,0976880660,https://pt123.cdn.static123.com/images/thumbs/450x300/fit/2021/03/25/20170518-125742-2e2854e131c9775a0faa15f13de0f212_1616661053.jpg,"Nhà mới hoàn thiện sạch đẹp, gần bưu điện Hà Đông, siêu thị vinmark, bến xe bus, cách mặt đường Quang Trung 10m rất thuận tiện đi lại. Có 6 phòng cho thuê, nay còn 1 phòng tại tầng 4. Phòng có trang bị tiện nghi đầy đủ: điều hòa, công trình phụ khép kín có nóng lạnh, cửa sổ có rèm, chỗ phơi, nấu ăn, wifi cáp quang, truyền hình cáp, sân rộng để xe, nằm trong khu vực dân trí cao, yên tĩnh và an ninh tốt. Ai có nhu cầu liên hệ: Chị Hà 0902166024.",4.0,high,2.3,22.0,Hà Đông,phong_tro,1,1,0,0,0,0,0,1,1,1,5,4.0,0,1900,0.05,0.05,e78f962a2270247edc6e,9.977,0.10454545454545454
"Phòng mới xây ở 91 Yên Phúc, Hà Đông",3600000,25,"91 Đường Yên Phúc, Phường Hà Đông, Hà Nội",Hà Đông,,,"Phòng gác xép mới xây ở 9 Yên Phúc, Phúc La Hà Đông Phòng được trang bị đầy đủ: - Điều hòa - Nóng lạnh -… - 586179",22/04/2021,https://phongtro123.com/phong-moi-xay-o-91-yen-phuc-ha-dong-pr586179.html,phongtro123.com,2026-07-05T15:44:17.581486+00:00,0989376652,https://pt123.cdn.static123.com/images/thumbs/450x300/fit/2021/04/22/1_1619076867.jpg,"Phòng gác xép mới xây ở 9 Yên Phúc, Phúc La Hà Đông Phòng được trang bị đầy đủ: - Điều hòa - Nóng lạnh - Tủ Lạnh - Máy giặt - Hút mùi - Tủ quần áo - Bàn ghế - Tranh trang trí Gác xép rộng rãi, thoáng mát Tuần dọn vệ sinh 2 lần Khu dân trí cao, an ninh đảm bảo Giờ giấc tự do, không chung chủ, khóa vân tay, bảo vệ 24/24h",,high,3.6,25.0,Hà Đông,phong_tro,1,0,0,0,0,1,1,1,0,0,4,4.0,0,1900,0.05,0.05,0b6edec8b1a90ba11350,9.977,0.14400000000000002
"Cho thuê phòng trọ có gác xép siêu xinh ở ngay ngõ 91 Yên Phúc, Hà Đông",3600000,21,"Đường Yên Phúc, Phường Hà Đông, Hà Nội",Hà Đông,,,"Phòng trọ có gác xép siêu xinh mới 100% ở ngõ 91 Yên Phúc Phòng đc setup nội thất: Gác xép, điều hòa, nóng lạnh,… - 586157",22/04/2021,https://phongtro123.com/cho-thue-phong-tro-co-gac-xep-sieu-xinh-o-ngay-ngo-91-yen-phuc-ha-dong-pr586157.html,phongtro123.com,2026-07-05T15:44:17.581486+00:00,0962863568,https://pt123.cdn.static123.com/images/thumbs/450x300/fit/2021/04/22/inked1-li_1619066571.jpg,"Phòng trọ có gác xép siêu xinh mới 100% ở ngõ 91 Yên Phúc Phòng đc setup nội thất: Gác xép, điều hòa, nóng lạnh, máy giặt, tủ lạnh, tủ quần áo, hút mùi, bàn bếp chậu rửa, ban công phơi đồ, wc khép kín Vệ sinh khép kín, không chung chủ, giờ giấc ra vào tự do Giá dịch vụ: Điện 3,8k/số, nước 25k/khối, mạng 100k/p, dv chung: 80k/người, chông xe 100k/xe Quan tâm thì ib ngay hoặc lh theo sđt để biết thêm thông tin",,high,3.6,21.0,Hà Đông,phong_tro,1,1,1,0,0,1,1,1,1,0,7,4.0,0,1900,0.05,0.05,934d173788959e62a9ec,9.977,0.17142857142857143
Cho thuê phòng trọ khép kín - Xa La - Phúc La - Hà Đông,2800000,30,"Số 34 – Ngõ Ngoài – Tổ 10 – Phúc La – Hà Đông - Hà Nội Đường Xa La, Phường Hà Đông, Hà Nội",Hà Đông,,,"Cho Thuê phòng trọ khép kín tại khu Xa La - Phúc La - Hà Đông - Hà Nội. - Phòng Khép kín có đầy đủ bếp, nhà vệ… - 316314",21/04/2021,https://phongtro123.com/cho-thue-phong-tro-khep-kin-xa-la-phuc-la-ha-dong-pr316314.html,phongtro123.com,2026-07-05T15:44:17.581486+00:00,0983437641,https://pt123.cdn.static123.com/images/thumbs/450x300/fit/2020/12/14/01_1607962565.jpg,"Cho Thuê phòng trọ khép kín tại khu Xa La - Phúc La - Hà Đông - Hà Nội. - Phòng Khép kín có đầy đủ bếp, nhà vệ sinh, khu phơi giặt, điều hòa, nóng lạnh. - Có gác xép, tổng diện tích sử dụng từ 25 đến 30 mét vuông. - Nhà mới xây dựng, sạch sẽ thoáng mát, an ninh tốt. Phù với các hộ gia đình nhỏ, người đi làm, các bạn học sinh, sinh viên. - Giá thuê phòng từ 2,5 đến 3 triệu đồng một tháng (Giá ưu đãi cho khách thuê dài hạn và thanh toán tiền cả kỳ 3 đến 6 tháng). Địa chỉ: Số 34 – Ngõ Ngoài – Tổ 10 – Phúc La – Hà Đông - Hà Nội (Gần Viện Quân Y 103). Liên hệ: Mr. Hải Điện thoại: 098 343 7641.",,high,2.8,30.0,Hà Đông,phong_tro,1,1,0,0,0,1,0,1,0,0,4,4.0,0,1901,0.05,0.05,2e5f1e80b918a93cbe84,9.977,0.09333333333333332
"Phòng trọ khép kín, 15-18m2, giá 1tr2-1tr5",1200000,18,"ngách 4/17, nhà 22 Đường Thanh Bình, Hà Nội",Hà Đông,,,"nhà 3 tầng, phòng khép kín, có chìa khoá riêng, chính chủ không qua trung gian, cách điểm bus 200m, tiện đi lại, gần… - 296405",16/04/2021,https://phongtro123.com/tinh-thanh/ha-noi/phong-tro-khep-kin-15-18m2-gia-1tr2-1tr5.html,phongtro123.com,2026-07-05T15:44:17.581486+00:00,0366222907,https://pt123.cdn.static123.com/images/thumbs/450x300/fit/2021/02/28/894afdeb-7270-4cfc-801e-ce4f49770a05_1614527609.jpg,"nhà 3 tầng, phòng khép kín, có chìa khoá riêng, chính chủ không qua trung gian, cách điểm bus 200m, tiện đi lại, gần bệnh viện, gần nhiều trường Bưu Chính viễn thông, học viện An Ninh, Y học cổ truyền....",,high,1.2,18.0,unknown,phong_tro,0,1,0,0,0,0,0,0,0,0,1,4.0,0,1906,0.05,0.05,7c37220c9336acb51a72,9.977,0.06666666666666667
Cho Thuê Phòng Trọ Khu Vực Hà Đông Hà Nội,3200000,25,"Ngõ 55 Đường Trần Phú, Phường Hà Đông, Hà Nội",Hà Đông,,,"Mình còn 4 CCMN cho thuê Địa chỉ : Ngõ 55 Trần Phú, Hà Đông.( gần trường Đh Sư Phạm Nghệ Thuật Trung Ương, Đh… - 585418",14/04/2021,https://phongtro123.com/cho-thue-phong-tro-khu-vuc-ha-dong-ha-noi-pr585418.html,phongtro123.com,2026-07-05T15:44:17.581486+00:00,0335649789,https://pt123.cdn.static123.com/images/thumbs/450x300/fit/2021/04/08/z2421544468550-c7692293b45ae9ad9f4d7bf0ea39a418-1_1617877642.jpg,"Mình còn 4 CCMN cho thuê Địa chỉ : Ngõ 55 Trần Phú, Hà Đông.( gần trường Đh Sư Phạm Nghệ Thuật Trung Ương, Đh Công Nghệ GTVT, Đh Kiến Trúc, Học Viện Bưu Chính Viễn Thông, đối diện chợ Phùng Khoang...) FULL Đồ: điều hòa, nóng lạnh, giường, tủ quần áo, tủ lạnh, bàn làm việc, máy giặt chung, bàn bếp. Để xe máy free tầng 1, cửa ra vào khóa vân tay. Hàng tuần có người dọn vệ sinh khu chung Liên hệ: SĐT và Zalo : 0335.649.789",1.0,high,3.2,25.0,Hà Đông,can_ho_mini,1,0,0,0,1,0,1,1,0,1,5,4.0,0,1908,0.05,0.05,ea1847b3445371263b30,9.977,0.128
"Phòng trọ 27m2 số 24 ngõ 1/2 Mỗ Lao, Hà Đông, Hà Nội",3200000,27,"24 Đường Nguyễn Trãi, Phường Hà Đông, Hà Nội",Hà Đông,,,"Cho thuê phòng tro CCMN số 24 ngõ 1/2 mỗ lao,ngay sau bicC hà đông, gần các trường đại học: học viện an ninh, đại… - 585480",09/04/2021,https://phongtro123.com/phong-tro-27m2-so-24-ngo-1-2-mo-lao-ha-dong-ha-noi-pr585480.html,phongtro123.com,2026-07-05T15:44:17.581486+00:00,0336788788,https://pt123.cdn.static123.com/images/thumbs/450x300/fit/2021/04/09/156988659-2543242685981845-2421398434784469193-o_1617960999.jpg,"Cho thuê phòng tro CCMN số 24 ngõ 1/2 mỗ lao,ngay sau bicC hà đông, gần các trường đại học: học viện an ninh, đại học kiến trúc, đại học bưu chính viễn thông,.... Nội thất gồm có: điều hòa, tủ lạnh, giường, tủ quần áo,bàn bếp, nóng lạnh,quạt trần, bàn làm việc _Vệ sinh khép kín _An ninh đảm bảo : camera an ninh, khóa vân tay _Giờ giấc tự do, không chung chủ __ Chi tiết liên hệ: 0336788788",,high,3.2,27.0,Hà Đông,can_ho_mini,1,1,0,0,0,0,0,1,0,0,3,4.0,0,1913,0.05,0.05,0b0c54395b9f366d81a6,9.977,0.11851851851851852
"Cho thuê CCMN mới xây 7 tầng có thang máy, liên hệ chính chủ anh Tùng: 0903.421.880",2500000,18,"Ngõ 9 Đường Yên Phúc, Phường Hà Đông, Hà Nội",Hà Đông,,,"Cho thuê CCMN mới xây mới đẹp 7 tầng 90m2 có thang máy hiện đại, có thể vào ở luôn. Phòng có diện tích 18m2 (xem… - 584802",28/03/2021,https://phongtro123.com/cho-thue-ccmn-moi-xay-7-tang-co-thang-may-lien-he-chinh-chu-anh-tung-0903-421-880-pr584802.html,phongtro123.com,2026-07-05T15:44:17.581486+00:00,0903421880,https://pt123.cdn.static123.com/images/thumbs/450x300/fit/2021/03/28/z2174140167581-4adcf084ff3439552ed2c088db0716f3_1616925864.jpg,"Cho thuê CCMN mới xây mới đẹp 7 tầng 90m2 có thang máy hiện đại, có thể vào ở luôn. Phòng có diện tích 18m2 (xem ảnh thật).Trang thiết bị bao gồm: - Điều hòa, nóng lạnh, máy giặt. - WC khép kín, thiết bị WC cao cấp. - Trang bị tủ quần áo đôi, giường ngủ 1m6x2m, kệ bếp nấu ăn đầy đủ. - Phơi đồ trên tầng 7 rộng rãi, có máy lọc nước, nước sạch uống tại vòi. - Giờ giấc thoải mái không chung chủ. - Giá phòng 2tr5/th, thanh toán tháng một, cọc 2tr vào nhận phòng luôn. - Phòng phù hợp với hộ gia đình, ở theo nhóm (tối đa 4 người/phòng). - Để xe máy free, camera an ninh 24/24, an ninh đảm bảo tuyệt đối, giờ giấc thoải mái không chung chủ, hàng tuần có người dọn vệ sinh. Dịch vụ: Điện 3,500đ/số, nước 20 nghìn/khối, internet 100/phòng . Địa chỉ: Ngõ 9 Phố Yên Phúc, Phúc La, Văn Quán, Hà Đông, Hà Nội, ( Cạnh nhà số 10B) Liên hệ chính chủ anh Tùng: 0903.421.880 (Chấp nhận trung gian theo thỏa thuận)",7.0,high,2.5,18.0,Hà Đông,can_ho_mini,1,1,0,1,0,0,1,1,1,1,7,3.0,0,1925,0.05,0.05,872f4575ed6fff150aba,9.977,0.1388888888888889
"Cho thuê nhà ở Lê Trọng Tấn, Hà Đông, Hà Nội; tầng 1 cũng có cho thuê văn phòng",3000000,22,"Phố Lê Trọng Tấn, Phường Hà Đông, Hà Nội",Hà Đông,,,"Chào cả nhà, hiện gia đình em/mình đang có nhu cầu cho thuê nhà tại quận Hà Đông, ngõ 4 đường Lê Trọng Tấn. Nhà… - 582499",18/03/2021,https://phongtro123.com/cho-thue-nha-o-le-trong-tan-ha-dong-ha-noi-tang-1-cung-co-cho-thue-van-phong-pr582499.html,phongtro123.com,2026-07-05T15:44:17.581486+00:00,0374863463,https://pt123.cdn.static123.com/images/thumbs/450x300/fit/2021/02/03/113172099-3527145727295676-5581236915903065510-o_1612288057.jpg,"Chào cả nhà, hiện gia đình em/mình đang có nhu cầu cho thuê nhà tại quận Hà Đông, ngõ 4 đường Lê Trọng Tấn. Nhà vừa mới xây mới, chưa ai ở lần nào, có trần thạch cao với đèn spot, rất hiện đại, mỗi tầng đều nhà vệ sinh khép kín và bình nóng lạnh, wifi đầy đủ, cực kỳ an toàn với cửa cuốn ở tầng 1, cộng thêm các loại cửa mỗi tầng, , Có em gái mình đang ở tầng 2, cũng mới chuyển vào thôi ạ. Thông tin nhà như sau ạ: - Tầng 4: 22m2. Có sẵn bình nóng lạnh, có ban công nấu ăn, chỗ để máy giặt, nhà vệ sinh khép kín. Giá cho thuê: 3 triệu đồng/tháng, chưa tính tiền điện nước - Tầng 5: phòng trên cùng, 13m2, nhà vệ sinh khép kín, bình nóng lạnh, hơi bé tuy nhiên ban công rất rộng, và phù hợp với bạn nào thích trồng rau và cây trên sân thượng, , tuy nhiên ko bắt buộc phải trồng ạ, . Giá cho thuê: 2 triệu đồng/tháng - Tầng 1 thì mình đang tìm cho thuê văn phòng nhỏ (khoảng 20m2) vì mặt tiền rất đẹp, cả mặt tiền đều là cửa kính và có bậc thang đi lên, ai có nhu cầu thì cũng liên hệ nhé. Giá cho thuê: 3 triệu đồng/tháng - Tầng trệt là chỗ để xe máy, chắc cũng để đc kha khá nếu biết cách xếp. Nhà ở ngõ 4, đường Lê Trọng Tấn, ngay đầu ngõ đi qua đường mấy bước là Vinmart và bể bơi , cách chợ Hà Đông khoảng 2km, cách học viện bưu chính khoảng 3km. Ai có nhu cầu hoặc câu hỏi thì inbox hoặc gọi điện cho mình nhé. Nếu muốn đến xem thì mình sẽ sắp xếp . Cảm ơn cả nhà nhé!",1.0,high,3.0,22.0,Hà Đông,phong_tro,0,1,1,0,0,0,1,1,1,1,6,3.0,0,1935,0.05,0.05,587ec2262c268d6e2903,9.977,0.13636363636363635
Cho thuê phòng trong căn hộ chung cư Xuân Mai complex 58 m2 (2 PN 2 vệ sinh),3600000,58,"Đường Tố Hữu, Phường Yên Nghĩa, Hà Nội",Hà Đông,,,"1. Tôi cho thuê phòng trong CHCC: - Giá thuê: 3.600.000 vnđ/tháng phòng ngủ nhỏ, sử dụng chung không gian phòng tắm lớn; … - 583874",11/03/2021,https://phongtro123.com/cho-thue-1-phong-master-trong-can-ho-58-m2-2-pn-2-ve-sinh-pr583874.html,phongtro123.com,2026-07-05T15:44:19.797476+00:00,0336995693,https://pt123.cdn.static123.com/images/thumbs/450x300/fit/2021/03/11/1615472927491_1615476913.jpg,"1. Tôi cho thuê phòng trong CHCC: - Giá thuê: 3.600.000 vnđ/tháng phòng ngủ nhỏ, sử dụng chung không gian phòng tắm lớn; 4.500.000 vnđ/tháng với phòng lớn có vệ sinh khép kín; thanh toán 1 tháng, cọc 3 tháng. Hợp đồng thuê tối thiểu 3 tháng. - Yêu cầu sạch sẽ, giữ gìn vệ sinh chung. Dùng chung phòng khách, bếp, ban công. 2. Ngoài ra, Tôi có cho thuê 1 căn hộ 58m2 2PN, 2WC, nội thất đầy đủ. - Giá thuê: 8.500.000 vnđ/tháng, thanh toán 1 tháng, cọc 3 tháng. Hoặc thanh toán 6 tháng cọc 1 tháng. -------------- - Đã trang bị đầy đủ nội thất xịn: Nóng lạnh, điều hoà, tủ lạnh, máy giặt, bàn ghế ăn, bàn ghế làm việc, tủ quần áo, đệm, lọc nước kangaroo, dàn phơi thông minh, bếp điện,... chỉ cần xách vali đến ở. - Phòng ngủ lót sàn gỗ, có cửa sổ hút gió, thoáng rộng, mát mẻ. - Điện, nước giá nhà nước, internet 100k/tháng. - Thuộc tổ hợp chung cư gồm 10 toà nhà có bể bơi, sân vườn, sân thể thao, yên tĩnh trong lành. - Siệu thị, nhà thuốc, gym, nhà hàng, cafe, ... ngay tầng 1. - Bảo vệ 24/24h, camera giám sát, thẻ từ thang máy ----- Kết nối các tuyến xe buýt cách khoảng 300m, cách ga metro Cát Linh - Hà Đông, bến xe Yên Nghĩa khoảng 2km Cách trung tâm Hà Đông 1,5km, KĐT Văn Khê 1km, ĐH Phenikaa 300m, AEON MALL Hà Đông 5km, Thiên Đường Bảo Sơn 3km. Gần bệnh viện quốc tế Nam Cường Hệ thống nhà trẻ, trường tiểu học, trung học được xây dựng đầy đủ. Phía Bắc: Khớp nối hạ tầng với khu Thương mại- Du lịch-Văn hoá và đô thị mới phía Tây TP Hà Nội với quy mô gần 1.000 ha (Từ Liêm- Hà Nội). Phía Tây Nam: tiếp giáp các khu đô thị mới (Văn Khê, tái định cư Dương Nội). Phía Đông Nam: giáp đường Lê Văn Lương kéo dài ( trục đường Láng Hạ kéo dài nối với khu vực trung tâm Hà Nội). Giáp đường Tố Hữu-Lê Văn Lương kéo dài. Liên hệ: Linh: 0332260083 (h) 0336995693 CHÍNH CHỦ CHO THUÊ, CÁC BÊN MÔI GIỚI VUI LÒNG KHÔNG LIÊN HỆ.",1.0,high,3.6,58.0,Yên Nghĩa,can_ho,1,1,1,1,1,0,1,1,1,0,8,3.0,0,1942,0.05,0.05,4353f3076a6d792895dc,13.976,0.06206896551724138
CHO THUÊ PHÒNG TRỌ GIÁ RẺ TẠI LA KHÊ HÀ ĐÔNG,2500000,40,"số 15 Đường Ngô Quyền, Phường Hà Đông, Hà Nội",Hà Đông,,,"[CHO THUÊ PHÒNG La Khê -HĐ] Hiện tại mình có 1 phòng cho thuê ở tầng 3 , rông 40m2 nhà vệ sinh riêng,ban công thoáng mát.… - 583789",10/03/2021,https://phongtro123.com/cho-thue-phong-tro-gia-re-tai-la-khe-ha-dong-pr583789.html,phongtro123.com,2026-07-05T15:44:19.813317+00:00,0333170993,https://pt123.cdn.static123.com/images/thumbs/450x300/fit/2021/03/10/109806904-1041805959568509-2614491363582427591-o_1615361419.jpg,"[CHO THUÊ PHÒNG La Khê -HĐ] Hiện tại mình có 1 phòng cho thuê ở tầng 3 , rông 40m2 nhà vệ sinh riêng,ban công thoáng mát. Có giường, nóng lạnh , máy giặt ... Tầng 4 là sân phơi trồng cây...Tầng 1 có bàn ăn, bếp và chỗ để xe. Giờ giấc thoải mái không chung chủ. Giá rất sv - không Trung Gian IB or call 0333170993. để biết thêm thông tin,",3.0,high,2.5,40.0,Hà Đông,phong_tro,0,1,1,0,0,0,1,1,0,1,5,3.0,0,1943,0.05,0.05,0e5c12adc18dc23730ed,9.977,0.0625
Chính chủ cho thuê CC mini mới cách ngã tư Vạn Phúc - Tố Hữu 700m ( Giảm ngay tiền nhà Tháng 2),3400000,30,"Phố Vạn Phúc, Phường Hà Đông, Hà Nội",Hà Đông,,,Chính chủ cho thuê chung cư mini mới xây xong vào ở phố Ngọc Trục - Đại Mỗ ( Cách ngã tư Vạn Phúc - Tố Hữu 800m… - 309992,03/02/2021,https://phongtro123.com/chinh-chu-cho-thue-cc-mini-moi-cach-nga-tu-van-phuc-to-huu-700m-pr309992.html,phongtro123.com,2026-07-05T15:44:19.813695+00:00,0919016680,https://pt123.cdn.static123.com/images/thumbs/450x300/fit/2021/01/10/hinh-nha-p-403_1610252473.jpg,"Chính chủ cho thuê chung cư mini mới xây xong vào ở phố Ngọc Trục - Đại Mỗ ( Cách ngã tư Vạn Phúc - Tố Hữu 800m ) Tòa chung cư mini 6 tầng nằm đầu phố Ngọc Trục gần ngã tư Tố Hữu - Vạn Phúc, đường to ô tô đỗ cửa, được thiết kế tiện lợi, đầy đủ tiện ích đi kèm. * Thiết kế với diện tích 30m2 với phong cách hiện đại, tiện dụng. * Phòng gồm có: + Điều hòa 02 chiều Inverter + Nóng lạnh + Tủ quần áo âm tường rộng + Giường 1,6m * Khu bếp riêng biệt, chậu rửa bát hiện đại nấu nướng không sợ mùi vào phòng ngủ và phòng khách. * WC khép kín hiện đại, thiết bị vệ sinh Inax. * Tòa nhà được lắp camera an ninh đảm bảo, thoải mái đi lại. * Miễn phí: phí để xe, truyền hình cáp, internet cáp quang, camera các tầng. Đặc biệt chủ nhà có trang bị hệ thống lọc nước RO tiệt trùng bằng tia cực tím. * Vùng lân cận: Cách ngã tư Vạn Phúc – Tố Hữu 800m; Cách trung tâm hội nghị Quốc Gia 4km; Cách Bưu điện Hà Đông 2,5km; Cách TTTM Hồ Gươm Plaza 3km; Cách TTTM AEON Hà Đông 2km. * Giá cho thuê: 3.400.000 đ. Giá điện: 3.000/KW; Nước: 20.000/m3. Địa chỉ: Ô số 05, Khu giãn dân Ngọc Trục - P. Đại Mỗ - Q. Nam Từ Liêm - HN Liên hệ chính chủ: 0919 016 680 - 0912 277 596",,high,3.4,30.0,Hà Đông,can_ho_mini,1,1,0,0,0,0,0,1,1,1,5,2.0,0,1978,0.05,0.05,1bdb62502e52de720cbb,9.977,0.11333333333333333
CHO THUÊ PHÒNG TẠI VẠN PHÚC - HÀ ĐÔNG (Vào ở tháng 2 giảm ngay 200k còn 2tr),2200000,18,"Số nhà 7, ngách 30, ngõ 35 Đường Ngô Thì Sỹ, Phường Hà Đông, Hà Nội",Hà Đông,,,"Cuối tháng 1 mình có 1 phòng cho thuê tại Vạn Phúc – Hà Đông (Từ cầu am đi vào 200m). Phòng không khép kín, 2 phòng… - 318073",25/01/2021,https://phongtro123.com/cho-thue-phong-tai-van-phuc-ha-dong-pr318073.html,phongtro123.com,2026-07-05T15:44:19.813695+00:00,0357739945,https://pt123.cdn.static123.com/images/thumbs/450x300/fit/2021/01/25/z2296246834596-5fcc1225d962f17de27f5c633d5e56f8_1611541613.jpg,"Cuối tháng 1 mình có 1 phòng cho thuê tại Vạn Phúc – Hà Đông (Từ cầu am đi vào 200m). Phòng không khép kín, 2 phòng chung nvs ngay cạnh phòng. Không chung chủ thoải mái giờ giấc. Phòng ốp sàn gỗ sạch sẽ, sẵn giường, nóng lạnh, điều hòa. Nấu ăn, để xe tầng 1. Giá phòng 2,2tr. Điện 3.500đ/s, nước 70.000đ/ng/tháng. (Ở ngay tháng 2 giảm 200k tiền phòng còn 2tr) Vị trí : cách chung cư golden silk 400m, bưu điện hà đông 500m, cao đẳng y tế hà đông –bv đa khoa hà đông 900m, cách bến xe bus 400m. Cách ĐH kiến trúc, bưu chính VT 1,5km. SĐT LH: 0357739945 Mai",1.0,high,2.2,18.0,Hà Đông,can_ho,1,1,0,0,0,0,0,1,0,1,4,1.0,0,1987,0.05,0.05,76e247e9f04962c1fc0d,9.977,0.12222222222222223
Cho thuê phòng đầy đủ tiện nghi cho sinh viên và người đi làm,1500000,12,"35 Đường Mỗ Lao, Hà Nội",Hà Đông,,,"Hiện tại tôi đang có phòng cho người đi làm và sinh viên thuê : -Gần áo Mỗ Lao, gần chợ Mỗ Lao, phía sau BigC Hồ… - 317636",14/01/2021,https://phongtro123.com/cho-thue-phong-day-du-tien-nghi-cho-sinh-vien-va-nguoi-di-lam-pr317636.html,phongtro123.com,2026-07-05T15:44:19.813695+00:00,0974993638,https://pt123.cdn.static123.com/images/thumbs/450x300/fit/2021/01/12/161045087897303837927637568386_1610451091.jpg,"Hiện tại tôi đang có phòng cho người đi làm và sinh viên thuê : -Gần áo Mỗ Lao, gần chợ Mỗ Lao, phía sau BigC Hồ Gươm Plaza -Khu có nhiều an sinh, trật tự. -Nhà sạch sẽ, thông thoáng, phía trước đường thuận lợi đi lại. -Nhà nhiều tiện nghi: máy lạnh, điều hòa, máy giặt, mạng Internet, Wifi -Nhà ở dành cho người Ý thức, sinh viên để thuận tiện đi làm và học tập. -Giá cả phù hợp. -Chỉ cần dọn đồ đến và sinh sống. Thông tin tóm tắt: Cho Thuê Phòng Hợp Lí Cho Người Đi Làm Và Sinh Viê Địa chỉ chi tiết: 35, Đường Trần Phú, Phường Mộ Lao, Quận Hà Đông, Hà Nội Phòng ngủ : Nhà vệ sinh : 3 Số điện thoại : 0974993638",,high,1.5,12.0,unknown,phong_tro,1,0,0,0,0,0,1,0,1,0,3,1.0,0,1998,0.05,0.05,d6a55ce9792b724267e2,9.977,0.125
"Cho thuê phòng trọ, an ninh tốt, sân rộng phơi đồ và để xe thoáng mát",1800000,33,"124 Đường Phan Đình Giót, Phường Hà Đông, Hà Nội",Hà Đông,,,"Vệ sinh khép kín, có sân rộng thoáng mát, chỗ để xe đi lại thoải mái. An ninh khu nhà ở cực kỳ tốt, có cổng… - 317477",08/01/2021,https://phongtro123.com/cho-thue-phong-tro-an-ninh-tot-san-rong-phoi-do-va-de-xe-thoang-mat-pr317477.html,phongtro123.com,2026-07-05T15:44:19.813695+00:00,0965281394,https://pt123.cdn.static123.com/images/thumbs/450x300/fit/2021/01/08/1a_1610081483.jpg,"Vệ sinh khép kín, có sân rộng thoáng mát, chỗ để xe đi lại thoải mái. An ninh khu nhà ở cực kỳ tốt, có cổng nên rất an toàn. Phòng nhà mình có thêm một gác xép, thuận tiện cho việc để đồ đạc hoặc nằm ngủ. Địa chỉ: Số nhà 124 Phan Đình Giót - La Khê - Hà Đông - Hà Nội. Liên hệ: 0356752215 (Chị Vân). - Ưu tiên hộ gia đình ở lâu dài. - Diện tích nhà ở: 33 m2. --------------------------------------------- Điện thoại liên hệ: 0356752215.",,high,1.8,33.0,Hà Đông,phong_tro,0,1,0,0,0,1,0,0,0,1,3,1.0,0,2004,0.05,0.05,5368dd2921e857bbe3d1,9.977,0.05454545454545455
"Cho thuê phòng trọ. ccmn ở Cầu Bươu, gần Nguyễn Trãi, triều khúc. 2.5tr full đồ. điện nước giá dân.0868267026",2400000,25,"số 14a ngách 1 ngõ 3, Phường Hà Đông, Hà Nội",Hà Đông,,,"Có phòng cho thuê ở Cầu Bươu - Gần Linh Đàm,Nguyễn Trãi, nguyễn xiển, triều khúc, đại học thăng long, Học viện… - 312393",07/01/2021,https://phongtro123.com/cho-thue-phong-tro-ccmn-o-cau-buou-gan-linh-dam-nguyen-xien-trieu-khuc-2-5tr-full-do-dien-nuoc-gia-dan-0868267026-pr312393.html,phongtro123.com,2026-07-05T15:44:19.813695+00:00,0868267026,https://pt123.cdn.static123.com/images/thumbs/450x300/fit/2020/11/18/z2183312767367-78885f93b4146136b1b7a3628a4938ce_1605669301.jpg,"Có phòng cho thuê ở Cầu Bươu - Gần Linh Đàm,Nguyễn Trãi, nguyễn xiển, triều khúc, đại học thăng long, Học viện An Ninh... - Điện nước giá dân chia đầu người nên rất rẻ, mỗi tháng khoảng 100k - Giá 2.5tr/ tháng có đầy đủ điều hòa, nóng lạnh, máy giặt, tủ lạnh, bếp - Giờ giấc tự do tmai. ko chung chủ - Để xe tầng 1 rộng rãi. free - An ninh đảm bảo, có camera quan sát - Yên Tĩnh, phòng sạch đẹp, có cửa sổ to thoáng mát liên hệ trực tiếp chủ nhà xem nhà ko mất phí gì cả",1.0,high,2.4,25.0,Hà Đông,can_ho_mini,1,0,0,0,1,0,1,1,0,1,5,1.0,0,2005,0.05,0.05,04ddf13f367ab1e105f3,9.977,0.096
"Cho hộ gia đình thuê ( Kến Hưng, Hà Đông, Hà Nội )",3000000,40,"Đường Mậu Lương, Phường Kiến Hưng, Hà Nội",Hà Đông,,,"DT 30m2 có gác xép 10m2 Tổng DT sử dụng 40m2 có sân bếp riêng, có bình nóng lạnh, giường Nhà gần đường lớn, chợ,… - 317315",05/01/2021,https://phongtro123.com/cho-ho-gia-dinh-thue-kien-hung-ha-dong-ha-noi-pr317315.html,phongtro123.com,2026-07-05T15:44:19.813695+00:00,0388345034,https://pt123.cdn.static123.com/images/thumbs/450x300/fit/2021/01/05/8b4f5647-d17e-44fa-a0e9-15889f6b4c9b_1609821055.jpg,"DT 30m2 có gác xép 10m2 Tổng DT sử dụng 40m2 có sân bếp riêng, có bình nóng lạnh, giường Nhà gần đường lớn, chợ, nhà trẻ mẫu giáo, cách khu đô thị Xa La khoảng 100m. điện nước giá rẻ Địa chỉ : Tổ 10 phố Mậu Lương phường Kiến Hưng quận Hà Đông",,high,3.0,40.0,Kiến Hưng,phong_tro,0,0,0,0,0,1,0,1,0,0,2,1.0,0,2007,0.05,0.05,c0cf5ef2f918c88fec5b,10.623,0.075
"Cho thuê phòng trọ ở 80 phố Bà Triệu ( Gần chợ Hà Đông, Viện 103,...)",3500000,25,"80 Phố Bà Triệu, Hà Nội",Hà Đông,,,"- Chính chủ không mất phí - Đầy đủ nội thất, giường, tủ lanh, bàn làm việc,.. -Vệ sinh khép kín, có điều hòa,… - 316857",24/12/2020,https://phongtro123.com/cho-thue-phong-tro-o-80-pho-ba-trieu-gan-cho-ha-dong-vien-103-pr316857.html,phongtro123.com,2026-07-05T15:44:19.813695+00:00,0332981090,https://pt123.cdn.static123.com/images/thumbs/450x300/fit/2020/12/24/ba-trieu-501_1608797516.jpg,"- Chính chủ không mất phí - Đầy đủ nội thất, giường, tủ lanh, bàn làm việc,.. -Vệ sinh khép kín, có điều hòa, bình nóng lạnh,… -Có máy giặt riêng từng phòng, có ban công -Không chung chủ, giờ giấc tự do, thoải mái. -Có camera an ninh, cổng vân tay, thang máy. (Gần sân vận động Hà Đông, gần chợ Hà Đông, viện 103 ...)",,high,3.5,25.0,unknown,phong_tro,1,1,1,1,1,0,1,1,0,0,7,12.0,0,2019,0.05,0.05,7a126ee94bd1469ec42f,9.977,0.14
PHÒNG ĐẸP - ĐIỆN NƯỚC GIÁ DÂN CHÍNH CHỦ CẦN CHO THUÊ,3000000,42,"20 Đường Ba La, Hà Nội",Hà Đông,,,"Mình có căn nhà cấp 4, diện tích 45m, khép kín chính chủ đang có nhu cầu cho thuê , vị trí giao thông thuận tiện ,cách… - 316794",23/12/2020,https://phongtro123.com/phong-dep-dien-nuoc-gia-dan-chinh-chu-can-cho-thue-pr316794.html,phongtro123.com,2026-07-05T15:44:19.813695+00:00,0366720798,https://pt123.cdn.static123.com/images/thumbs/450x300/fit/2020/12/23/z2239018391074-d496fdf8415c908bb17ab5da2ecaa709_1608707788.jpg,"Mình có căn nhà cấp 4, diện tích 45m, khép kín chính chủ đang có nhu cầu cho thuê , vị trí giao thông thuận tiện ,cách quốc lộ 21b mấy phút đi bộ , đường vào tới nhà 4m rộng rãi ,gần các trường cao đẳng ,đại học ,gần 2 chợ lớn ,gần đường sắt trên cao Cát Linh-Hà Đông ,khu vực trong lành , an ninh tốt trong nhà đầy đủ nóng lạnh .điều hòa ,tủ quần áo , tủ lạnh ,2 giường ngủ , điện nước đóng theo giá nhà nước .mọi chi tiết xin liên hệ .thao 0366720798",,high,3.0,42.0,unknown,phong_tro,1,1,0,0,0,0,0,1,0,0,3,12.0,0,2020,0.05,0.05,298befc518207ac04514,9.977,0.07142857142857142
"Chính chủ cho thuê phòng trọ ngay chợ Phùng Khoang. Nhà mình vừa mới xây xong, vào ở ngay, không chung chủ.",3200000,25,"Địa chỉ: Số nhà 51 ngõ 159 Phùng Khoang Đường Nguyễn Trãi, Hà Nội",Hà Đông,,,"Chính chủ cho thuê phòng trọ. Nhà mình vừa xây hoàn thiện xong, tất cả đều mới 100%. Cho thuê phòng trọ ngay chợ… - 316736",22/12/2020,https://phongtro123.com/chinh-chu-cho-thue-phong-tro-ngay-cho-phung-khoang-nha-minh-vua-moi-xay-xong-vao-o-ngay-khong-chung-chu-pr316736.html,phongtro123.com,2026-07-05T15:44:19.813695+00:00,0967643676,https://pt123.cdn.static123.com/images/thumbs/450x300/fit/2020/12/22/92e08e2c4ab5bbebe2a4_1608632698.jpg,"Chính chủ cho thuê phòng trọ. Nhà mình vừa xây hoàn thiện xong, tất cả đều mới 100%. Cho thuê phòng trọ ngay chợ Phùng Khoang, Vừa mới xây xong, vào ở ngay, không chung chủ. Địa chỉ: Số nhà 51 ngõ 159 Phùng Khoang Giá cho thuê: 3.2 triệu/tháng Phòng đầy đủ tiện nghi cao cấp, mới xây hoàn toàn 100%, môi trường ở an ninh, văn minh, sạch sẽ,có máy lạnh, thang máy Được tận hưởng các tiện ích: - Phòng có view đẹp, có không gian riêng, không khí trong lành phục vụ tốt nhu cầu học tập, làm việc, vui chơi giải trí, thỏa sức sáng tạo. - Mùa này lạnh nên mình đã trang bị đầy đủ Giường, Đệm ,Tủ quần áo, Tủ Bếp ( Mới 100%) cho các bạn FA. - Máy lạnh. - Nhà vệ sinh riêng sạch sẽ, thiết bị điện chiếu sáng. - Wifi cáp quang. - Tiện ích: Giờ giấc tự do, Có chỗ để xe thoải mái - Có camera an ninh khắp nhà. - Cửa ra vào khóa vân tay - Có 2 sân phơi đồ",,high,3.2,25.0,unknown,phong_tro,1,1,0,1,0,0,0,0,1,1,5,12.0,0,2021,0.05,0.05,2251f177ae9d76961b11,9.977,0.128
"Cho thuê CCMN full đồ tại Nguyễn Văn Trỗi,Mỗ Lao,Hà Đông",3500000,25,"261 Đường Nguyễn Văn Trỗi, Phường Hà Đông, Hà Nội",Hà Đông,,,"- Nhà đẹp full nội thất mới - Chỉ việc mang vali vào ở. - Phòng đẹp, sạch sẽ thoáng mát gần: HV An Ninh, BigC Hà… - 316640",21/12/2020,https://phongtro123.com/cho-thue-ccmn-full-do-tai-nguyen-van-troi-mo-lao-ha-dong-pr316640.html,phongtro123.com,2026-07-05T15:44:19.813695+00:00,0988367162,https://pt123.cdn.static123.com/images/thumbs/450x300/fit/2020/12/21/z2236986805218-0154f5d27b252d960b73ed29f6110ade_1608522990.jpg,"- Nhà đẹp full nội thất mới - Chỉ việc mang vali vào ở. - Phòng đẹp, sạch sẽ thoáng mát gần: HV An Ninh, BigC Hà Đông, Bưu Chính,Kiến Trúc,... - Giá 3.5tr-3tr8/tháng. Đóng 1 cọc 1 tháng (ở được luôn). - Ban công cực rộng, thoáng mát. - Thang máy tốc độ cao. Mô tả chung. - Full nội thất điều hòa, nóng lạnh, tủ lạnh, giường, tủ, phơi đồ, bàn học, để xe miễn phí, camera an ninh, máy giặt, kệ bếp. - Cổng khóa vân tay đảm bảo an toàn. - Chính chủ miễn môi giới. - Điện 3,5k/ số. - Nước 20k/số. - Hàng tuần có người qua dọn vệ sinh chung cả nhà thường xuyên. - Không ở chung chủ. Giờ giấc đi lại thoải mái, tiếp bạn bè vô tư miễn là lịch sự - Hợp đồng lâu dài không tăng giá, chu kỳ đóng tiền nhà 1 tháng 1 lần, đặt cọc 1 tháng tiền nhà.",,high,3.5,25.0,Hà Đông,can_ho_mini,1,0,1,1,1,0,1,1,0,1,7,12.0,0,2022,0.05,0.05,e15951280f1fa97a603f,9.977,0.14
"CCMN phía sau BIGC Hà Đông, gần hồ Mỗ Lao, full đồ có thang máy",3500000,25,Hà Nội,Hà Đông,,,"CCMN khép kín, không chung chủ, giờ giấc thoải mái. Vị trí: cạnh hồ Mỗ Lao, phía sau Big C Hà Đông, gần Bưu Chính,… - 316586",20/12/2020,https://phongtro123.com/ccmn-phia-sau-bigc-ha-dong-gan-ho-mo-lao-full-do-co-thang-may-pr316586.html,phongtro123.com,2026-07-05T15:44:19.813695+00:00,0866077261,https://pt123.cdn.static123.com/images/thumbs/450x300/fit/2020/12/20/9f4dc055a1dc508209cd_1608430117.jpg,"CCMN khép kín, không chung chủ, giờ giấc thoải mái. Vị trí: cạnh hồ Mỗ Lao, phía sau Big C Hà Đông, gần Bưu Chính, Anh Ninh, cầu Mỗ Lao, làng Việt Kiều,.. Full đồ: điều hòa, nóng lạnh, giường, tủ quần áo, bàn trà, bàn làm việc, tủ lạnh, bàn bếp, máy giặt chung,.. Của ra vào khóa vân tay, có thang máy. Hàng tuần có người dọn vệ sinh khu chung Điện 3,5 nước 20k 1 khối, internet 100k/ 1 phòng Giá 3tr5, 3tr8 tủy diện tích",,high,3.5,25.0,unknown,can_ho_mini,1,1,0,1,1,0,1,1,1,0,7,12.0,0,2023,0.05,0.05,d3fe5a83066257ca479a,9.977,0.14
Cho thuê nguyên tầng 3 diện tích 40m2 như chung cư mini,2500000,40,"136 Đường Mậu Lương, Phường Kiến Hưng, Hà Nội",Hà Đông,,,Diện tích: 40m² Giá cho thuê: 2.5 triệu/tháng 0976789417 Thông tin mô tả CHO THUÊ LẠI NGUYÊN TẦNG 3 DIỆN TÍCH 40M2 số… - 315936,08/12/2020,https://phongtro123.com/cho-thue-nguyen-tang-3-dien-tich-40m2-nhu-chung-cu-mini-pr315936.html,phongtro123.com,2026-07-05T15:44:19.814696+00:00,0976789417,https://pt123.cdn.static123.com/images/thumbs/450x300/fit/2020/12/08/img-1607396740865-1607396750947_1607396968.jpg,"base_url = ""https://phongtro123.com"";base_api_url = ""https://phongtro123.com/api"";register_url = ""https://phongtro123.com/dang-ky-tai-khoan"";login_url = ""https://phongtro123.com/dang-nhap-tai-khoan"";logout_url = ""https://phongtro123.com/thoat"";user_payment_addfund_url = 'https://phongtro123.com/nap-tien-vao-tai-khoan';page_tindaluu_url = 'https://phongtro123.com/tin-da-luu';page_edit_profile_url = 'https://phongtro123.com/thong-tin-ca-nhan';page_history_transaction_url = 'https://phongtro123.com/lich-su-giao-dich';page_my_post_url = 'https://phongtro123.com/quan-ly-tin-dang';page_add_post_url = 'https://phongtro123.com/dang-tin';window.Laravel = {""csrfToken"":""aEGgVLBj4VKovqqG5bU9hsTZtuciXWzMc9vpoD1U"",""base_url"":""https:\/\/phongtro123.com""};",,high,2.5,40.0,Kiến Hưng,can_ho_mini,0,0,0,0,0,0,0,0,0,0,0,12.0,0,2035,0.05,0.05,292ca40dd513628b22be,10.623,0.0625
CĂN CCMN MỚI HOÀN THIỆN TẠI NGÕ 197 TRẦN PHÚ - HÀ ĐÔNG,3500000,20,"Ngõ 197 Đường Trần Phú, Phường Hà Đông, Hà Nội",Hà Đông,,,️RA MẮT TOÀ CHUNG CƯ MỚI TINH️️NGÕ 197 TRẦN PHÚ HÀ ĐÔNG️ Phòng đang được lắp đặt nội thất : THANG MÁY … - 315731,04/12/2020,https://phongtro123.com/can-ccmn-moi-hoan-thien-tai-ngo-197-tran-phu-ha-dong-pr315731.html,phongtro123.com,2026-07-05T15:44:19.814696+00:00,0984503144,https://pt123.cdn.static123.com/images/thumbs/450x300/fit/2020/12/04/1_1607057221.jpg,"️RA MẮT TOÀ CHUNG CƯ MỚI TINH️️NGÕ 197 TRẦN PHÚ HÀ ĐÔNG️ Phòng đang được lắp đặt nội thất : THANG MÁY ĐIỀU HOÀ NÓNG LẠNH GIƯỜNG TỦ QUẦN ÁO MÁY GIẶT KỆ BÀN TỦ BẾP NẤU ĂN DECOR PHÒNG THEO PHONG CÁCH HÀN QUỐC : Rèm cửa, bàn ghế,tranh ảnh... - Diện tích : 20-25m2 - Giá : 3tr5 - Điện 3,5k/ số - Nước 30k/m3 - Dịch vụ : 200k/tháng - Xe để tầng 1 không thu phí Mời tất cả các Anh, chị em, bạn bè đang có nhu cầu thuê phòng tới xem phòng tại 197 Trần Phú- Văn Quán - Hà Đông ( Gần các trường đại học Kiến Trúc,Bưu Chính,HVAN,YHCT,Big C Hà Đông,Giao Thông Thuận tiện,có điểm bus tại đầu ngõ...)",1.0,high,3.5,20.0,Hà Đông,can_ho_mini,1,0,0,1,0,0,1,1,0,0,4,12.0,0,2039,0.05,0.05,c3bd73ef7ebd53836664,9.977,0.175
"Cho thuê phòng rộng đẹp thoáng mát ở Xa La, Phúc La, Hà Đông, Hà Nội (có Hình)",2500000,25,"Phường Hà Đông, Hà Nội",Hà Đông,,,"Địa chỉ: Xa La, Phúc La, Hà Đông, Thành phố Hà Nội cạnh khu Đô thị Xa La, gần Trường học, Chợ, Giao thông thuận… - 315181",25/11/2020,https://phongtro123.com/cho-thue-phong-rong-dep-thoang-mat-o-xa-la-phuc-la-ha-dong-ha-noi-co-hinh-pr315181.html,phongtro123.com,2026-07-05T15:44:19.814696+00:00,0983383657,https://pt123.cdn.static123.com/images/thumbs/450x300/fit/2020/11/25/z2160354086338-afe637229b896439ac5b234267778008_1606275491.jpg,"Địa chỉ: Xa La, Phúc La, Hà Đông, Thành phố Hà Nội cạnh khu Đô thị Xa La, gần Trường học, Chợ, Giao thông thuận tiện Nhà 5 tầng để ở, tầng 1 có nhà để xe, mỗi phòng có ban công riêng để phơi quần áo Trong phòng có vệ sinh khép kín đầy đủ nóng lạnh, bệt liền khối, tắm vòi sen đứng, chậu rửa mặt, kính đèn led Bếp có bàn đá, có sẵn chậu rửa bát inox 304, trạn để bát đĩa Gác xép, 2 cửa sổ Diện tích phòng 25m2 và 35m2 có các đầu chờ điều hòa, máy giặt, cap và internet Ưu đãi: Thang máy kleeman (German Đức), camera an ninh, cửa chính tòa nhà vân tay chống trôm, nước máy, điện 3 pha theo giá nhà nước Nhà hai mặt tiền thoáng mát, nhiều ánh sáng tầm nhìn đẹp ra khu biệt thư sân vườn Khu nhà yên tĩnh, hàng xóm thân thiện, có nhiều cây xanh, an ninh. Ưu tiên cho thuê cả căn nhà nhận giá ưu đãi Thời gian vào ở Đầu T12 năm 2020 Giá cho thuê: 2,8tr/tháng (phòng 25m2); 3,8 tr/tháng (phòng 35m2) Vậy ai có nhu cầu thuê xin vui lòng liên hệ với mình là Quỳnh qua số điện thoại 0936793168 nhé. Trân trọng cảm ơn!",1.0,high,2.5,25.0,Hà Đông,phong_tro,1,1,1,1,0,1,1,1,1,1,9,11.0,0,2048,0.05,0.05,2cf97443cfb23977882f,9.977,0.1
"Cho thuê chung cư mini Hà Nội - Yên Xá Tân Triều - full giá 2,9tr",2800000,23,"số 24 ngõ 87/59 Đường Yên Xá, Phường Hà Đông, Hà Nội",Hà Đông,,,Chính chủ cho thuê chung cư mini Hà Nội full đồ cơ bản giá chỉ từ 2.8 tr tại Yên Xá - Tân Triều - Thanh Trì (gần hồ… - 315128,24/11/2020,https://phongtro123.com/cho-thue-chung-cu-mini-ha-noi-yen-xa-tan-trieu-full-gia-2-9tr-pr315128.html,phongtro123.com,2026-07-05T15:44:19.814696+00:00,0938317555,https://pt123.cdn.static123.com/images/thumbs/450x300/fit/2020/11/24/306_1606206739.jpg,"Chính chủ cho thuê chung cư mini Hà Nội full đồ cơ bản giá chỉ từ 2.8 tr tại Yên Xá - Tân Triều - Thanh Trì (gần hồ Văn Quán). 1 - Vị Trí . Tòa nhà nằm tại trung tâm giáp ranh giữa 3 quận Hà Đông, Thanh Trì, Thanh Xuân nên rất thuận tiện di chuyển vào trung tâm thành phố, bao quanh là khu đô thị sầm uất Văn Quán, khu đô thị Xa La, bệnh viện 103, trường ĐH Kiến Trúc, ĐH Thăng Long, ĐH Công Nghệ Giao Thông Vận Tải, Học viện Công Nghệ Bưu Chính Viễn Thông... - Địa chỉ : Số 24 ngõ 87/59 Yên Xá - Tân Triều - Hà Nội . 2 - Thông tin : - Diện tích : 24m2 + gác sét 7m2 - Giá : 2.8 tr - 3.1 tr/th. - Nội thất : Điều hòa, nóng lạnh, giường, tủ, khu bếp nấu ăn riêng biệt, quạt hút mùi. 3 - Dịch vụ : - An ninh đảm bảo : Hệ thống camera hiện đại, có bảo vệ thân thiện trực 24/24. Giờ giấc thoải mái. - Đặc biệt : Tòa nhà có đội ngũ kĩ thuật chuyên nghiệp để xử lý các vấn đề sự cố của toà nhà 24/7. - Internet cáp quang tốc độ cao: - Gần chợ: Cách chợ 50m, gần khu trung tâm thương mại, bệnh viện, trường học cách 200m. 4 - Liên hệ : Mr Quyết: 0938317555 - 0962923322 (miễn trung gian). Địa chỉ: Số 24 ngõ 87/59 Yên Xá - Tân Triều - Hà Nội.",,high,2.8,23.0,Hà Đông,can_ho_mini,1,0,0,0,1,1,0,1,1,0,5,11.0,0,2049,0.05,0.05,a4f220a4ad22f3346e72,9.977,0.1217391304347826
Mình còn phòng cho thuê ở Bà Triệu,2900000,20,"Phố Bà Triệu, Phường Hà Đông, Hà Nội",Hà Đông,,,"Địa chỉ: Bà Triệu, Hà Đông. Thiết kế: 50 phòng + 01 cửa hàng. Có nhà để xe tầng hầm, Có sân thượng. Có thang… - 315059",23/11/2020,https://phongtro123.com/minh-con-phong-cho-thue-o-ba-trieu-pr315059.html,phongtro123.com,2026-07-05T15:44:19.814696+00:00,0338873893,https://pt123.cdn.static123.com/images/thumbs/450x300/fit/2020/11/23/70988fab9ede6f8036cf_1606118568.jpg,"Địa chỉ: Bà Triệu, Hà Đông. Thiết kế: 50 phòng + 01 cửa hàng. Có nhà để xe tầng hầm, Có sân thượng. Có thang máy Nội thất: Khép kín, có xép, có nóng lạnh, điều hòa, bàn bếp... Diện tích: 20 - 27m2. Giá: 2tr9 đến 3tr3. Phòng full nội thất Cách chợ Hà Đông 500m. LH xem phòng miễn phí 0338873893 (Hiếu)",,high,2.9,20.0,Hà Đông,phong_tro,1,1,0,1,1,0,0,1,0,1,6,11.0,0,2050,0.05,0.05,a5480ffeff64be6b5f39,9.977,0.145
"Chính chủ cho thuê ccmn đủ đồ, khép kín, thang máy",3200000,30,"Đường số 70, Phường Kiến Hưng, Hà Nội",Hà Đông,,,"CHO THUÊ CCMN MỚI XÂY KIẾN HƯNG, HÀ ĐÔNG VÀ TÂN TRIỀU, THANH TRÌ. VỊ TRÍ: - Cạnh KĐT Văn Quán, KĐT XaLa, thông ra… - 314857",20/11/2020,https://phongtro123.com/chinh-chu-cho-thue-ccmn-du-do-khep-kin-thang-may-pr314857.html,phongtro123.com,2026-07-05T15:44:19.814696+00:00,0981717957,https://pt123.cdn.static123.com/images/thumbs/450x300/fit/2020/11/20/faceu-0-20201114165515887_1605842414.jpg,"CHO THUÊ CCMN MỚI XÂY KIẾN HƯNG, HÀ ĐÔNG VÀ TÂN TRIỀU, THANH TRÌ. VỊ TRÍ: - Cạnh KĐT Văn Quán, KĐT XaLa, thông ra đường Chiến Thắng, Nguyễn Xiển... - Gần bệnh viện 103, viện bỏng, viện k3, Bệnh viện 16A, Siêu thị, Chợ... - Gần Trường học: ĐH KIẾN TRÚC, ĐH HÀ NỘI, CAO ĐẲNG Y TẾ HÀ ĐÔNG, BƯU CHÍNH VIỄN THÔNG, HỌC VIỆN MẬT MÃ, CĐ XÂY DỰNG SỐ 1, HV AN NINH, ... - MÔI TRƯỜNG SỐNG TRONG LÀNH - Giao thông thuận tiện TRANG THIẾT BỊ: - Gác xép 10m2 để ngủ - Nóng lạnh - Tủ quần áo - Kệ bếp, chậu rửa - Ban công phơi đồ - Vệ sinh khép kín - Để xe free tầng 1 - Camera 24/24 DT: 18 - 25m2( Chưa tính 10m2 gác xép và ban công) Giá: 2,5tr - 3,3tr (Điện: 3,5k/số, Nước: 25k/khối) - An ninh tốt, giờ giấc tự do thoải mái. Lh: 0981717957/0961209398",1.0,high,3.2,30.0,Kiến Hưng,can_ho_mini,1,1,1,1,0,1,0,1,0,1,7,11.0,0,2053,0.05,0.05,57f574b6b229e08dcf56,10.623,0.10666666666666667
"Cho thuê phòng trọ khu vực Mỗ Lao, Hà Đông",2900000,20,"24 Đường Mỗ Lao, Phường Hà Đông, Hà Nội",Hà Đông,,,"_ Chính chủ miễn môi giới _ Nội thất điều hòa, nóng lạnh, giường, tủ, kệ bếp, phơi đồ, để xe miễn phí,… - 314408",14/11/2020,https://phongtro123.com/cho-thue-phong-tro-khu-vuc-mo-lao-ha-dong-pr314408.html,phongtro123.com,2026-07-05T15:44:22.068716+00:00,0332981090,https://pt123.cdn.static123.com/images/thumbs/450x300/fit/2020/11/14/z2173911162620-8a88e87ed06374f391dfb27f1839b2db_1605340252.jpg,"_ Chính chủ miễn môi giới _ Nội thất điều hòa, nóng lạnh, giường, tủ, kệ bếp, phơi đồ, để xe miễn phí, camera an ninh _Hàng tuần có người qua dọn vệ sinh chung cả nhà thường xuyên. _Không ở chung chủ. Giờ giấc đi lại thoải mái, tiếp bạn bè vô tư miễn là lịch sự - Hợp đồng lâu dài không tăng giá, chu kỳ đóng tiền nhà 1 tháng 1 lần, đặt cọc 1 tháng tiền nhà",,high,2.9,20.0,Hà Đông,phong_tro,1,0,0,0,0,0,0,1,0,1,3,11.0,0,2059,0.05,0.05,be8d00d340b46533ea4c,9.977,0.145
Cho thuê phòng trong căn hộ chung cư.,2500000,14,"số 1 Đường Thanh Bình, Hà Nội",Hà Đông,,,Phù hợp ở 2 người (ưu tiên nam nhé.). Phòng ngủ rộng khoảng 14m2. Phòng khách rộng rãi sử dụng thoải mái.Có vệ… - 314372,13/11/2020,https://phongtro123.com/cho-thue-phong-trong-can-ho-chung-cu-4500001-pr314372.html,phongtro123.com,2026-07-05T15:44:22.068716+00:00,0986906956,https://pt123.cdn.static123.com/images/thumbs/450x300/fit/2020/11/13/124568956-717763682493729-2509353678545737266-n_1605277714.jpg,"Phù hợp ở 2 người (ưu tiên nam nhé.). Phòng ngủ rộng khoảng 14m2. Phòng khách rộng rãi sử dụng thoải mái.Có vệ sinh riêng nhà có máy giặt, bn nào vào ở có thể sử dụng chung nhé. Căn hộ rộng gần 70m2 bạn có thể ở bất kì đâu trừ phòng của mh. Thanh toán tiền phòng 3 tháng 1 cọc 2tr giống bn mh nhé.",,high,2.5,14.0,unknown,can_ho,0,1,0,0,0,0,1,0,0,0,2,11.0,0,2060,0.05,0.05,6e6171534bc3c28777da,9.977,0.17857142857142858
Cho thuê phòng trọ 50m2 gần đại học Nhạc Họa,4000000,50,"P14 - Ngõ 33 Đường Lương Ngọc Quyến, Phường Hà Đông, Hà Nội",Hà Đông,,,"Cần cho thuê phòng trọ bao gồm 2 phòng liền nhau, tổng diện tích sử dụng 50m2, có nhà vệ sinh riêng biệt, nội thất… - 314334",13/11/2020,https://phongtro123.com/cho-thue-phong-tro-50m2-gan-dai-hoc-nhac-hoa-pr314334.html,phongtro123.com,2026-07-05T15:44:22.068716+00:00,0985766649,https://pt123.cdn.static123.com/images/thumbs/450x300/fit/2020/11/13/dsc-0030_1605241132.jpg,"Cần cho thuê phòng trọ bao gồm 2 phòng liền nhau, tổng diện tích sử dụng 50m2, có nhà vệ sinh riêng biệt, nội thất sẵn có bao gồm sàn gỗ, điều hòa, nóng lạnh, internet, wifi, giường, tủ...đầy đủ. Phòng trọ ở rất gần trường nhạc họa, môi trường xung quanh là khu tập thể tư vấn điện nên rất an toàn, văn minh. Liên hệ người cho thuê: Cô Lê Thị Khương - 65 tuổi.",,high,4.0,50.0,Hà Đông,phong_tro,1,1,0,0,0,0,0,1,1,0,4,11.0,0,2060,0.05,0.05,46f1d1d4d5fc6c351eee,9.977,0.08
Chính chủ cho thuê ccmn mới- sạch-đẹp- đầy đủ tiện ích,2500000,28,"Ngõ 130 Đường Mậu Lương, Phường Kiến Hưng, Hà Nội",Hà Đông,,,Hệ thống ccmn 1985 Home khai trương toà nhà mới. - Phòng mới 100% - Diện tích 20-25m2-30m2. - Phòng nào cũng có gác… - 313311,27/10/2020,https://phongtro123.com/chinh-chu-cho-thue-ccmn-moi-sach-dep-day-du-tien-ich-pr313311.html,phongtro123.com,2026-07-05T15:44:22.068716+00:00,0388326302,https://pt123.cdn.static123.com/images/thumbs/450x300/fit/2020/10/27/149dca98-5970-46c7-b7ce-81e3bfeab3ac_1603782924.jpg,"Hệ thống ccmn 1985 Home khai trương toà nhà mới. -> Phòng mới 100% -> Diện tích 20-25m2-30m2. -> Phòng nào cũng có gác xép, thoáng mát. -> An ninh đảm bảo. Camera 24/24. Cửa thẻ từ chống trộm hiệu quả. Có bảo vệ. ->>>>>> Địa chỉ số 130 mậu lương, xa la, hà đông. Nhanh tay liên hệ hotline 0975762223/ 0388326302 để book cho mình một phòng như ý nhé.",,high,2.5,28.0,Kiến Hưng,can_ho_mini,0,0,0,0,0,1,0,0,0,0,1,10.0,0,2077,0.05,0.05,276f775588f8ade9aedd,10.623,0.08928571428571429
"Cho thuê phòng khép kín 18-20 m2, CẠNH KĐT VĂN QUÁN, Hà Đông 1,5 - 2 TRIỆU",1500000,20,"Ngõ Xóm Chùa, nằm cạnh cổng chính Khu chung cư cho cán bộ Viện 103 trong khu đô thị Văn Quán Đường Nguyễn Khuyến, Phường Hà Đông, Hà Nội",Hà Đông,,,"Hiện tại tôi còn 02 phòng khép kín, diện tích 18m2 và 20m2, nằm trong nhà riêng 5 tầng, cạnh Khu biệt thự trong Khu đô… - 311637",27/09/2020,https://phongtro123.com/cho-thue-phong-khep-kin-18-20-m2-canh-kdt-van-quan-ha-dong-1-5-2-trieu-pr311637.html,phongtro123.com,2026-07-05T15:44:22.068716+00:00,0969781704,https://pt123.cdn.static123.com/images/thumbs/450x300/fit/2020/09/27/img-8997_1601183460.jpg,"Hiện tại tôi còn 02 phòng khép kín, diện tích 18m2 và 20m2, nằm trong nhà riêng 5 tầng, cạnh Khu biệt thự trong Khu đô thị mới Văn Quán, Hà Đông. Nhà còn mới, sạch sẽ, thoáng mát, điện nước đầy đủ, điều hòa, bình nước nóng, WC riêng, Internet wifi, phòng khách dùng chung, bếp hiện đại dùng chung, có chỗ để xe trong nhà, ban công phơi đồ rộng rãi trên tầng 5, máy giặt dùng chung. Giờ giấc thoải mái (đã có 02 phòng cho thuê); Tiện nghi đầy đủ chỉ việc dọn đến ở. Khu dân cư an toàn, văn minh, gần chợ, siêu thị, bệnh viện... Giá cho thuê: 1,5 - 2 triệu VNĐ Liện hệ chính chủ: Anh Tuyên 0969.781.704 (ngõ Xóm Chùa, nằm cạnh cổng chính Khu chung cu cho cán bộ Viện 103 trong khu đô thị Văn Quán, Hà Đông). (không qua môi giới)",5.0,high,1.5,20.0,Hà Đông,phong_tro,1,1,1,0,0,0,1,0,1,1,6,9.0,0,2107,0.05,0.05,2edfc55018ed3243d98b,9.977,0.075
"Phòng đẹp Phùng Hưng, Phúc La, cách hồ Văn Quán 600m, full đồ, cửa sổ thông thoáng",2300000,20,"Phố Phùng Hưng, Phường Hà Đông, Hà Nội",Hà Đông,,,"- Phòng có đầy đủ nội thất tiện ích: điều hòa, nóng lạnh, giường, tủ quần áo, tủ lạnh, bàn bếp, giá bát,… - 308565",19/09/2020,https://phongtro123.com/phong-dep-phung-hung-phuc-la-cach-ho-van-quan-600m-full-do-cua-so-thong-thoang-pr308565.html,phongtro123.com,2026-07-05T15:44:22.069751+00:00,0866077261,https://pt123.cdn.static123.com/images/thumbs/450x300/fit/2020/08/08/0cbf720b3ae3dcbd85f2_1596862795.jpg,"- Phòng có đầy đủ nội thất tiện ích: điều hòa, nóng lạnh, giường, tủ quần áo, tủ lạnh, bàn bếp, giá bát, bàn làm việc,… - Có cửa sổ rộng rãi, thoáng mát. - Cửa ra vào khóa vân tay, có camera an ninh. - Có nhân viên vệ sinh dọn dẹp khu chung hàng tuần. - 1 tầng có 2 phòng chung WC. - Cọc 1 tháng, thanh toán 1 tháng 1 - Có chỗ để xe free - Điện 3,5 nước 80k/1 người. - Giá: tầng 3 giá 2tr4, tầng 4 giá 2tr3 LH : 0866.077.261",3.0,high,2.3,20.0,Hà Đông,phong_tro,1,0,0,0,1,0,0,1,0,1,4,9.0,0,2115,0.05,0.05,a9c45a10b0c2aea51a67,9.977,0.11499999999999999
"Cho thuê phòng trọ khép kín dt 30m2 giá thuê 2,8 triệu có nội thất cơ bản",2800000,30,"Phường Hà Đông, Hà Nội",Hà Đông,,,Cho thuê phòng khép kín tại khu vực Hà Đông.vào ở được luôn -Vệ sinh khép kín -Nóng lạnh -Điều hoà -Giường +… - 310806,13/09/2020,https://phongtro123.com/cho-thue-phong-khep-kin-dt-30m2-pr310806.html,phongtro123.com,2026-07-05T15:44:22.069751+00:00,0946230448,https://pt123.cdn.static123.com/images/thumbs/450x300/fit/2020/09/13/82897911-721513265040947-5773132655159672832-n_1600011379.jpg,"Cho thuê phòng khép kín tại khu vực Hà Đông.vào ở được luôn -Vệ sinh khép kín -Nóng lạnh -Điều hoà -Giường + tủ quần áo -Bàn bếp -Máy giặt dùng chung -Cửa ra vào khoá vân tay an toàn -Camera giám sát an ninh xe cộ -Phòng đều có cửa sổ thông thoáng mát mẻ Giá 2tr8 Lh chủ nhà 0946230448 Địa chỉ: ngõ 87/10 yên xá (cuối đường nguyễn khuyến, cuối đường chiến thắng Văn Quán) gần đh kiến trúc, bưu chính, an ninh, mật mã... gần viện 103, ngay cổng sau viện K",,high,2.8,30.0,Hà Đông,phong_tro,1,1,0,0,0,0,1,1,0,0,4,9.0,0,2121,0.05,0.05,2cf97443cfb23977882f,9.977,0.09333333333333332
Cho thuê phòng trọ đẹp như ccmn đầy đủ tiện nghi giá phù hợp cho tất cả mọi người,2500000,25,"LK 20AB - ngõ 50 Phố Lê Trọng Tấn, Phường Dương Nội, Hà Nội",Hà Đông,,,"Cho thuê phòng trọ với đầy đủ tiện nghi, sinh viên hoặc hộ gia đình thuê đều đc. có đầy đủ tiện nghi tiện… - 309814",27/08/2020,https://phongtro123.com/cho-thue-phong-tro-dep-nhu-ccmn-pr309814.html,phongtro123.com,2026-07-05T15:44:22.069751+00:00,0888923666,https://pt123.cdn.static123.com/images/thumbs/450x300/fit/2020/08/27/z2046405159760-a594f02bfe9f58057b0ca092d021ca52_1598516390.jpg,"Cho thuê phòng trọ với đầy đủ tiện nghi, sinh viên hoặc hộ gia đình thuê đều đc. có đầy đủ tiện nghi tiện ích: - có đầy đủ điều hòa, nóng lạnh - có giường , tủ trang điểm , tủ nhỏ đựng đồ. tất cả đều mới mua nên còn rất mới. - có Wifi và truyền hình cáp - có vệ sinh khép kín. - có thang máy Tất cả các phòng đều mới xây dựng nên còn rất mới. Có an ninh đầy đủ, an toàn ko lo lắng trộm cắp. Có chỗ để xe. Số người ở trong 1 phòng ko giới hạn có thể ở đông người Chính chủ ko qua trung gian. Chủ còn trẻ nên rất vui vẻ và dễ tính. Giờ giấc ra vào tự do, ko hạn chế giờ ra vào. ***Rất gần chợ La Cả, các trường Học viện Kiểm Soát, đi ra HV An Ninh hay Bệnh Viện đa khoa Hà Đông hoặc 103 cũng rất gần. Ai có nhu cầu liên hệ : 0888923666 (gọi điện thoại hoặc zalo đều đc)",,high,2.5,25.0,Dương Nội,can_ho_mini,1,1,0,1,0,0,0,1,1,1,6,8.0,0,2138,0.05,0.05,b0daaea91f64d241079a,11.461,0.1
"Chủ Nhà có 5 Phòng cho Thuê CCMN full đồ cao cấp siêu đẹp , tiện Nghi ( 0974.366.826 )",3600000,20,"8 Phố Phùng Hưng, Phường Hà Đông, Hà Nội",Hà Đông,,,"Chủ Nhà cho thuê Căn Chung cư mini full đồ cao cấp siêu đẹp và rẻ ngay Đường Phùng Hưng Hà ,cạnh Viện Bỏng ,… - 308952",14/08/2020,https://phongtro123.com/chu-nha-co-5-phong-cho-thue-ccmn-full-do-cao-cap-sieu-dep-tien-nghi-0974-366-826-pr308952.html,phongtro123.com,2026-07-05T15:44:22.069751+00:00,0974366826,https://pt123.cdn.static123.com/images/thumbs/450x300/fit/2020/08/14/5e1dd0baab9057ce0e81_1597374513.jpg,"Chủ Nhà cho thuê Căn Chung cư mini full đồ cao cấp siêu đẹp và rẻ ngay Đường Phùng Hưng Hà ,cạnh Viện Bỏng , viện 103 Hà Đông . 0974.366.826 Vị Trí : Đường Phùng Hưng - Quận Hà Đông - Hà Nội - vị trí thuận tiện cho người đi làm , sinh viên . gần trường học học viện An Ninh cách 2,5km , trường học viện bưu chính viễn thông cách 2,5km , trường cao đẳng y tế Hà Đông cách 2,2km, đại học Hà Nội 5 km ... Đồ đã trang bị : Mới 100 % bao gồm - 1 Điều Hoà ,1 Nóng Lạnh ,1 Máy Gặt ,1 Tủ Quần Áo , ,1 Hút mùi , 1 Bộ bàn Ghế , Tiện ích , dịch vụ chuyên nghiệp - 2 thang máy tốc độ cao - An ninh . bảo vệ 24/7 - dọn vệ sinh hành lang thường xuyên 2 lần/ tuần - Đường rộng ô tô đi thoải mái , nhiều cây xanh . gần viện , chợ . Giá : chỉ từ 3,6 triệu . ️ Liên hệ Ngay Chủ Nhà ( Long : 0974.366.826 ) Bạn sẽ có thông tin , xem nhà miễn phí . để có một căn phòng siêu đẹp và tiện nghi cho bạn .",,high,3.6,20.0,Hà Đông,can_ho_mini,1,0,0,1,1,0,0,1,0,0,4,8.0,0,2151,0.05,0.05,c55c618ae8fe7712e834,9.977,0.18
"Cho thuê nhà khu vực Hà Đông, diện tích 28m2, nhà mới xây",1800000,28,"Đường Cầu Bươu, Hà Nội",Hà Đông,,,"Nhà mới xây đẹp, khép kí, độc lập với chủ nhà. Diện tích 28m2 cả gác xép, sàn gỗ, mái tôn lạnh. Trần cao… - 308929",14/08/2020,https://phongtro123.com/cho-thue-nha-khu-vuc-ha-dong-dien-tich-28m2-pr308929.html,phongtro123.com,2026-07-05T15:44:22.069751+00:00,0913083818,https://phongtro123.com/images/thumb_default.svg,"Nhà mới xây đẹp, khép kí, độc lập với chủ nhà. Diện tích 28m2 cả gác xép, sàn gỗ, mái tôn lạnh. Trần cao thoáng 5m. Mặt tiền rộng cửa ra vào và cửa sổ rộng 1.2m. Vệ sinh thiết bị inax, nóng lanh, tủ bếp đầy đủ. Có sẵn thiết kế chỗ lắp máy giặt, lọc nước, bếp ga, điều hòa truyền hình số 70 kênh, wifi cáp quang miễn phí. Hệ thống điện tốt, hệ thống nước có bể ngầm tự động bơm tăng áp. Bồn nước inox Tân Á lớn. Vị trí cách bến xe buýt 300m, gần viện 103, viện K, học viện quân y, Đại học Thăng Long, Đại Học Hà Nội, Học Viện Bưu chính viễn thông. Gần trường. chợ, an ninh tốt. Thiết kế ưu tiên cho hộ gia đình trẻ thuê lâu dài. Tiêu chuẩn thiết kế cao, thi công cẩn thận. Để biết thêm thông tin vui lòng liên hệ: Chị Mai: 0902162699",,high,1.8,28.0,unknown,phong_tro,1,0,0,0,0,1,1,0,1,0,4,8.0,0,2151,0.05,0.05,ff9390e32c6f979883f3,9.977,0.0642857142857143
"Phòng đẹp Nguyễn Khuyến, Văn Quán, Hà Đông, full đồ, ban công.",2800000,30,"Đường Nguyễn Khuyến, Phường Hà Đông, Hà Nội",Hà Đông,,,"- Phòng có đầy đủ nội thất tiện ích: điều hòa, nóng lạnh, giường, tủ quần áo, tủ lạnh, bàn bếp, giá bát,… - 308564",08/08/2020,https://phongtro123.com/phong-dep-nguyen-khuyen-van-quan-ha-dong-full-do-ban-cong-pr308564.html,phongtro123.com,2026-07-05T15:44:22.069751+00:00,0866077261,https://pt123.cdn.static123.com/images/thumbs/450x300/fit/2020/08/08/a380fc1bb8d744891dc6_1596862557.jpg,"- Phòng có đầy đủ nội thất tiện ích: điều hòa, nóng lạnh, giường, tủ quần áo, tủ lạnh, bàn bếp, giá bát, bàn làm việc,… - Có ban công rộng rãi, thoáng mát. - Cửa ra vào khóa vân tay, có camera an ninh. - Có nhân viên vệ sinh dọn dẹp khu chung hàng tuần. - 1 tầng có 2 phòng chung WC. - Cọc 1 tháng, thanh toán 1 tháng 1 - Có chỗ để xe free - Điện 3,5 nước 80k/1 người. - Giá: tầng 3,4 giá 3tr1, tầng 5 giá 2tr7 LH : 0866.077.261",3.0,high,2.8,30.0,Hà Đông,phong_tro,1,0,1,0,1,0,0,1,0,1,5,8.0,0,2157,0.05,0.05,7dfece0e826334db7bef,9.977,0.09333333333333332
"Cho thuê phòng trọ rộng rãi, an ninh tốt, sân rộng phơi đồ và để xe thoáng mát",1800000,33,"124 Đường Phan Đình Giót, Phường Hà Đông, Hà Nội",Hà Đông,,,"Vệ sinh khép kín, có sân rộng thoáng mát, chỗ để xe đi lại thoải mái An ninh khu nhà ở cực kỳ tốt, có cổng nên… - 308214",03/08/2020,https://phongtro123.com/cho-thue-phong-tro-rong-rai-an-ninh-tot-san-rong-phoi-do-va-de-xe-thoang-mat-pr308214.html,phongtro123.com,2026-07-05T15:44:22.069751+00:00,0987713619,https://pt123.cdn.static123.com/images/thumbs/450x300/fit/2020/08/03/1_1596436533.jpg,"Vệ sinh khép kín, có sân rộng thoáng mát, chỗ để xe đi lại thoải mái An ninh khu nhà ở cực kỳ tốt, có cổng nên rất an toàn. Phòng nhà mình có thêm một gác xép, thuận tiện cho việc để đồ đạc hoặc nằm ngủ. Địa chỉ: Số nhà 124 Phan Đình Giót - La Khê - Hà Đông - Hà Nội Liên hệ: 0356752215 ( Chị Vân ) - Ưu tiên hộ gia đình ở lâu dài - Diện tích nhà ở: 33 m2",,high,1.8,33.0,Hà Đông,phong_tro,0,1,0,0,0,1,0,0,0,1,3,8.0,0,2162,0.05,0.05,5368dd2921e857bbe3d1,9.977,0.05454545454545455
"Nhà đẹp giá rẻ An ninh đảm bảo tại Phường Phú La, Quận Hà Đông, Hà Nội",1400000,15,"19, Hà Nội",Hà Đông,,,"Nhà mình có ccmn cho thuê nhà đẹp giá rẻ gần chợ gần điểm xe buýt an ninh đảm bảo, điện nước giá rẻ. Ai có nhu… - 308124",01/08/2020,https://phongtro123.com/nha-dep-gia-re-an-ninh-dam-bao-pr308124.html,phongtro123.com,2026-07-05T15:44:22.069751+00:00,0975283680,https://phongtro123.com/images/thumb_default.svg,"Nhà mình có ccmn cho thuê nhà đẹp giá rẻ gần chợ gần điểm xe buýt an ninh đảm bảo, điện nước giá rẻ. Ai có nhu cầu xin liên hệ 0975.283.680",,high,1.4,15.0,unknown,can_ho_mini,0,0,0,0,0,0,0,0,0,0,0,8.0,0,2164,0.05,0.05,47cd6c2221d550c68bef,9.977,0.09333333333333332
"CHÍNH CHỦ CHO THUÊ CCMN KHÉP KÍN, MỚI HOÀN THIỆN",3200000,20,"164A Đường Yên Bình, Phường Hà Đông, Hà Nội",Hà Đông,,,"Nhà mới xây xong + Phòng đẹp xây tại 164A Yên Bình, Phúc Là, Văn Quán, Hà Đông, Hà Nội gần ĐH Công Nghệ Giao Thông… - 308041",31/07/2020,https://phongtro123.com/chinh-chu-cho-thue-ccmn-khep-kin-moi-hoan-thien-pr308041.html,phongtro123.com,2026-07-05T15:44:22.069751+00:00,0936021586,https://pt123.cdn.static123.com/images/thumbs/450x300/fit/2020/07/31/image0-1_1596162823.jpg,"Nhà mới xây xong + Phòng đẹp xây tại 164A Yên Bình, Phúc Là, Văn Quán, Hà Đông, Hà Nội gần ĐH Công Nghệ Giao Thông Vận Tải, Học Viện Khoa Học Xã Hội, Học Viện An Ninh... + Đi ra đường Nguyễn Trãi 500m. + Địa chỉ: 164A Yên Bình, Phúc Là, Văn Quán, Hà Đông, Hà Nội + Thang máy. + Điều hòa. + Giường. + Tủ quần áo. + Bàn bếp. + chỗ phơi quần áo thoáng mát + Chậu rửa. + Giếng trời mát mẻ, ban công thoáng gió. + Chỗ nấu ăn riêng biệt thuận tiện không ám mùi vào phòng. Đảm bảo xem là thích. + Vệ sinh khép kín, sạch sẽ đã trang bị các thiết bị hiện đại: Vòi hoa sen, gương, bệt, chậu rửa... + Không gian chung yên tĩnh sạch sẽ, có vệ sinh lau dọn hàng tuần. + Internet cáp quang tốc độ cao (như quán game), mỗi phòng có mordem wifi riêng, điện nước công tơ riêng. + Miễn phí chỗ để xe rộng rãi không sợ trầy xước xe đẹp. + Có camera yên tâm an ninh. + Khóa vân tay. + Giao thông đi lại thuận tiện, địa điểm đẹp gần ĐH Công Nghệ Giao Thông Vận Tải, HV Kỹ Thuật Mật Mã, ĐH Hà Nội, HV Khoa Học Xã Hội, học viện An Ninh Nhân Dân, đại học Hà Nội, đại học Công Đoàn... + Gần chợ Tân Triều trung tâm đi lại thuận tiện, cách chợ xanh Văn Quán 500km + Địa chỉ: 164A Yên Bình, Phúc Là, Văn Quán, Hà Đông, Hà Nội + Nhà chính chủ không qua môi giới. Liên hệ xem nhà 24/24 Hồng Hà: 0936021586 Được thì thuê không thuê thì cám ơn.",,high,3.2,20.0,Hà Đông,can_ho_mini,1,1,1,1,0,0,0,0,1,1,6,7.0,0,2165,0.05,0.05,6f42f0719a02702f125c,9.977,0.16
"Hiện tại mình đang ở căn 609. ct7b Khu Đô thị Dương Nội 2 Hà Nội, còn 1 phòng trống cần cho thuê, ai có nhu cầu liên hệ",1800000,15,"609,ct7b Khu Đô thị Dương Nội 2 Hà Nội Đường Lê Văn Lương, Phường Dương Nội, Hà Nội",Hà Đông,,,"Căn hộ 609. Ct7b b khu đô thị dương nội 2 hà đông hà nội , nhà 2 phòng ngủ , 1 phòng khách ,phòng bếp sạch sẽ đầy… - 307782",27/07/2020,https://phongtro123.com/hien-tai-minh-dang-o-can-609-ct7b-khu-do-thi-duong-noi-2-ha-noi-con-1-phong-trong-can-cho-thue-ai-co-nhu-cau-lien-he-pr307782.html,phongtro123.com,2026-07-05T15:44:22.069751+00:00,0378097390,https://pt123.cdn.static123.com/images/thumbs/450x300/fit/2020/07/27/img-20200727-112609_1595825620.jpg,"Căn hộ 609. Ct7b b khu đô thị dương nội 2 hà đông hà nội , nhà 2 phòng ngủ , 1 phòng khách ,phòng bếp sạch sẽ đầy đủ , ..... Mình còn thưaf 1 phòng ngủ cho thuê. Ai có nhu cầu liên hệ ( chính chủ )",,high,1.8,15.0,Dương Nội,can_ho,0,0,0,0,0,0,0,0,0,0,0,7.0,0,2169,0.05,0.05,f5040d92b35100b163fa,11.461,0.12000000000000001
"Chính chủ cho thuê nhà trọ Cạnh BIG C Hà Đông. Giá thuê 3,5 triệu",3500000,30,"36 Đường Mỗ Lao, Phường Hà Đông, Hà Nội",Hà Đông,,,"BẠN ĐÃ TÌM ĐƯỢC CĂN PHÒNG ƯNG Ý CHO MÌNH CHƯA?.Chính chủ CHO THUÊ. Vị trí : Cạnh Hồ Gươm Plaza, Mộ Lao, Hà Đông,… - 307576",23/07/2020,https://phongtro123.com/chinh-chu-cho-thue-nha-canh-bigc-ha-dong-pr307576.html,phongtro123.com,2026-07-05T15:44:22.069751+00:00,0919179658,https://pt123.cdn.static123.com/images/thumbs/450x300/fit/2020/07/23/z1984173082533-b91c895b686d491edea7d1cc4f35fe56_1595508498.jpg,"BẠN ĐÃ TÌM ĐƯỢC CĂN PHÒNG ƯNG Ý CHO MÌNH CHƯA?.Chính chủ CHO THUÊ. Vị trí : Cạnh Hồ Gươm Plaza, Mộ Lao, Hà Đông, Hà Nội. ‍️‍️ Phù hợp với: - Người đi làm. -Hộ gia đình. -Nhóm 3 4 bạn trẻ. -Người cầm nơi yên tĩnh, thỏa mái để làm việc. ????Tiện ích xung quanh: - Gần siêu thị BigC Hà Đông. - Gần Highland Coffee, Cộng Coffee. - Gần Đường Nguyễn Trãi, Trần Phú, Vũ Trọng Khánh. - Đường to ngõ rộng, hai xe ô tô tránh nhau thoả mái, đèn đường sáng cả đêm nên về muộn cũng không lo nha. ️????ĐẶC ĐIỂM PHÒNG : - Sạch sẽ, gon gàng. - Có giường, có tủ, bàn phấn, kệ tivi - Có nóng lạnh, Điều hòa, vệ sinh khép kín. - Có cửa sổ thoáng mát - Có kệ bếp, tủ bếp, hút mùi. PHÍ DỊCH VỤ : - Gía phòng hoàn toàn có thể thương lượng. - Phí dịch vụ đã bao gồm nước+ thang máy + máy giặt+mạng+vệ sinh chung. -Không thu thêm phụ phí. TIỆN ÍCH CHUNG: - Có chỗ để xe tầng 1 Free. - Không chung chủ, giờ giấc tự do, ra vào khóa vân tay, camera giám sát 24/7. - Vệ sinh định kỳ hàng tuần. - Dịch vụ hẫu mãi về sau, đặt cư dân lên trên hết. Liên hệ xem phòng : 0919179658. Mọi người cứ mạnh dạn liên hệ ép giá nha.! Miễn phí 100% - Không môi giới – Không mất phí.",1.0,high,3.5,30.0,Hà Đông,phong_tro,1,1,0,1,0,0,1,1,1,1,7,7.0,0,2173,0.05,0.05,8a3852c23f7396a903c1,9.977,0.11666666666666667
"Phòng trọ Full đồ, thoáng, rộng, có thang máy, an toàn, sạch sẽ 2.7-3.5tr",3000000,20,"34 ngõ 197 Đường Trần Phú, Phường Hà Đông, Hà Nội",Hà Đông,,,"Chính chủ cho thuê phòng trọ thoáng, đẹp, full đồ trong nhà 8 tầng tại ngõ 179 Trần Phú, Văn Quán, Hà Đông, Hà… - 307396",21/07/2020,https://phongtro123.com/phong-tro-full-do-thoang-rong-co-thang-may-an-toan-sach-se-2-7-3-5tr-pr307396.html,phongtro123.com,2026-07-05T15:44:22.069751+00:00,0978769726,https://pt123.cdn.static123.com/images/thumbs/450x300/fit/2020/07/21/b00731f2e8f414aa4de5_1595308706.jpg,"Chính chủ cho thuê phòng trọ thoáng, đẹp, full đồ trong nhà 8 tầng tại ngõ 179 Trần Phú, Văn Quán, Hà Đông, Hà Nội GẦN CÁC TRƯỜNG ĐẠI HỌC KIẾN TRÚC, AN NINH, ĐẠI HỌC HÀ NỘI, SƯ PHẠM NGHỆ THUẬT... (Thuận tiện cho Sinh viên và người đi làm) + Địa chỉ: Số 34 ngõ 197, Trần Phú, Hà Đông. Phòng mới xây, đang hoàn thiện, có thể vào ở từ giữa tháng 8. Diện tích các phòng từ 15-30m2 + Full nội thất: Giường tủ, quạt, nóng lạnh, điều hòa, có chỗ nấu ăn + Thang máy, cửa vân tay + Chỗ để xe rộng rãi + Phơi đồ tầng thượng + Điện nước giá rẻ + Không chung chủ + Có bảo vệ 24/24 LH: 0978769726",,high,3.0,20.0,Hà Đông,phong_tro,1,0,0,1,1,0,0,1,0,1,5,7.0,0,2175,0.05,0.05,2c8d96c0d0dcf1f317c6,9.977,0.15
"Cho thuê phòng trọ khép kín mới xây, khu Văn Phú - Hà Đông",2500000,16,Hà Nội,Hà Đông,,,"Phòng chính chủ mới xây, cần cho thuê, sạch đẹp rộng 16m2 và gác xép lừng 10m2 được trang bị sẵn điều hòa và… - 307126",16/07/2020,https://phongtro123.com/cho-thue-phong-tro-khep-kin-moi-xay-khu-van-phu-ha-dong-pr307126.html,phongtro123.com,2026-07-05T15:44:22.069751+00:00,0966852857,https://pt123.cdn.static123.com/images/thumbs/450x300/fit/2020/07/16/z1977159246111-2844f6fe5f944c4663d3e83019eb3923_1594872908.jpg,"Phòng chính chủ mới xây, cần cho thuê, sạch đẹp rộng 16m2 và gác xép lừng 10m2 được trang bị sẵn điều hòa và nóng lạnh. Điện nước giá dân. Giờ giấc tự do, không chung chủ. Giá: 2.5 triệu/tháng. Liên hệ: 0966.852.857 Chị Nhung - Chính chủ. (Gọi hoặc LH qua Zalo nhé!)",,high,2.5,16.0,unknown,phong_tro,1,1,0,0,0,1,0,1,0,0,4,7.0,0,2180,0.05,0.05,d94b5c6af9b20870c26f,9.977,0.15625
"Cho thuê CCMN Full nội thất tại KĐT Văn Quán, Hà Đông, Hà Nội",6000000,50,"A34TT11 Đường Nguyễn Khuyến, Phường Hà Đông, Hà Nội",Hà Đông,,,"- Chính chủ cho thuê ccmn ngõ 23 Nguyễn Khuyến,Văn Quán,Hà Đông - Còn 1 căn 1 ngủ,1 khách tầng 3 giá 6tr vệ sinh khép… - 287310",13/07/2020,https://phongtro123.com/tinh-thanh/ha-noi/cho-thue-ccmn-full-noi-that-tai-kdt-van-quanha-dongha-noi.html,phongtro123.com,2026-07-05T15:44:22.070752+00:00,0988367162,https://pt123.cdn.static123.com/images/thumbs/450x300/fit/2019/09/05/d6bc3239b26855360c79_1567655381.jpg,"- Chính chủ cho thuê ccmn ngõ 23 Nguyễn Khuyến,Văn Quán,Hà Đông - Còn 1 căn 1 ngủ,1 khách tầng 3 giá 6tr vệ sinh khép kín. Đầu tháng 11 ở được - Phòng đẹp,sạch sẽ,ban công rộng,thoáng mát Mô tả chung - Chính chủ miễn môi giới - Nội thất điều hòa, nóng lạnh, giường, tủ,sofa, kệ bếp,bàn ăn,tủ lạnh, phơi đồ, để xe miễn phí, camera an ninh - Hàng tuần có người qua dọn vệ sinh chung cả nhà thường xuyên. - Không ở chung chủ. Giờ giấc đi lại thoải mái, tiếp bạn bè vô tư miễn là lịch sự - Hợp đồng lâu dài không tăng giá, chu kỳ đóng tiền nhà 1 tháng 1 lần, đặt cọc 1 tháng tiền nhà - liên hệ : 0988367162/0347759126",3.0,high,6.0,50.0,Hà Đông,can_ho_mini,1,1,1,0,1,0,0,1,0,1,6,7.0,0,2183,0.05,0.05,6e0b16924d3ad278536f,9.977,0.12
"PHÒNG TRỌ XÂY MỚI NGÃ 5 HÀ TRÌ, HÀ ĐÔNG, 3TR, FULL NỘI THẤT, THANG MÁY, Ô TÔ ĐỖ CỬA",3000000,16,"NO24 Đường Hà Trì, Phường Hà Đông, Hà Nội",Hà Đông,,,3TR/TH PHÒNG TRỌ MỚI XÂY - VIEW ĐẸP - NỘI THẤT CÓ SẴN - NGÃ 5 HÀ TRÌ - Thang máy xịn xò - wifi căng đét - gara rộng… - 300732,26/06/2020,https://phongtro123.com/tinh-thanh/ha-noi/phong-tro-xay-moi-nga-5-ha-tri-ha-dong-2-5tr-full-noi-that-thang-may-o-to-do-cua.html,phongtro123.com,2026-07-05T15:44:24.013138+00:00,0869306883,https://pt123.cdn.static123.com/images/thumbs/450x300/fit/2020/03/30/z1764148541778-9489c69be925ae27867f7ecf2ebb9192-copy_1585564778.jpg,"3TR/TH PHÒNG TRỌ MỚI XÂY - VIEW ĐẸP - NỘI THẤT CÓ SẴN - NGÃ 5 HÀ TRÌ - Thang máy xịn xò - wifi căng đét - gara rộng rãi - Không chung chủ - giờ giấc tự do - có gác xép - Gần trung tâm - gần KDT Văn Phú Giá thuê 3tr/tháng. - Nội thất: Phòng được trang bị đầy đủ máy lạnh, máy nước nóng, tủ bếp, tủ quần áo, giường ngủ, có wifi, thiết bị toilet,... Phòng có chỗ phơi đồ, có gác lửng, tất cả phòng đều thoáng mát. - Vị trí: Gần ngã 5 Hà Trì, Hà Đông, gần khu dân trí cao, gần các trường mầm non, trường tiểu học, THCS, THPT, gần khu đô thị Văn Phú, gần chợ, sân bóng, các khu vui chơi, tiện ích,... Liên hệ ngay kẻo hết phòng: 0869 306 883 (ms Ngọc) Mời khách hàng ghé thăm FB và website để xem chi tiết về BFT: http://www.bftland.com/",,high,3.0,16.0,Hà Đông,phong_tro,1,0,0,1,1,1,0,0,1,1,6,6.0,0,2200,0.05,0.05,1e017e4ec88b8ced9093,9.977,0.1875
"Cho thuê trọ nhà riêng ở Văn Quán, Hà Đông. Giá 2tr2 mỗi tháng",2200000,40,"Đường số 19/5, Phường Hà Đông, Hà Nội",Hà Đông,,,"Tôi muốn cho thuê trọ toàn bộ tầng 1 của căn nhà 3 tầng ở Văn Quán với diện tích mặt sàn 40m2, khép kín bao gồm 1… - 304453",10/06/2020,https://phongtro123.com/cho-thue-tro-nha-rieng-o-van-quan-ha-dong-gia-2tr2-moi-thang-pr304453.html,phongtro123.com,2026-07-05T15:44:24.013138+00:00,0965718999,https://pt123.cdn.static123.com/images/thumbs/450x300/fit/2020/06/10/70488165-c160-45d0-9762-c409d0538b6a_1591738219.jpg,"Tôi muốn cho thuê trọ toàn bộ tầng 1 của căn nhà 3 tầng ở Văn Quán với diện tích mặt sàn 40m2, khép kín bao gồm 1 phòng ngủ lớn riêng, 1 bếp nấu ăn riêng và 1 nhà tắm kiêm vệ sinh riêng. Nhà tôi mỗi tầng đều riêng biệt, cầu thang đi từ tầng 1 lên tầng 3 không đi qua phòng nhau, có chỗ để xe an toàn trong nhà, người thuê có chìa khóa riêng và tự do về giờ giấc (chủ nhà ở nơi khác). Giá cho thuê rất hợp lý chỉ 2.200.000VNĐ/tháng. Nhà cửa hàng xóm xung quanh đều xây to đẹp, dân trí cao và xung quanh không có nhà nào cho thuê trọ nên rất an toàn, yên tĩnh. Ngoài ra, căn nhà cho thuê lại nằm ở vị trí trung tâm Văn Quán rất tiện lợi về giao thông, trường, chợ, bến xe, bệnh viện,... - Cách đường xe taxi, xe hơi 20m; Cách bến xe bus đường Nguyễn Trãi tầm 250m và bến xe bus đường đi về hướng viện 103 tầm 350m; - Cách hồ Văn Quán 400m; - Cách hiện học viện Bưu Chính Viễn Thông, học viện An Ninh, trường Kiến Trúc 700m; - Cách bệnh viện 103, viện Bỏng 800m; Cách cầu Trắng 800m; - Gần Làng Việt Kiều Châu Âu, siêu thị Coopmart, siêu thị Metro Hà Đông; - Tận hưởng không gian thoáng mát của cây xanh và trung tâm dịch vụ Văn Quán đầy đủ, tiện nghi. LH chính chủ là chủ nhà: 0918363627 (miễn trung gian)",1.0,high,2.2,40.0,Hà Đông,phong_tro,0,1,0,0,0,0,0,0,0,1,2,6.0,0,2216,0.05,0.05,0df4f54b2e7eec2f88fd,9.977,0.05500000000000001
Cho thuê phòng tầng 2 có gác xép,2600000,45,"06 Đường Ngô Quyền, Phường Hà Đông, Hà Nội",Hà Đông,,,"cho thuê phòng tầng 2 có gác xép Để xe, nấu ăn, vệ sinh tầng 1 phơi tầng 3 Tổng diện tích 45m An ninh đảm bảo,… - 303629",29/05/2020,https://phongtro123.com/cho-thue-phong-tang-2-co-gac-xep-pr303629.html,phongtro123.com,2026-07-05T15:44:24.013138+00:00,0976168697,https://pt123.cdn.static123.com/images/thumbs/450x300/fit/2020/05/29/97513845-1481605038685519-8506029438050238464-n_1590721325.jpg,"cho thuê phòng tầng 2 có gác xép Để xe, nấu ăn, vệ sinh tầng 1 phơi tầng 3 Tổng diện tích 45m An ninh đảm bảo, yên tĩnh. Gần chợ, trường học, bệnh viện Giá 2.6 triệu Ưu tiên nữ, công chức đi làm Có fix cho ai có thiện chí thuê",2.0,high,2.6,45.0,Hà Đông,phong_tro,0,0,0,0,0,1,0,0,0,1,2,5.0,0,2228,0.05,0.05,4a5f9eb7264371e58b56,9.977,0.05777777777777778
Cho Thuê Phòng Trọ Gần Học Viện Quân Y (Ưu Tiên Nam),1800000,18,"Đường số 70, Phường Hà Đông, Hà Nội",Hà Đông,,,Nhà có 02 phòng cho thuê: 1. Diện tích phòng: - Phòng 01 diện tích 13m2 - Phòng 02 diện tích 17m2 2. 02 phòng có đầy… - 303608,28/05/2020,https://phongtro123.com/cho-thue-phong-tro-gan-hoc-vien-quan-y-uu-tien-nam-pr303608.html,phongtro123.com,2026-07-05T15:44:24.013138+00:00,0988825227,https://phongtro123.com/images/thumb_default.svg,"Nhà có 02 phòng cho thuê: 1. Diện tích phòng: - Phòng 01 diện tích 13m2 - Phòng 02 diện tích 17m2 2. 02 phòng có đầy đủ điều hòa, nơi để xe, nóng lạnh , máy giặt , chỗ vui chơi . 3. Giá thuê từ 1,5 triệu đến 2,5 triệu( thỏa thuận) 4. Mỗi phòng tối đa 02 người 5. Liên hệ: 0906156689",,high,1.8,18.0,Hà Đông,phong_tro,1,0,0,0,0,0,1,1,0,1,4,5.0,0,2229,0.05,0.05,9ec6fca4c2d50e4b9b3e,9.977,0.1
"CHO THUÊ PHÒNG TRỌ TỔNG DIỆN TÍCH 70M VUÔNG GẦN KHU ĐÔ THỊ MỖ LAO, HÀ ĐÔNG",6500000,70,"423 Đường Thanh Bình, Phường Hà Đông, Hà Nội",Hà Đông,,,"CHO THUÊ PHÒNG TRỌ TỔNG DIỆN TÍCH 70M VUÔNG GẦN KHU ĐÔ THỊ MỖ LAO, HÀ ĐÔNG -Cho thuê phòng trọ mặt đường Thanh… - 303037",20/05/2020,https://phongtro123.com/cho-thue-phong-tro-tong-dien-tich-70m-vuong-gan-khu-do-thi-mo-lao-ha-dong-pr303037.html,phongtro123.com,2026-07-05T15:44:24.013138+00:00,0904687420,https://pt123.cdn.static123.com/images/thumbs/450x300/fit/2020/05/20/66624796-3176281025777102-8080729991010058240-n_1589949303.jpg,"CHO THUÊ PHÒNG TRỌ TỔNG DIỆN TÍCH 70M VUÔNG GẦN KHU ĐÔ THỊ MỖ LAO, HÀ ĐÔNG -Cho thuê phòng trọ mặt đường Thanh Bình gần khu đô thị Mỗ Lao, Hà Đông. Diện tích ở 50M vuông, tổng diện tích 70M vuông. Đầy đủ tiện nghi, sử dụng nước máy. GIÁ CẢ THOẢ THUẬN",,high,6.5,70.0,Hà Đông,phong_tro,0,0,0,0,0,0,0,0,0,0,0,5.0,0,2237,0.05,0.05,d3f2a7ddccefc02e0211,9.977,0.09285714285714286
"Cho thuê phòng khép kín ở đường Quang Trung-Hà Đông-Hà Nội, diện tích 23m2",2200000,23,"Đường Quang Trung, Phường Hà Đông, Hà Nội",Hà Đông,,,"Nhà mới hoàn thiện sạch đẹp, gần bưu điện Hà Đông, tàu điện trên cao, bến xe bus, cách mặt đường Quang Trung 10m… - 295407",18/05/2020,https://phongtro123.com/tinh-thanh/ha-noi/cho-thue-phong-khep-kin-o-duong-quang-trung-ha-dong-ha-noi-dien-tich-23m2.html,phongtro123.com,2026-07-05T15:44:24.013990+00:00,0902166024,https://pt123.cdn.static123.com/images/thumbs/450x300/fit/2020/02/12/20170518-125742-2e2854e131c9775a0faa15f13de0f212_1581518817.jpg,"Nhà mới hoàn thiện sạch đẹp, gần bưu điện Hà Đông, tàu điện trên cao, bến xe bus, cách mặt đường Quang Trung 10m rất thuận tiện đi lại. Có 6 phòng cho thuê, nay còn 1 phòng tại tầng 4. Phòng có trang bị tiện nghi đầy đủ: công trình phụ khép kín,có điều hòa,nóng lạnh, cửa sổ rộng có rèm, chỗ phơi, nấu ăn, wifi cáp quang, truyền hình cáp, sân rộng để xe, nằm trong khu vực dân trí cao, yên tĩnh và an ninh tốt. Ai có nhu cầu liên hệ: Chị Hà 0902166024.",4.0,high,2.2,23.0,Hà Đông,phong_tro,1,1,0,0,0,0,0,1,1,1,5,5.0,0,2239,0.05,0.05,e78f962a2270247edc6e,9.977,0.09565217391304348
Siêu phòng trọ giá tốt- mới xây- ngay cạnh khuôn viên khu đô thị Yên Nghĩa,2300000,20,"Đường Lê Văn Lương, Phường Yên Nghĩa, Hà Nội",Hà Đông,,,"Nỗi lo đại dịch còn chưa hết, nỗi lo tìm phòng còn đáng sợ hơn? Vậy mọi người đã tìm được căn phòng ưng ý,… - 301944",03/05/2020,https://phongtro123.com/tinh-thanh/ha-noi/sieu-phong-tro-gia-tot-moi-xay-ngay-canh-khuon-vien-khu-do-thi-yen-nghia.html,phongtro123.com,2026-07-05T15:44:24.013990+00:00,0901433331,https://pt123.cdn.static123.com/images/thumbs/450x300/fit/2020/05/03/2dea8ec8b6974cc91586_1588500934.jpg,"Nỗi lo đại dịch còn chưa hết, nỗi lo tìm phòng còn đáng sợ hơn? Vậy mọi người đã tìm được căn phòng ưng ý, hợp túi tiền và sạch sẽ chưa! Hãy nhanh tay sở hữu Căn Phòng Mới mới xây tại Hà Đông với giá ưu đãi hấp dẫn _Phòng có đầy đủ đồ như : Ban công, Nóng lạnh, Giường, quạt trần. Khu nấu ăn tách riêng với phòng ngủ..... _GIá rất mềm, nhà ở đẹp, mới xây toàn bộ _ Free để xe, không chung chủ. giờ giấc thoải mái _Toliet cực kỳ sang trọng, vòi tắm sen cao cấp _ Gần ngay công viên lớn Hà Nội chỉ 1 phút đi bộ + Giá thuê: 2,3 triệu/ tháng Còn chần chờ gì mà không nhanh tay gọi điện để sở hữu 1 căn phòng lãng mạn giá hấp dẫn dành riêng cho bạn nào! +Hãy liên hệ SDT mình: 0901433331 hoặc để lại lời nhắn mình trên SDT, +Zalo: 0901433331 mình sẽ liên hệ lại ngay. Cảm ơn các bạn",,high,2.3,20.0,Yên Nghĩa,phong_tro,0,0,1,0,0,0,0,1,0,1,3,5.0,0,2254,0.05,0.05,2d8f53dbe5a2bdc3ec8f,13.976,0.11499999999999999
"Cho thuê phòng trọ tại khu vực Tô Hiệu, Hà Đông, Hà Nội, giá 2.5-3 triệu/tháng, có sẵn từ 1/5/2020. Liên hệ anh Thủy: 09",2500000,22,"Đường Tô Hiệu, Hà Nội",Hà Đông,,,"Cho thuê một phòng tầng 2 diện tích 23 m2, có phòng tắm nóng lạnh, vệ sinh sạch sẽ. Nhà mặt ngõ, ngõ rộng 5m, cách… - 301896",02/05/2020,https://phongtro123.com/tinh-thanh/ha-noi/cho-thue-phong-tro-tai-khu-vuc-to-hieu-ha-dong-ha-noi-gia-2-5-3-trieu-thang-co-san-tu-1-5-2020-lien-he-anh-thuy-09.html,phongtro123.com,2026-07-05T15:44:24.013990+00:00,0925340210,https://phongtro123.com/images/thumb_default.svg,"Cho thuê một phòng tầng 2 diện tích 23 m2, có phòng tắm nóng lạnh, vệ sinh sạch sẽ. Nhà mặt ngõ, ngõ rộng 5m, cách mặt phố Tô Hiệu - Hà Đông 20m. Sẵn wifi, tivi, điều hòa, điện nước tính theo đồng hồ đo, giá nhà nước. Gần siêu thi Metro, trước cửa có bến xe buýt. Trong phòng có sẵn tủ 3 buồng, giường đôi. Nhà riêng còn khá mới, gia chủ ở chỗ khác nên cho thuê, chính chủ. Có thể dùng phòng bếp nấu nướng riêng tầng 1 hoặc nấu riêng tại tầng 4. Phơi tại tầng tum tầng 4. An ninh tốt. Địa chỉ: Ngõ 11, Hà Trì 5, đường Tô Hiệu, Hà Đông, Hà Nội. Giá 3 triệu/tháng. Phù hợp cho sinh viên thuê hoặc hộ gia đình 3, 4 người. Có sẵn từ 01/05/2020. Liên hệ: Anh Thủy 0925340210.",2.0,high,2.5,22.0,unknown,phong_tro,1,0,0,0,0,0,0,1,1,0,3,5.0,0,2255,0.05,0.05,249f649b6227f46ff139,9.977,0.11363636363636363
Phòng trọ Full đồ tại phố Yên Phúc gần Nguyễn Khuyến,2400000,17,"Số 14 ngõ 4 Đường Yên Phúc, Phường Hà Đông, Hà Nội",Hà Đông,,,"Tôi cho thuê phòng trọ tại số 14 Yên Phúc, Văn Quán, Hà Đông. Gần đường Nguyễn Khuyến. - Full đồ: Điều hòa, bàn… - 301118",13/04/2020,https://phongtro123.com/tinh-thanh/ha-noi/phong-tro-full-do-tai-pho-yen-phuc-gan-nguyen-khuyen.html,phongtro123.com,2026-07-05T15:44:24.013990+00:00,0963338628,https://pt123.cdn.static123.com/images/thumbs/450x300/fit/2020/04/13/img-20200409-081449-edit_1586742213.jpg,"Tôi cho thuê phòng trọ tại số 14 Yên Phúc, Văn Quán, Hà Đông. Gần đường Nguyễn Khuyến. - Full đồ: Điều hòa, bàn ghế, giường, tủ, wifi, nóng lạnh, máy giặt ... - Camera an ninh 24/24, giờ giấc tự do. - Giếng trời mát mẻ  thông thoáng quanh năm mát mẻ. - Hàng tuần dọn dẹp vệ sinh khu vực không gian chung. - Điện 3.5k 1 số, nước 80k 1 người - Giá phòng 2.2 - 2.8 triệu - Liên hệ xem phòng : Mr Vinh",,high,2.4,17.0,Hà Đông,phong_tro,1,0,0,0,1,0,1,1,1,0,5,4.0,0,2274,0.05,0.05,8e8a1cd29fca922aca21,9.977,0.1411764705882353
"Cho thuê CCMN 1PN - DT: 30-35m2 - Gần Vạn Phúc, ngã tư Tố Hữu - Vạn Phúc - Mặt đường, ô tô đỗ tận cửa",3400000,35,"Phố Vạn Phúc, Phường Hà Đông, Hà Nội",Hà Đông,,,"CHUNG CƯ MINI 30-35M2 - 3TR4/THÁNG - ĐANG CÓ K/MẠI KHỦNG NHÀ CÓ BAN CÔNG - FULL ĐỒ - Ô TÔ ĐỖ TẬN CỬA 15/4 này, mình… - 300695",29/03/2020,https://phongtro123.com/tinh-thanh/ha-noi/cho-thue-ccmn-1pn-dt-30-35m2-gan-van-phuc-nga-tu-to-huu-van-phuc-mat-duong-o-to-do-tan-cua.html,phongtro123.com,2026-07-05T15:44:24.013990+00:00,0855100247,https://pt123.cdn.static123.com/images/thumbs/450x300/fit/2020/04/09/1_1586407837.png,"CHUNG CƯ MINI 30-35M2 - 3TR4/THÁNG - ĐANG CÓ K/MẠI KHỦNG NHÀ CÓ BAN CÔNG - FULL ĐỒ - Ô TÔ ĐỖ TẬN CỬA 15/4 này, mình (chính chủ) có 1 số căn hộ CCMN trống cần cho thuê: VỊ TRÍ: Mặt đường Ngọc Trục (Tìm trên GG Map từ khóa chính xác: Ngọc Trục 57), - 6 phút đến Đại Lộ Thăng Long - 6 phút đến ngã tư Quang Trung - Vạn Phúc - 8 phút đến ngã tư Lê Văn Lương - Tố Hữu - 10 phút đến ngã tư Nguyễn Trãi - Khuất Duy Tiến - 17 phút đến Keangnam Tòa nhà mặt đường, Ô TÔ VÀO TẬN CỬA, chỗ đỗ xe ô tô cách 20m (Tiền gửi xe ô tô chỉ có 500-600k/tháng) BAN CÔNG rộng rãi thoáng mát, phòng thiết kế ĐỈNH CAO, ánh sáng tràn ngập, bếp riêng biệt. FULL ĐỒ: Giường, tủ, điều hòa, nóng lạnh, bếp từ đôi, tủ bếp, quạt trần, đèn ngủ. Xe máy để miễn phí ở tầng 1, có khóa vân tay an toàn, Camera an ninh trong và ngoài hoạt động 24/7. Không chung chủ, giờ giấc tự do. Thích hợp với vợ chồng trẻ, dân văn phòng ở 1-2 người. Điện: 3k/số - Nước: 20k/khối KHUYẾN MÃI KHỦNG: Tặng 15 ngày đầu tiên khi đặt phòng trước 15/4 & Giảm 500k/tháng trong 2 tháng đầu tiên GIÁ THUÊ: 3TR4/THÁNG, thanh toán 1 tháng 1, cọc 1 tháng (thanh toán 3 tháng có giảm thêm) LH: (Phone/Zalo) để xem phòng ạ!",1.0,high,3.4,35.0,Hà Đông,can_ho_mini,1,0,1,0,1,0,0,1,0,1,5,3.0,0,2289,0.05,0.05,1bdb62502e52de720cbb,9.977,0.09714285714285714
"Cho thuê CCMN 1PN - DT: 30-35m2 - trên đường Tố Hữu, Gần ngã tư Tố Hữu - Vạn Phúc - Mặt đường, ô tô đỗ tận cửa",3400000,35,"Đường Tố Hữu, Phường Hà Đông, Hà Nội",Hà Đông,,,"CHUNG CƯ MINI 30-35M2 - 3TR4/THÁNG - ĐANG CÓ K/MẠI KHỦNG NHÀ CÓ BAN CÔNG - FULL ĐỒ - Ô TÔ ĐỖ TẬN CỬA 15/4 này, mình… - 300694",29/03/2020,https://phongtro123.com/tinh-thanh/ha-noi/cho-thue-ccmn-1pn-dt-30-35m2-tren-duong-to-huu-gan-nga-tu-to-huu-van-phuc-mat-duong-o-to-do-tan-cua.html,phongtro123.com,2026-07-05T15:44:24.013990+00:00,0855100247,https://pt123.cdn.static123.com/images/thumbs/450x300/fit/2020/04/09/1_1586407794.png,"CHUNG CƯ MINI 30-35M2 - 3TR4/THÁNG - ĐANG CÓ K/MẠI KHỦNG NHÀ CÓ BAN CÔNG - FULL ĐỒ - Ô TÔ ĐỖ TẬN CỬA 15/4 này, mình (chính chủ) có 1 số căn hộ CCMN trống cần cho thuê: VỊ TRÍ: Mặt đường Ngọc Trục (Tìm trên GG Map từ khóa chính xác: Ngọc Trục 57), - 6 phút đến Đại Lộ Thăng Long - 6 phút đến ngã tư Quang Trung - Vạn Phúc - 8 phút đến ngã tư Lê Văn Lương - Tố Hữu - 10 phút đến ngã tư Nguyễn Trãi - Khuất Duy Tiến - 17 phút đến Keangnam Tòa nhà mặt đường, Ô TÔ VÀO TẬN CỬA, chỗ đỗ xe ô tô cách 20m (Tiền gửi xe ô tô chỉ có 500-600k/tháng) BAN CÔNG rộng rãi thoáng mát, phòng thiết kế ĐỈNH CAO, ánh sáng tràn ngập, bếp riêng biệt. FULL ĐỒ: Giường, tủ, điều hòa, nóng lạnh, bếp từ đôi, tủ bếp, quạt trần, đèn ngủ. Xe máy để miễn phí ở tầng 1, có khóa vân tay an toàn, Camera an ninh trong và ngoài hoạt động 24/7. Không chung chủ, giờ giấc tự do. Thích hợp với vợ chồng trẻ, dân văn phòng ở 1-2 người. Điện: 3k/số - Nước: 20k/khối KHUYẾN MÃI KHỦNG: Tặng 15 ngày đầu tiên khi đặt phòng trước 15/4 & Giảm 500k/tháng trong 2 tháng đầu tiên GIÁ THUÊ: 3TR4/THÁNG, thanh toán 1 tháng 1, cọc 1 tháng (thanh toán 3 tháng có giảm thêm) LH: (Phone/Zalo) để xem phòng ạ!",1.0,high,3.4,35.0,Hà Đông,can_ho_mini,1,0,1,0,1,0,0,1,0,1,5,3.0,0,2289,0.05,0.05,cbbe0f66c4e0982f198b,9.977,0.09714285714285714
phòng ở mới xây 30m2 thông thoáng 2 đầu thời COVID,2500000,30,"8 trong ngõ 87/43/14, Hà Nội",Hà Đông,,,"Cho thuê 3 phòng mới xây, có gác xép, khép kín trong khuôn viên thoáng đãng với giếng trời và sân rộng. Tiện ích căn… - 300206",20/03/2020,https://phongtro123.com/tinh-thanh/ha-noi/phong-o-moi-xay-30m2-thong-thoang-2-dau-thoi-covid.html,phongtro123.com,2026-07-05T15:44:24.013990+00:00,0389563096,https://pt123.cdn.static123.com/images/thumbs/450x300/fit/2020/03/20/nha6_1584664644.jpg,"Cho thuê 3 phòng mới xây, có gác xép, khép kín trong khuôn viên thoáng đãng với giếng trời và sân rộng. Tiện ích căn bản wifi, nóng lạnh, Tvcab…chỗ để xe rộng rãi. Địa chỉ: tại Xóm Đình Yên Xá Diện tích sử dụng 30m2/phòng Giá thuê 2.5 triệu/phòng Nhà cách đường Chiến Thắng 300m, gần Trường Đại học Công nghệ Giao thông Vận tải, ĐH Kiến trúc Hà Nội, ĐH Sư phạm nghệ thuật TW, Học viện kỹ thuật mật mã, Học viện Quân y, Bệnh viện 103, Viện bỏng Quốc gia và Chợ Nông sản Yên Xá, Trường Mầm non, Trường Tiểu học và THCS. Thích hợp cho sinh viên, người đi làm, hộ gia đình nhiều thế hệ hoặc có con nhỏ tuổi.",,high,2.5,30.0,unknown,phong_tro,1,1,0,0,0,1,0,1,1,1,6,3.0,0,2298,0.05,0.05,e3e2ce128a10277f774f,9.977,0.08333333333333333
Cho thuê ( 02 ) phòng (View thẳng ra hồ cực đẹp),4000000,35,"Sn11, Phường Hà Đông, Hà Nội",Hà Đông,,,"Xin chào các bạn! Nhà mình còn 2 phòng trống nhà (75m2) LK Làng Việt Kiều Châu Âu trước cửa đường rộng 20m, vỉa… - 296935",05/03/2020,https://phongtro123.com/tinh-thanh/ha-noi/cho-thue-02-phong-view-thang-ra-ho-cuc-dep.html,phongtro123.com,2026-07-05T15:44:24.013990+00:00,0838828862,https://pt123.cdn.static123.com/images/thumbs/450x300/fit/2020/03/05/vk-hwba_1583416129.jpg,"Xin chào các bạn! Nhà mình còn 2 phòng trống nhà (75m2) LK Làng Việt Kiều Châu Âu trước cửa đường rộng 20m, vỉa hè để được nhiều ô tô, xe máy. - Vì nhà mình là dẫy độc lập ( 2 mặt tiền ) lên phía trước được hưởng tiện ích “ HỒ ĐIỀU HÒA” của trung tâm,phía sau là sân thể thao và vườn hoa cảnh quan dự án. ( Rất thích hợp với các bạn yêu thích Sport ). - Gần bến xe buýt, gần chợ cóc, đường lớn, khu dân trí cao, an ninh đảm bảo đi lại thuận tiện. - Hệ thống điện nước,có điều hòa, TH cáp, internet đầy đủ, đồng hồ từng phòng chỉ việc xách vali đến ở. - Bonus: Vui chơi giải trí đầy đủ – bạn nào thích xem phim thì lên tầng 3( CGV Hồ Gươm Plaza , bơi thì lên tầng 5 Green Pool nhé, Bật mí ở cạnh đó có quán café MỘC và Ốc nóng rất ngon, cần gì thì các bạn cứ search Google phát là ra cả 1 đống luôn ^^) - Kết nối giao thông : Thì các bạn cứ yên tâm nhé vì nằm gần với trục đường Nguyễn Trãi, ngay trung tâm của Hà Nội,rất thuận lợi giao thông, kinh tế,100m siêu thị Coopmart và các trường đại học Kiến Trúc, Học Viện An Ninh, Học Viện Bưu Chính Viễn Thông, bệnh viện. ( - - Hiện tại nhà đã hoàn thiện hết, liên hệ xem nhà. Địa chỉ: SN11 – LK6A – Làng Việt Kiều – Mỗ Lao - Hà Đông – HN. Liên hệ: 083.882.8862",3.0,high,4.0,35.0,Hà Đông,phong_tro,1,0,0,0,0,0,0,0,1,0,2,3.0,0,2313,0.05,0.05,e1eb992e657ce7a54a4a,9.977,0.11428571428571428
"Cho thuê phòng trọ khu vực Hà Đông, Hà Nội",2000000,20,"32 Đường Văn Phú, Hà Nội",Hà Đông,,,"Mình có ngôi nhà 5 tầng, hiện đang trống 1 phòng tầng 4. Nhà mình đầy đủ nóng lạnh, điều hoà. Có - nhà diện… - 295186",27/02/2020,https://phongtro123.com/tinh-thanh/ha-noi/thue-phong-tro-khu-vuc-ha-dong.html,phongtro123.com,2026-07-05T15:44:24.015221+00:00,0356092104,https://pt123.cdn.static123.com/images/thumbs/450x300/fit/2020/02/10/e24b49d5-764a-4988-9686-0a1a0fe620c1_1581304996.jpg,"Mình có ngôi nhà 5 tầng, hiện đang trống 1 phòng tầng 4. Nhà mình đầy đủ nóng lạnh, điều hoà. Có - nhà diện tích 20m2 có ban công riêng mỗi phòng. Hướng Đông. - có phòng ăn, phòng để xe, phòng phơi đồ riêng. - Giờ giấc đi lại thoải mái, có hệ thống camera giám sát. - ngõ 2 làn ô tô đi lại, gần mặt đường Quang Trung. Cách ngã 4 Văn phú 100m. Tiện đường đi lại đặc biệt gần trạm BRT và chợ Văn La",4.0,high,2.0,20.0,unknown,phong_tro,1,0,1,0,0,0,0,1,0,1,4,2.0,0,2320,0.05,0.05,41b132e84c4518192b78,9.977,0.1
"Cho thuê phòng ở lâu dài tại Thanh Bình, Mộ Lao, Hà Đông",4200000,40,"Đường Thanh Bình, Phường Hà Đông, Hà Nội",Hà Đông,,,"Mình có 2 phòng ở khép kín tại mặt đường Thanh Bình mới, yên tĩnh: - Mỗi phòng đều có mặt thoáng, cửa sổ lớn… - 296309",25/02/2020,https://phongtro123.com/tinh-thanh/ha-noi/cho-thue-phong-o-lau-dai-tai-thanh-binh-mo-lao-ha-dong.html,phongtro123.com,2026-07-05T15:44:24.015221+00:00,0979692899,https://pt123.cdn.static123.com/images/thumbs/450x300/fit/2020/02/25/03ccfc77f6c70e9957d6_1582619508.jpg,"Mình có 2 phòng ở khép kín tại mặt đường Thanh Bình mới, yên tĩnh: - Mỗi phòng đều có mặt thoáng, cửa sổ lớn ánh sáng tự nhiên, không khí trong lành, sạch sẽ, thoáng mát. - Vệ sinh riêng, nóng lạnh đầy đủ, khu bếp riêng, chỗ phơi đồ rộng rãi, thoáng khí. - Lối đi riêng, khu để xe riêng, an ninh tốt. - Có wifi, điện nước giá sinh hoạt. - Gần chợ, trường học,... cách đường Trần Phú 300m, giao thông thuận tiện. - Có ưu đãi cho hộ gia đình thuê dài hạn. Phòng tầng 2: - 30m2: 3,5 triệu/tháng - 40m2: 4,2 triệu/tháng (có ban công, 2 phòng ngủ như chung cư mini)",2.0,high,4.2,40.0,Hà Đông,can_ho_mini,0,1,1,0,0,0,0,1,1,1,5,2.0,0,2322,0.05,0.05,2edd5af6ce6381c771b3,9.977,0.10500000000000001
"CHO THUÊ 01 PHÒNG VIEW CỰC ĐẸP TRONG CHUNG CƯ CAO CẤP 4 PHÒNG NGỦ tổng 160M2 TẠI VĂN KHÊ, TỐ HỮU, HÀ ĐÔNG",3900000,30,"hpc landmark 105 Đường Tố Hữu, Phường Hà Đông, Hà Nội",Hà Đông,,,️CÒN ĐÚNG 01 PHÒNG CỰC ĐẸP GIÁ CỰC ƯNG LẠI SỞ HỮU CHUNG CƯ CAO CẤP NHẤT KHU VỰC️️ ----------------GIÁ NHƯ NHÀ… - 292049,23/02/2020,https://phongtro123.com/tinh-thanh/ha-noi/cho-thue-01-phong-trong-chung-cu-cao-cap-4-phong-ngu-160m2-tai-van-khe-to-huu-ha-dong.html,phongtro123.com,2026-07-05T15:44:24.015221+00:00,0974360005,https://pt123.cdn.static123.com/images/thumbs/450x300/fit/2020/02/23/1_1582447284.jpg,"️CÒN ĐÚNG 01 PHÒNG CỰC ĐẸP GIÁ CỰC ƯNG LẠI SỞ HỮU CHUNG CƯ CAO CẤP NHẤT KHU VỰC️️ ----------------GIÁ NHƯ NHÀ TRỌ--------------- ️Tại: Chung cư Cao Cấp đường Tố Hữu. ️NHƯ KHÁCH SẠN: FULL ĐỒ...MỚI TINH: - Điều hòa, Nóng lạnh... - Máy giặt, Tủ lạnh... - Sofa, bàn trà... - Thiết bị tủ bếp sang trọng... - Giường, tủ quần áo, bàn làm việc, rèm... - Phòng tắm như khách sạn... - Sàn Gỗ... Siêu tiện ích: Highland coffe, Vinmart, Aeon Mall, Bệnh Viện, Bus BRT... Tầm nhìn view rộng đẹp, thang máy + hành lang rộng siêu vip của chung cư cao cấp... ️ ĐIỆN NƯỚC giá Hoá Đơn Nhà Nước cực yêu thương️ ... --------BAN CÔNG CAFE, TRÀ ĐẠO VIEW ĐẸP--------- - Phòng ở được luôn chỉ việc xách vali tới ở INBOX để biết thêm thông tin cụ thể ạ! ️ ️ THỰC TẾ ĐẸP HƠN ẢNH Ạ!️ ️ LƯU Ý: Chung cư căn hộ có 4 phòng ngủ sử dụng riêng biệt từng phòng- Phòng khách bếp sử dụng cùng ạ (Nhà toàn nữ, mỗi phòng có 1 người thôi ạ) ️ ĐT:0974.360.005 Giá 4.2tr nay giảm cho ai ở Lâu Dài hoặc ở 1 giá 3.9tr (Xem phòng miễn phí)",,high,3.9,30.0,Hà Đông,can_ho,1,0,1,1,1,0,1,1,0,0,6,2.0,0,2324,0.05,0.05,a24ce82db593da11e265,9.977,0.13
"[MÌNH CHO THUÊ PHÒNG TRỌ FULL - HÀ TRÌ, HÀ ĐÔNG]",2000000,12,"Ngõ 2 Đường Hà Trì 1, Phường Hà Đông, Hà Nội",Hà Đông,,,"* Mình có 3 phòng cho thuê chỉ việc dọn đồ đến ở ngay + 2 Phòng 8m2 ở tầng 2, tầng 3 full nội thất (điều hòa,… - 294324",12/01/2020,https://phongtro123.com/tinh-thanh/ha-noi/minh-cho-thue-phong-tro-full-ha-tri-ha-dong.html,phongtro123.com,2026-07-05T15:44:26.719648+00:00,0979407801,https://pt123.cdn.static123.com/images/thumbs/450x300/fit/2020/01/12/20200111-072304_1578781716.jpg,"* Mình có 3 phòng cho thuê chỉ việc dọn đồ đến ở ngay + 2 Phòng 8m2 ở tầng 2, tầng 3 full nội thất (điều hòa, tủ quần áo, nóng lạnh, sàn gỗ) giá 2 triệu/tháng + 1 Phòng 12m2 ở tầng 3 full nội thất (điều hòa, giường, tủ quần áo, nóng lạnh, sàn gỗ) giá 2,3 triệu/tháng * Mô tả nhà: Nhà cách đường ô tô 50m, an ninh tốt, tiện ích đầy đủ, nhà rộng 35m2 gồm 4 tầng + Tầng 1: Để xe + WC + bếp + Tầng 2: 2 phòng + WC ở giữa + Tầng 3: 2 phòng + WC ở giữa + Tầng 4: Phòng thờ, nấu ăn, sân phơi đồ * Địa chỉ: Ngõ 2, Hà Trì 1, Hà Đông, HN Liên hệ Chủ nhà: 0979.407.801 hoặc 0838.166.836 (Lưu ý chỉ cho nam sinh viên thuê, ở tối đa 2 người/phòng)",2.0,high,2.0,12.0,Hà Đông,phong_tro,1,0,0,0,1,0,0,1,0,1,4,1.0,0,2366,0.05,0.05,38a54ce6ca75a589da1f,9.977,0.16666666666666666
Căn hộ khép kín - Full nội thất - Nguyễn Khuyến - Văn Quán,2500000,25,"Đường Nguyễn Khuyến, Phường Hà Đông, Hà Nội",Hà Đông,,,Căn hộ khép kín –Nguyễn Khuyến-Văn Quán-Liên hệ 0988367162-0886498333 Địa chỉ: 82 Phố Bạch Thái Bưởi – Đường… - 294159,06/01/2020,https://phongtro123.com/tinh-thanh/ha-noi/can-ho-khep-kin-full-noi-that-nguyen-khuyen-van-quan.html,phongtro123.com,2026-07-05T15:44:26.719648+00:00,0886498333,https://pt123.cdn.static123.com/images/thumbs/450x300/fit/2020/01/06/ff9047c02b78d2268b69_1578293145.jpg,"Căn hộ khép kín –Nguyễn Khuyến-Văn Quán-Liên hệ 0988367162-0886498333 Địa chỉ: 82 Phố Bạch Thái Bưởi – Đường Nguyễn Khuyến-Văn Quán (Gần Trường Kiến Trúc, An Ninh, ĐH Hà Nội, ĐH Công Nghệ GTVT, ĐH Bưu Chính…) -Còn 3 căn tầng 2,3,4 giá từ 2tr5/ tháng -Nội thất điều hòa, nóng lạnh,tủ lạnh, giường, tủ, kệ bếp, tủ bếp, bồn rửa phơi đồ,sofa, để xe miễn phí, camera an ninh, máy giặt… -Chính chủ miễn môi giới -Hàng tuần có người qua dọn vệ sinh chung cả nhà thường xuyên. -Không ở chung chủ. Giờ giấc đi lại thoải mái, tiếp bạn bè vô tư miễn là lịch sự -- Hợp đồng lâu dài không tăng giá, chu kỳ đóng tiền nhà 1 tháng 1 lần, đặt cọc 1 tháng tiền nhà",2.0,high,2.5,25.0,Hà Đông,can_ho,1,1,0,0,1,0,1,1,0,1,6,1.0,0,2372,0.05,0.05,7dfece0e826334db7bef,9.977,0.1
"Cho thuê nhà riêng 20m2 x 2 tầng + tum. Gần Cầu Chùa Ngòi, Hà Đông",2700000,20,"Đường Ngô Thì Nhậm, Phường Hà Đông, Hà Nội",Hà Đông,,,"Cho thuê nhà riêng 20m2 x 2 tầng + tum. Đ/c SN 37 khu TT Bê tông, ngõ 2 Nguyễn viết Xuân, gần Cầu Chùa Ngòi, Hà Đông.… - 294145",05/01/2020,https://phongtro123.com/tinh-thanh/ha-noi/cho-thue-nha-rieng-20m2-x-2-tang-tum-gan-cau-chua-ngoi-ha-dong.html,phongtro123.com,2026-07-05T15:44:26.719648+00:00,0917021966,https://phongtro123.com/images/thumb_default.svg,"Cho thuê nhà riêng 20m2 x 2 tầng + tum. Đ/c SN 37 khu TT Bê tông, ngõ 2 Nguyễn viết Xuân, gần Cầu Chùa Ngòi, Hà Đông. Điện nước trả theo hóa đơn. Giá 2,7 tr / tháng, đóng 3 tháng / lần. cách đường Quang Trung 300m, ngõ rộng, ô tô vào được, gần trường học, siêu thị. Nhà trong khu tập thể yên tĩnh, an ninh, trật tự đảm bảo, gần chợ La Khê. Lh a Bình 0917.02.1966",,high,2.7,20.0,Hà Đông,phong_tro,0,0,0,0,0,0,0,0,0,0,0,1.0,0,2373,0.05,0.05,927860e1c40dedd1307f,9.977,0.135
Còn 1 phòng trong căn chung cư 2 phòng ngủ CT6 Xa La,2200000,22,"Đường Cầu Bươu, Hà Nội",Hà Đông,,,"Còn 1 phòng ngủ trong căn chung cư 2 phòng ngủ( 75 m2 ) thuộc toà CT6 kđt Xa La. Phòng wc khép kín thoáng mát, diện tích… - 276292",04/01/2020,https://phongtro123.com/tinh-thanh/ha-noi/con-1-phong-trong-can-chung-cu-2-phong-ngu-ct6-xa-la.html,phongtro123.com,2026-07-05T15:44:26.719648+00:00,0962633610,https://pt123.cdn.static123.com/images/thumbs/450x300/fit/2019/01/11/f51ee8ae-f501-4795-b1bb-23aedfcff0f8_1547150028.jpg,"Còn 1 phòng ngủ trong căn chung cư 2 phòng ngủ( 75 m2 ) thuộc toà CT6 kđt Xa La. Phòng wc khép kín thoáng mát, diện tích khách bếp rộng rãi. Căn thuộc căn góc của toà nên thoáng mát, hướng đẹp, ban công rộng, view ban công khá đẹp. Giờ giấc tự do, tiền điện nước mang giá dân tự đóng tự chia. Giao thông thuận tiện, nằm trên mặt đường chính, cách điểm pus 50m, đối diện viện K, gần trường học viện quân y, bưu chính viễn thông, kiến trúc (ưu tiên sinh viên học viên học viện quân y và người đã đi làm) , phòng có thể ở 1-2 người( nếu ở 1 người giá phòng có thể thương lượng thêm) Tiền phòng đóng 3 tháng 1 lần",,high,2.2,22.0,unknown,can_ho,0,1,1,0,0,0,0,0,0,0,2,1.0,0,2374,0.05,0.05,ff9390e32c6f979883f3,9.977,0.1
"Nhượng Phòng Trọ Kí túc xá Domitory, số 64A Yên Phúc, Văn Quán, Hà Đông, Hà Nội",1900000,15,"số 64A Đường Yên Phúc, Phường Hà Đông, Hà Nội",Hà Đông,,,"Góc Nhượng Phòng Phòng mình kí hợp đồng là 1 năm, mình ở được 4 tháng rồi. Ở đây vệ sinh sạch sẽ, anh ninh… - 293480",30/12/2019,https://phongtro123.com/tinh-thanh/ha-noi/nhuong-phong-tro-dia-chi-ki-tuc-xa-domitory-so-64a-yen-phuc-van-quan-ha-dong-ha-noi.html,phongtro123.com,2026-07-05T15:44:26.720645+00:00,0967902473,https://pt123.cdn.static123.com/images/thumbs/450x300/fit/2019/12/20/80656529-556826035171694-2351228272227909632-n_1576827362.jpg,"Góc Nhượng Phòng Phòng mình kí hợp đồng là 1 năm, mình ở được 4 tháng rồi. Ở đây vệ sinh sạch sẽ, anh ninh tốt. Mình thì ở 1 mình nhưng phòng ở được 2,3. Khép kín nha. Nhà ngay tầng 2, không phải leo cao, không phải đợi thang máy nha Địa chỉ: Kí túc xá Domitory, số 64A Yên Phúc, Văn Quán, Hà Đông, Hà Nội Có bình nóng lạnh nhé Giá: 1tr9 Điện: 3,5 Nước: 25 Dịch vụ: 150k / người Gửi xe: 100k/xe/tháng Đóng cửa 12h nhưng nếu xin về muộn thì bác bảo vệ vẫn để cửa Video mình để dưới comment nhé Có thể dọn vào từ đầu tháng sau (1/1/2020) 0399773888- 0967902473 Thanks!!!",2.0,high,1.9,15.0,Hà Đông,phong_tro,0,1,0,1,0,0,0,1,0,1,4,12.0,0,2379,0.05,0.05,60ac7eb542dd5b36ac20,9.977,0.12666666666666665
Cho thuê nguyên tầng 65m2. Cầu thang riêng,4500000,65,"Đường Trần Phú, Phường Hà Đông, Hà Nội",Hà Đông,,,Nhà mình cho thuê nguyên tầng 2 Địa chỉ : Ngõ 108 Trần Phú Hà Đông (Cách big C hà đông 350m) Diện tích: 65m2 Gồm 1… - 293906,30/12/2019,https://phongtro123.com/tinh-thanh/ha-noi/cho-thue-nguyen-tang-65m2-cau-thang-rieng.html,phongtro123.com,2026-07-05T15:44:26.720645+00:00,0908020388,https://pt123.cdn.static123.com/images/thumbs/450x300/fit/2019/12/30/79036422-790254561422731-3716747574200238080-n_1577678519.jpg,"Nhà mình cho thuê nguyên tầng 2 Địa chỉ : Ngõ 108 Trần Phú Hà Đông (Cách big C hà đông 350m) Diện tích: 65m2 Gồm 1 ngủ có điều hòa + 01 khách (Có thể làm phòng ngủ) + 01 nhà vệ sinh có nóng lạnh + 01 khu nấu ăn riêng + 01 ban công rộng khoảng 10m2 Cầu thang riêng (Chung chủ mỗi chỗ để xe) Gần nhiều trường Mấu giáo -> đại học; chợ, siêu thị, bến bus, khu vui chơi. Ngõ rộng, gần hồ...., không bao giờ bị tắc đường Khu dân trí cao, an ninh tốt Giờ giấc thoải mái (Được giao chìa khóa) giá 4.5tr/tháng; cọc 2tr; Nước 70k/người; điện 3.5k/số Liên hệ: Phượng 0908020388 Xem nhà vào buổi tối T2-T6; cả ngày T7, CN. Nhờ add duyệt bài, em đăng lại.",2.0,high,4.5,65.0,Hà Đông,phong_tro,1,0,1,0,0,0,0,1,0,1,4,12.0,0,2379,0.05,0.05,df7d60730ddac8039d1c,9.977,0.06923076923076923
207 Phùng Hưng-Bv 103-Full nội thất,2600000,20,"207 Phố Phùng Hưng, Phường Hà Đông, Hà Nội",Hà Đông,,,"Cạnh Bệnh Viện 103-207 Phùng Hưng ( Gần bệnh viện 103, Bv Thiên Đức, Trường Kiến Trúc, An Ninh, ĐH Bưu Chính…) -… - 290801",23/12/2019,https://phongtro123.com/tinh-thanh/ha-noi/207-phung-hung-bv-103-full-noi-that.html,phongtro123.com,2026-07-05T15:44:26.720645+00:00,0886498333,https://pt123.cdn.static123.com/images/thumbs/450x300/fit/2019/11/04/195ed70374eb92b5cbfa_1572856947.jpg,"Cạnh Bệnh Viện 103-207 Phùng Hưng ( Gần bệnh viện 103, Bv Thiên Đức, Trường Kiến Trúc, An Ninh, ĐH Bưu Chính…) - Nhà mình có phòng full nội thất giá 2tr6/ tháng - Diện tích 20m2 - Full nội thất điều hòa,quạt trần, nóng lạnh, giường, tủ , phơi đồ,kệ bếp, để xe miễn phí, camera an ninh, máy giặt… - Internet cáp quang tốc độ cao, điện nước công tơ riêng. - Miễn phí chỗ để xe máy, có camera yên tâm an ninh. - Liên hệ: 0988367162-0886498333 - Chính chủ miễn môi giới - Điện 3,5k/ số - Nước 80k/ người. - Hàng tuần có người qua dọn vệ sinh chung cả nhà thường xuyên. - Không ở chung chủ. Giờ giấc đi lại thoải mái, tiếp bạn bè vô tư miễn là lịch sự - Hợp đồng lâu dài không tăng giá, chu kỳ đóng tiền nhà 1 tháng 1 lần, đặt cọc 1 tháng tiền nhà",,high,2.6,20.0,Hà Đông,phong_tro,1,0,0,0,1,0,1,1,1,1,6,12.0,0,2386,0.05,0.05,041eb242872f74bad99e,9.977,0.13
"CHO THUÊ PHỒNG CCMN FULL ĐỒ KHÉP KÍN, SẠCH ĐẸP",2900000,25,Hà Nội,Hà Đông,,,"CHO THUÊ PHÒNG CCMN - FULL ĐỒ Gía chỉ từ 2tr9 / tháng Khoá vân tay, đi đến 3h sáng không lo khoá cổng Chỗ để xe… - 293558",22/12/2019,https://phongtro123.com/tinh-thanh/ha-noi/cho-thue-phong-ccmn-full-do-khep-kin-sach-dep.html,phongtro123.com,2026-07-05T15:44:26.720645+00:00,0784784333,https://pt123.cdn.static123.com/images/thumbs/450x300/fit/2019/12/22/1e367be4cccd35936cdc_1576997769.jpg,"CHO THUÊ PHÒNG CCMN - FULL ĐỒ Gía chỉ từ 2tr9 / tháng Khoá vân tay, đi đến 3h sáng không lo khoá cổng Chỗ để xe rộng rãi, sức chứa 30-50 xe Nhà vệ sinh khép kín, không chung chủ Tặng ngay 300k cho 10 người đầu tiên gọi qua số 0784.784.333 hoặc 0373.222.962 Yên tâm nhà chính chủ xem thoải mái, không mất phí xem Địa chỉ phòng: Trung Văn, HN",,high,2.9,25.0,unknown,can_ho_mini,0,1,0,0,1,0,0,0,0,1,3,12.0,0,2387,0.05,0.05,3dbe4ab2403fc0c18a1e,9.977,0.11599999999999999
"Phòng trọ Quang Trung, Hà Đông",3500000,25,"D5,NGÕ 6 Đường Bế Văn Đàn, Phường Hà Đông, Hà Nội",Hà Đông,,,"Chính chủ cho thuê CCMN mới 100% 6 tầng khép kín, có thang máy cực đẹp. Địa chỉ:D5 , Ngõ 6 , Bế Văn Đàn , Quang Trung… - 293526",21/12/2019,https://phongtro123.com/tinh-thanh/ha-noi/phong-tro-quang-trung-ha-dong.html,phongtro123.com,2026-07-05T15:44:26.720645+00:00,0824547408,https://pt123.cdn.static123.com/images/thumbs/450x300/fit/2019/12/21/15769331330104650016200088155042_1576933154.jpg,"Chính chủ cho thuê CCMN mới 100% 6 tầng khép kín, có thang máy cực đẹp. Địa chỉ:D5 , Ngõ 6 , Bế Văn Đàn , Quang Trung , Hà Đông(cách bệnh viện đa khoa Hà Đông 300m, gần chợ , trường học ,cách đường Quang trung 150m, đi bộ ra xe buýt 5 phút, đường trước nhà ô tô qua lại thoải mái...) ----------------------------------------------- Diện tích: Phòng 25m2. Nội thất: có THANG MÁY, lắp đặt sẵn 100% nóng lạnh, điều hòa , kệ bếp, bếp từ đơn chậu rửa, giường, tủ quần áo ,máy giặt , hệ thống vệ sinh hiện đại , internet cực mạnh, các phòng đều thiết kế cửa sổ cực thoáng mát, giặt đồ, phơi đồ trong phòng hoặc trên tầng thượng rộng rãi... ------------------------------------------------ Tầng 1 hầm để xe rộng miễn phí. ------------------------------------------------ An ninh tuyệt đối: cửa ra vào lắp khóa thẻ cực kỳ an toàn. điện 3000đ/KwH, nước mỗi phòng có đồng hồ riêng. internet 50k/tháng. Thang máy 50k/phòng (không thu thêm bất kỳ phí phát sinh nào)",1.0,high,3.5,25.0,Hà Đông,can_ho_mini,1,1,0,1,0,0,1,1,1,1,7,12.0,0,2388,0.05,0.05,dc718db10777bfe6ff32,9.977,0.14
Cho thuê phòng trọ trong chung cư vui vẻ,2200000,20,"210 Đường Quang Trung, Phường Hà Đông, Hà Nội",Hà Đông,,,"Cho thuê 1 phòng trong chung cư 3 phòng ngủ tại 210 quang trung hà đông vị trí thuận lợi ngay mặt được Quang Trung,… - 293284",17/12/2019,https://phongtro123.com/tinh-thanh/ha-noi/cho-thue-phong-tro-trong-chung-cu-vui-ve.html,phongtro123.com,2026-07-05T15:44:26.720645+00:00,0397892388,https://pt123.cdn.static123.com/images/thumbs/450x300/fit/2019/12/17/de801d8f375fce01974e_1576546397.jpg,"Cho thuê 1 phòng trong chung cư 3 phòng ngủ tại 210 quang trung hà đông vị trí thuận lợi ngay mặt được Quang Trung, gần ngay metrol hà đông, an ninh có bảo vệ 24/24 . Siêu thị, hiệu thuốc ngay dưới sảnh. Tiện lợi chuyển vào giữa tháng này hoặc cuối tháng : ko chung chủ, giờ giấc thoải mái. để xe ở hầm có cam & bảo vệ trông coi 24/24 điện nước giá dân chia đầu người phòng có cửa sổ và ban công riêng, ️️ Là phòng rộng nhất trong căn. wc ở ngoài, nhà có đồ căn bản, nóng lạnh kệ bếp, có máy giặt , có đồ bếp cơ bản chỉ việc sắm đồ trong phòng các bạn thôi. nhà hiện có 2 phòng ở nên cho thuê 1 phòng còn lại + có thể ở 3 ng, nam nữ đều đc ( đôi yêu nhau, or vk ck trẻ chưa con cái) ưu tiên người đi làm Ưu tiên các bạn có ý thức giữ gìn vệ sinh chung, vui tính, hoà đồng. : có thang máy có thẻ quẹt lên nhà. giá thuê 2tr2 ( đóng 1 tháng cọc 1 tháng) or phòng khép kín có điều hoà, nóng lạnh dát giường giá là 2tr7 /1 tháng Liên hệ em xem nhà nhé . Có thể đến xem nhà vào buổi tối or thứ 7 chủ nhật. Qua alo mình nhé 0982651153 Đc: 210 Quang Trung Hà Đông, toà unimax",,high,2.2,20.0,Hà Đông,can_ho,1,1,1,1,0,0,1,1,0,1,7,12.0,0,2392,0.05,0.05,1eaa04b248f8c7256bbe,9.977,0.11000000000000001
"PHÒNG TRỌ KHÉP KÍN 27M PHƯỜNG PHÚC LA, HÀ ĐÔNG",2500000,27,"105 Đường Yên Bình, Phường Hà Đông, Hà Nội",Hà Đông,,,"Nhà mình hiện có phòng khép kín tại tầng 5, diện tích 27 m2 trong khu nhà chung cư mini của gia đình cần cho thuê. Phòng… - 288649",16/12/2019,https://phongtro123.com/tinh-thanh/ha-noi/phong-tro-khep-kin-27m-phuong-phuc-la-ha-dong.html,phongtro123.com,2026-07-05T15:44:26.720645+00:00,0983382812,https://pt123.cdn.static123.com/images/thumbs/450x300/fit/2019/09/29/67262637-452419622007868-393134303816450048-n_1569747145.jpg,"Nhà mình hiện có phòng khép kín tại tầng 5, diện tích 27 m2 trong khu nhà chung cư mini của gia đình cần cho thuê. Phòng mới xây nên rộng rãi, thoáng mát, sạch sẽ, có cầu thang máy, chỗ phơi đồ, để xe, camera an ninh, trang bị sẵn bình nóng lạnh và quạt trần. Điện, Nước có công tơ riêng. Giao thông thuận tiện, ô tô vào thoải mái. Địa điểm gần viện 103, trường tiểu học Văn Yên, UBND phường Phúc La, sân bóng Phúc La, chợ Yên Phúc, cách bến xe buýt khoảng 200m, thuận tiện cho giao thông và sinh hoạt.",5.0,high,2.5,27.0,Hà Đông,can_ho_mini,0,1,0,1,0,0,0,1,0,1,4,12.0,0,2393,0.05,0.05,25b6a3e1e801ffb5db42,9.977,0.09259259259259259
"Cho thuê nhà trọ khép kín, có gác xép, mặt đường, giao thông thuận tiện",3000000,30,"296, Phường Hà Đông, Hà Nội",Hà Đông,,,"Cho thuê phòng trọ khép kín rộng 30m2, có gác xép rộng 10m2. Nhà mặt đường, mặt tiền khoảng 5m, hướng Nam hơi… - 292571",03/12/2019,https://phongtro123.com/tinh-thanh/ha-noi/cho-thue-nha-tro-khep-kin-co-gac-xep-mat-duong-giao-thong-thuan-tien.html,phongtro123.com,2026-07-05T15:44:26.720645+00:00,0983548185,https://phongtro123.com/images/thumb_default.svg,"Cho thuê phòng trọ khép kín rộng 30m2, có gác xép rộng 10m2. Nhà mặt đường, mặt tiền khoảng 5m, hướng Nam hơi chếch Tây. Gần bể bơi La Khê, gần vòng xuyến Lê Trọng Tấn Tố Hữu.",,high,3.0,30.0,Hà Đông,phong_tro,0,1,0,0,0,1,0,0,0,0,2,12.0,0,2406,0.05,0.05,ca514201df2ee1c11f10,9.977,0.1
241 Chiến Thắng-Văn Quán-Full nội thất,2300000,20,"Đường Chiến Thắng, Phường Hà Đông, Hà Nội",Hà Đông,,,"#CHÍNHCHỦ #CHOTHUÊ #CHIẾN THẮNG #VĂN QUÁN Ngõ 241 Chiến Thắng-Văn Quán-Hà Đông ( Gần Trường Kiến Trúc, An Ninh, ĐH… - 281548",21/11/2019,https://phongtro123.com/tinh-thanh/ha-noi/241-chien-thang-van-quan-full-noi-that.html,phongtro123.com,2026-07-05T15:44:26.720645+00:00,0886498333,https://pt123.cdn.static123.com/images/thumbs/450x300/fit/2019/05/09/z1371151043438-507058bbe04165c5f11ff6a9468e3551_1557390517.jpg,"#CHÍNHCHỦ #CHOTHUÊ #CHIẾN THẮNG #VĂN QUÁN Ngõ 241 Chiến Thắng-Văn Quán-Hà Đông ( Gần Trường Kiến Trúc, An Ninh, ĐH Hà Nội, ĐH Công Nghệ GTVT, ĐH Bưu Chính…) Liên hệ: 0886498333-0988367162 - Ngõ rộng ô tô đỗ cửa - Còn 2 phòng tầng 3 giá 2tr3 -Thanh toán cọc 1 đóng 1 Mô tả chung - Full nội thất điều hòa, nóng lạnh, giường, tủ,bàn uống tra, kệ bếp, phơi đồ, để xe miễn phí, camera an ninh, máy giặt… - Chính chủ miễn môi giới - Điện 3,5k/ số - Nước 80k/ người. - Hàng tuần có người qua dọn vệ sinh chung cả nhà thường xuyên. - Không ở chung chủ. Giờ giấc đi lại thoải mái, tiếp bạn bè vô tư miễn là lịch sự - Hợp đồng lâu dài không tăng giá, chu kỳ đóng tiền nhà 1 tháng 1 lần, đặt cọc 1 tháng tiền nhà",3.0,high,2.3,20.0,Hà Đông,phong_tro,1,0,0,0,1,0,1,1,0,1,5,11.0,0,2418,0.05,0.05,8157d94add72c92c0ff3,9.977,0.11499999999999999
Cho thuê phòng trọ 35m2 KDT Văn Quán,3500000,35,"B14TT17 Đường Yên Bình, Phường Hà Đông, Hà Nội",Hà Đông,,,"- Phòng rộng 35 m2 - Khép kín - Có nóng lạnh, điều hòa, 2 giường 1,6 x2 m, tủ gỗ 4 ngăn, sàn gỗ. - Có Wifi, máy… - 291716",18/11/2019,https://phongtro123.com/tinh-thanh/ha-noi/cho-thue-phong-tro-35m2-kdt-van-quan.html,phongtro123.com,2026-07-05T15:44:26.720645+00:00,0977431335,https://pt123.cdn.static123.com/images/thumbs/450x300/fit/2019/11/18/img-1573558926851-1573999480329_1574052081.jpg,"- Phòng rộng 35 m2 - Khép kín - Có nóng lạnh, điều hòa, 2 giường 1,6 x2 m, tủ gỗ 4 ngăn, sàn gỗ. - Có Wifi, máy giặt - Có nhà để xe máy - Mặt đường rộng 5 m - Tự quản",,high,3.5,35.0,Hà Đông,phong_tro,1,1,0,0,0,0,1,1,1,1,6,11.0,0,2421,0.05,0.05,011152ddf224169e8142,9.977,0.1
"Cho thuê phòng phố Nguyễn Trãi, phường Nguyễn Trãi, quận Hà Đông, Hà Nội",1800000,18,"12 Đường Nguyễn Trãi, Hà Nội",Hà Đông,,,"Nhà còn 01 phòng tầng 3 cần cho thuê, yên tĩnh, thoáng mát, sạch sẽ, an ninh trật tự đảm bảo, không chung chủ… - 291019",07/11/2019,https://phongtro123.com/tinh-thanh/ha-noi/cho-thue-phong-pho-nguyen-trai-phuong-nguyen-trai-quan-ha-dong-ha-noi.html,phongtro123.com,2026-07-05T15:44:26.720645+00:00,0916994113,https://pt123.cdn.static123.com/images/thumbs/450x300/fit/2019/11/07/8248db5e0addec83b5cc_1573124039.jpg,"Nhà còn 01 phòng tầng 3 cần cho thuê, yên tĩnh, thoáng mát, sạch sẽ, an ninh trật tự đảm bảo, không chung chủ nhà. Địa chỉ: Số nhà 12, Tổ 1, phố Nguyễn Trãi, Phường Nguyễn Trãi, Q. Hà Đông (Đối diện chợ Hà Đông, cách khoảng 50m, giao thông thuận tiện). Net có sẵn + điện + nước giá cực rẻ theo giá nhà nước. Nhà có nóng lạnh, Có sân thượng để giặt, phơi quần áo rất thoáng. Có chỗ nấu ăn riêng không chung phòng ngủ. Chỗ để xe tầng 1, giờ giấc thoải mái, có chìa khóa riêng. An ninh rất tốt. Ưu tiên cho người đang đi làm cho doanh nghiệp hoặc cơ quan nhà nước. Yêu cầu ở sạch sẽ, gọn gàng, ngăn nắp, trung thực, thật thà, k tắt mắt. Giá phòng: 1.8tr / tháng, đóng 3 tháng một lần. Ai có nhu cầu liên hệ trực tiếp (không qua trung gian): Anh Chức - 0916994113.",3.0,high,1.8,18.0,unknown,phong_tro,0,0,0,0,0,0,0,1,0,1,2,11.0,0,2432,0.05,0.05,7e90ee65debdb3fcd568,9.977,0.1
Cho thuê phòng trọ SẠCH ĐẸP trong khu đô thị Văn Quán,2500000,30,"48 Đường Bạch Thái Bưởi, Phường Hà Đông, Hà Nội",Hà Đông,,,"Cho thuê phòng. - Phòng đẹp DT: 20-30m2 có điều hòa, quạt trần, nóng lạnh, giường, tủ, ban công, cửa sổ thoáng mát,… - 289858",30/10/2019,https://phongtro123.com/tinh-thanh/ha-noi/cho-thue-phong-tro-sach-dep-trong-khu-do-thi-van-quan.html,phongtro123.com,2026-07-05T15:44:26.721649+00:00,0968811962,https://pt123.cdn.static123.com/images/thumbs/450x300/fit/2019/10/20/1b265aae6dc78b99d2d6_1571571887.jpg,"Cho thuê phòng. - Phòng đẹp DT: 20-30m2 có điều hòa, quạt trần, nóng lạnh, giường, tủ, ban công, cửa sổ thoáng mát, ánh sáng tự nhiên. Đảm bảo xem là thích. - Không gian chung yên tĩnh sạch sẽ, có vệ sinh lau dọn hàng tuần. - Internet cáp quang tốc độ cao, điện nước công tơ riêng. - Miễn phí chỗ để xe máy, có camera yên tâm an ninh. - Không chung chủ, giờ giấc thoải mái. - Điện 3.500đ/1 số - Giá: 2,5 -3,3 tr/tháng. Thanh toán 1 tháng/1 lần, đặt cọc 1 tháng - Địa chỉ: Số 48 Bạch Thái Bưởi khu đô thị Văn Quán - Hà Đông Liên hệ: chú Cường 0902222994 - 0968811962",,high,2.5,30.0,Hà Đông,phong_tro,1,0,1,0,0,0,0,1,1,1,5,10.0,0,2440,0.05,0.05,54817167377dc6d1fc87,9.977,0.08333333333333333
"Cho thuê phòng trọ khép kín khu vực Văn Quán, Hà Đông",1800000,15.5,"Số 10 ngách 114/9 ngõ 11 Đường số 19/5, Phường Hà Đông, Hà Nội",Hà Đông,,,"Cho thuê phòng trọ khép kín. Phòng thoáng mát, có gác lửng, gần chợ, bến xe buýt, bệnh viện và nhiều trường đại… - 288767",01/10/2019,https://phongtro123.com/tinh-thanh/ha-noi/cho-thue-phong-tro-khep-kin-khu-vuc-van-quan-ha-dong.html,phongtro123.com,2026-07-05T15:44:26.721649+00:00,0979562115,https://phongtro123.com/images/thumb_default.svg,"Cho thuê phòng trọ khép kín. Phòng thoáng mát, có gác lửng, gần chợ, bến xe buýt, bệnh viện và nhiều trường đại học như Kiến Trúc, Học viện An ninh, Bưu chính viễn thông, v.v Ở 2 người giá 1.800.000đ/tháng Ở 3 người giá 1.900.000đ/tháng Ở 4 người giá 2.000.000đ/tháng Liên hệ: Ông Tuyến 0398048011",,high,1.8,15.5,Hà Đông,phong_tro,0,1,0,0,0,1,0,0,0,0,2,10.0,0,2469,0.05,0.05,f1fb4a88f355e2a2d490,9.977,0.11612903225806452
Cho thuê phòng trọ khu vực Hà Đông cạnh trường ĐHSP Nhạc Hoạ,2800000,20,"Số nhà 22+24 ngõ 55 trần phú Đường Trần Phú, Phường Hà Đông, Hà Nội",Hà Đông,,,Phòng trọ sạch đẹp.khép kín tầng 4 trong toà 6 tầng.có tầng 1 để xe.ko chung chủ .camera giám sát 24/7.thoáng mát.có… - 287426,07/09/2019,https://phongtro123.com/tinh-thanh/ha-noi/cho-thue-phong-tro-khu-vuc-ha-dong-canh-truong-dhsp-nhac-hoa.html,phongtro123.com,2026-07-05T15:44:28.851554+00:00,0981121119,https://pt123.cdn.static123.com/images/thumbs/450x300/fit/2019/09/07/8976c577-e445-452d-986d-ccf6d71267a6_1567789526.jpg,"Phòng trọ sạch đẹp.khép kín tầng 4 trong toà 6 tầng.có tầng 1 để xe.ko chung chủ .camera giám sát 24/7.thoáng mát.có ban công rộng để nấu nướng phơi quần áo.có Điều Hoà,Nóng Lạnh....",4.0,high,2.8,20.0,Hà Đông,phong_tro,1,1,1,0,0,0,0,1,0,1,5,9.0,0,2493,0.05,0.05,6f34625ec6b68cc21fb6,9.977,0.13999999999999999
Phòng trọ cho nam thuê đang đi làm hoặc sinh viên,1900000,14,"131c ktt công an dãy k tổ 1 Đường Đa Sĩ, Phường Kiến Hưng, Hà Nội",Hà Đông,,,Hiện nhà mình còn trống 01 phòng trên tầng 3 nên các bạn nam đang đi làm hoặc sinh viên có nhu cầu thì liên hệ. Phòng… - 287133,01/09/2019,https://phongtro123.com/tinh-thanh/ha-noi/phong-tro-cho-nam-thue-dang-di-lam-hoac-sinh-vien.html,phongtro123.com,2026-07-05T15:44:28.852553+00:00,0982024384,https://pt123.cdn.static123.com/images/thumbs/450x300/fit/2019/09/01/image_1567304231.jpg,"Hiện nhà mình còn trống 01 phòng trên tầng 3 nên các bạn nam đang đi làm hoặc sinh viên có nhu cầu thì liên hệ. Phòng sạch sẽ, có wifi chỗ để xe , tolet tầng riêng, nóng lạnh.",3.0,high,1.9,14.0,Kiến Hưng,phong_tro,0,0,0,0,0,0,0,1,1,1,3,9.0,0,2499,0.05,0.05,8e7fee9f359478d622f6,10.623,0.1357142857142857
Cho thuê phòng trọ 11m2 Văn Quán,1500000,11,"Đường Trần Phú, Phường Hà Đông, Hà Nội",Hà Đông,,,"Cho thuê phòng diện tích 11m2 trên tầng 3, phù hợp cho 1 người ở. Vị trí cách mặt đường Trần Phú 200m , cách các… - 286885",25/08/2019,https://phongtro123.com/tinh-thanh/ha-noi/cho-thue-phong-tro-11m2-van-quan.html,phongtro123.com,2026-07-05T15:44:28.852553+00:00,0971057325,https://pt123.cdn.static123.com/images/thumbs/450x300/fit/2019/08/25/20190825-201208_1566750354.jpg,"Cho thuê phòng diện tích 11m2 trên tầng 3, phù hợp cho 1 người ở. Vị trí cách mặt đường Trần Phú 200m , cách các trường Bưu chính viễn thông, Kiến trúc, 700m. Phòng sạch sẽ, thoáng mát, có sẵn giường, nóng lạnh. Có chỗ để xe ở tầng 1 + chỗ nấu ăn trên tầng 4. Giờ giấc tự do, không chung chủ. Ưu tiên nữ. Điện 3.5k/số, Nước + Wifi 150k/người/tháng.",3.0,high,1.5,11.0,Hà Đông,phong_tro,0,0,0,0,0,0,0,1,1,1,3,8.0,0,2506,0.05,0.05,df7d60730ddac8039d1c,9.977,0.13636363636363635
Cho thuê phòng trọ Văn Quán Hà Đông,2000000,15,"Đường Trần Phú, Phường Hà Đông, Hà Nội",Hà Đông,,,"Cho thuê phòng diện tích 15m2 trên tầng 3, phù hợp cho 2 người ở. Vị trí cách mặt đường Trần Phú 200m , cách các… - 286884",25/08/2019,https://phongtro123.com/tinh-thanh/ha-noi/cho-thue-phong-tro-van-quan-ha-dong.html,phongtro123.com,2026-07-05T15:44:28.852553+00:00,0971057325,https://pt123.cdn.static123.com/images/thumbs/450x300/fit/2019/08/25/img-0921_1566750132.jpg,"Cho thuê phòng diện tích 15m2 trên tầng 3, phù hợp cho 2 người ở. Vị trí cách mặt đường Trần Phú 200m , cách các trường Bưu chính viễn thông, Kiến trúc, 700m. Phòng sạch sẽ, thoáng mát, có đủ nội thất giường +tủ, nóng lạnh. Có chỗ để xe ở tầng 1 + chỗ nấu ăn trên tầng 4. Giờ giấc tự do, không chung chủ. Ưu tiên nữ. Điện 3.5k/số, Nước + Wifi 150k/người/tháng.",3.0,high,2.0,15.0,Hà Đông,phong_tro,0,0,0,0,0,0,0,1,1,1,3,8.0,0,2506,0.05,0.05,df7d60730ddac8039d1c,9.977,0.13333333333333333
Cho Thuê Phòng khu vực Yên Phúc - Hà Đông,3000000,25,"Đường Yên Phúc, Phường Hà Đông, Hà Nội",Hà Đông,,,"Cho thuê phòng tại số 1, ngõ 2, Yên Phúc, Phúc La, Hà Đông, Hà Nội. - Phòng có diện tích 20 - 35 m2 tại Yên Phúc, Phúc… - 285694",29/07/2019,https://phongtro123.com/tinh-thanh/ha-noi/cho-thue-phong-khu-vuc-yen-phuc-ha-dong.html,phongtro123.com,2026-07-05T15:44:28.852553+00:00,0906244936,https://phongtro123.com/images/thumb_default.svg,"Cho thuê phòng tại số 1, ngõ 2, Yên Phúc, Phúc La, Hà Đông, Hà Nội. - Phòng có diện tích 20 - 35 m2 tại Yên Phúc, Phúc La, Hà Đông. - Nhà mới xây, thiết kế đẹp, tinh tế, thuận tiện sinh hoạt, thoáng đãng. - Phòng bếp riêng, khép kín, tủ bếp gỗ, phòng vệ sinh - Có bình nóng lạnh và ban công riêng cho từng phòng. - Có thang máy.Tầng 1 để xe - Cách chợ 100m, trường học 200m, bệnh viện 600m, phòng khám 130m, siêu thị 500m gần quán cà phê, sân bóng thuận tiện sinh hoạt. -Gần trường ĐH Kiến Trúc, ĐH An Ninh, Bưu Chính Viến Thông, HV Kỹ Thuật Mật Mã, HV Quân Y 103, Cao Đẳng Nghệ Thuật Trung Ương 1 - Đường rộng, ô tô đỗ trước cửa. - Chính chủ, miễn trung gian. - Mọi chi tiết liên hệ Chị Ninh 0906244936",1.0,high,3.0,25.0,Hà Đông,phong_tro,1,1,1,1,0,0,0,1,0,1,6,7.0,0,2533,0.05,0.05,934d173788959e62a9ec,9.977,0.12
Ngõ 23 Nguyễn Khuyến-Phòng trong nhà Biệt Thự cạnh Hồ Văn Quán,3200000,25,"Đường Nguyễn Khuyến, Phường Hà Đông, Hà Nội",Hà Đông,,,"PHÒNG BIỆT THỰ-CẠNH HỒ VĂN QUÁN-NGÕ 23 NGUYỄN KHUYẾN HÀ ĐÔNG ( Gần Trường Kiến Trúc, An Ninh, ĐH Hà Nội, ĐH Công… - 286268",11/08/2019,https://phongtro123.com/tinh-thanh/ha-noi/ngo-23-nguyen-khuyen-phong-trong-nha-biet-thu-canh-ho-van-quan.html,phongtro123.com,2026-07-05T15:44:28.852553+00:00,0886498333,https://phongtro123.com/images/thumb_default.svg,"PHÒNG BIỆT THỰ-CẠNH HỒ VĂN QUÁN-NGÕ 23 NGUYỄN KHUYẾN HÀ ĐÔNG ( Gần Trường Kiến Trúc, An Ninh, ĐH Hà Nội, ĐH Công Nghệ GTVT, ĐH Bưu Chính…) - Nhà liền kề đẹp full nội thất-Chỉ việc mang vali vào ở - Đóng 1 cọc 1 tháng - Liên hệ: 0988367162 Mô tả chung - Full nội thất điều hòa, nóng lạnh, giường, tủ , phơi đồ, để xe miễn phí, camera an ninh, máy giặt, kệ bếp… - Chính chủ miễn môi giới - Điện 3,5k/ số - Nước 80k/ người. - Hàng tuần có người qua dọn vệ sinh chung cả nhà thường xuyên. - Không ở chung chủ. Giờ giấc đi lại thoải mái, tiếp bạn bè vô tư miễn là lịch sự - Hợp đồng lâu dài không tăng giá, chu kỳ đóng tiền nhà 1 tháng 1 lần, đặt cọc 1 tháng tiền nhà Liên hệ: 0988367162",,high,3.2,25.0,Hà Đông,phong_tro,1,0,0,0,1,0,1,1,0,1,5,8.0,0,2520,0.05,0.05,7dfece0e826334db7bef,9.977,0.128
"Phòng biệt thự - khu đô thị Văn Quán - Số 82 Nguyễn Khuyến, Hà Đông",3500000,30,"Đường Nguyễn Khuyến, Phường Hà Đông, Hà Nội",Hà Đông,,,"Phòng biệt thự - khu đô thị Văn Quán - Số 82 Nguyễn Khuyến, Hà Đông (gần trường Kiến Trúc, An Ninh, ĐH Hà Nội, ĐH… - 285590",26/07/2019,https://phongtro123.com/tinh-thanh/ha-noi/phong-biet-thu-khu-do-thi-van-quan-so-82-nguyen-khuyen-ha-dong.html,phongtro123.com,2026-07-05T15:44:28.852553+00:00,0967902473,https://phongtro123.com/images/thumb_default.svg,"Phòng biệt thự - khu đô thị Văn Quán - Số 82 Nguyễn Khuyến, Hà Đông (gần trường Kiến Trúc, An Ninh, ĐH Hà Nội, ĐH Công Nghệ GTVT, ĐH Bưu Chính). - Nhà liền kề đẹp full nội thất - Chỉ việc mang vali vào ở. - Còn 1 căn tầng 3. - Giá 3tr5/tháng. Đóng 1 cọc 1 tháng (ở được luôn). Mô tả chung. - Full nội thất điều hòa, nóng lạnh, giường, tủ, phơi đồ, để xe miễn phí, camera an ninh, máy giặt, kệ bếp. - Chính chủ miễn môi giới. - Điện 3,5k/ số. - Nước 80k/ người. - Hàng tuần có người qua dọn vệ sinh chung cả nhà thường xuyên. - Không ở chung chủ. Giờ giấc đi lại thoải mái, tiếp bạn bè vô tư miễn là lịch sự - Hợp đồng lâu dài không tăng giá, chu kỳ đóng tiền nhà 1 tháng 1 lần, đặt cọc 1 tháng tiền nhà. Liên hệ: 0988367162",3.0,high,3.5,30.0,Hà Đông,phong_tro,1,0,0,0,1,0,1,1,0,1,5,7.0,0,2536,0.05,0.05,7dfece0e826334db7bef,9.977,0.11666666666666667
"Cho thuê tầng 3 làm phòng ở, văn phòng",2600000,40,"Đường La Dương, Phường Dương Nội, Hà Nội",Hà Đông,,,"Do chưa có nhu cầu sử dụng nên cho thuê tầng 3 gồm 1 nhà vệ sinh, 2 phòng ngủ mới 100/% chưa sử dụng, thoáng, sạch… - 283520",14/07/2019,https://phongtro123.com/tinh-thanh/ha-noi/cho-thue-tang-3-lam-phong-o-van-phong-2.html,phongtro123.com,2026-07-05T15:44:28.852553+00:00,0949673066,https://phongtro123.com/images/thumb_default.svg,"Do chưa có nhu cầu sử dụng nên cho thuê tầng 3 gồm 1 nhà vệ sinh, 2 phòng ngủ mới 100/% chưa sử dụng, thoáng, sạch sẽ, tiện giao thông, chợ...",3.0,high,2.6,40.0,Dương Nội,phong_tro,0,0,0,0,0,0,0,0,0,0,0,7.0,0,2548,0.05,0.05,4cffe5e168e5f4f76bf0,11.461,0.065
Homestay giường tầng giá rẻ,1500000,27,"Đường Đại An, Phường Hà Đông, Hà Nội",Hà Đông,,,"EM thích phòng đẹp, nhưng giá lại siêu rẻ??? Lựa chọn hoàn hảo, chắc chắn là HOMESTAY 149 ĐẠI AN --- Liên hệ… - 284725",08/07/2019,https://phongtro123.com/tinh-thanh/ha-noi/homestay-giuong-tang-gia-re.html,phongtro123.com,2026-07-05T15:44:28.852553+00:00,0968260596,https://phongtro123.com/images/thumb_default.svg,"EM thích phòng đẹp, nhưng giá lại siêu rẻ??? Lựa chọn hoàn hảo, chắc chắn là HOMESTAY 149 ĐẠI AN --- Liên hệ Ms.Linh: 0968260596 __________________ ▪️Dành cho ace đang tìm phòng khu vực Hà Đông ▪️Khai trương Homestay mới tinh ▪️ Địa chỉ: 149 Đại An, Gần Đại học Kiến trúc – Học viện An Ninh ▪️Thiết bị và dịch vụ : Điều hòa , Nóng Lạnh , Chăn ga gối đệm , Giường , Tủ, Bàn bếp, Tủ Lạnh,…. ▪️ Trọn gói tiền nhà + full dịch vụ chỉ với 1.500.000vnđ/ng/tháng",,high,1.5,27.0,Hà Đông,phong_tro,1,0,0,0,0,0,0,1,0,0,2,7.0,0,2554,0.05,0.05,60db60a56803594b2a1a,9.977,0.05555555555555555
Cho thuê phòng trọ giá rẻ Quận Hà Đông,1700000,20,"Đường Cầu Đơ, Phường Hà Đông, Hà Nội",Hà Đông,,,"- Hiện tại bên mình đang có phòng trọ cho thuê diện tích khoảng 18-20m2 - Phòng trọ thoáng mát, sạch sẽ, có chỗ… - 284101",26/06/2019,https://phongtro123.com/tinh-thanh/ha-noi/cho-thue-phong-tro-gia-re-quan-ha-dong.html,phongtro123.com,2026-07-05T15:44:28.852553+00:00,0961168626,https://phongtro123.com/images/thumb_default.svg,"- Hiện tại bên mình đang có phòng trọ cho thuê diện tích khoảng 18-20m2 - Phòng trọ thoáng mát, sạch sẽ, có chỗ để xe, có sân phơi đồ - Phòng khép kín, có nóng lạnh, điều hoà - Gần đường lớn, gần bến xe buýt, gần siêu thị, trường học, bệnh viện, nhà thi đấu thể thao... - Phù hợp với các bạn sinh viên, các bạn đang đi làm, gia đình các bạn có nhu cầu thuê liên hệ cô Hương chủ nhà sđt : 0838396324",,high,1.7,20.0,Hà Đông,phong_tro,1,1,0,0,0,0,0,1,0,1,4,6.0,0,2566,0.05,0.05,4a3c6d98d2f2f1335501,9.977,0.08499999999999999
"Cho thuê tầng 3 làm phòng ở, văn phòng",3000000,40,"Đường La Dương, Phường Dương Nội, Hà Nội",Hà Đông,,,"Tầng gồm 2 phòng mới thoáng, sạch sẽ. Tiện giao thông, Gần trường học, chợ, khu Gleximco, gần công viên Thiên… - 283201",10/06/2019,https://phongtro123.com/tinh-thanh/ha-noi/cho-thue-tang-3-lam-phong-o-van-phong.html,phongtro123.com,2026-07-05T15:44:28.852553+00:00,0949673066,https://phongtro123.com/images/thumb_default.svg,"Tầng gồm 2 phòng mới thoáng, sạch sẽ. Tiện giao thông, Gần trường học, chợ, khu Gleximco, gần công viên Thiên Đường Bảo sơn. ...",,high,3.0,40.0,Dương Nội,phong_tro,0,0,0,0,0,0,0,0,0,0,0,6.0,0,2582,0.05,0.05,4cffe5e168e5f4f76bf0,11.461,0.075
"Chính chủ cho thuê chung cư mini siêu đẹp ngõ 53 tổ 8 Đa Sỹ, Hà Đông 2,5 triệu nguyên tầng",2500000,27,"Đường Đa Sĩ, Phường Kiến Hưng, Hà Nội",Hà Đông,,,"Chính chủ cho thuê chung cư mini mới 100% siêu đẹp tại Hà Đông, giá 2.5 triệu. (ảnh thật 100%) - Mình cho thuê chung… - 282448",25/05/2019,https://phongtro123.com/tinh-thanh/ha-noi/chinh-chu-cho-thue-chung-cu-mini-sieu-dep-ngo-53-to-8-da-sy-ha-dong-25-trieu-nguyen-tang.html,phongtro123.com,2026-07-05T15:44:28.852553+00:00,0941009290,https://phongtro123.com/images/thumb_default.svg,"Chính chủ cho thuê chung cư mini mới 100% siêu đẹp tại Hà Đông, giá 2.5 triệu. (ảnh thật 100%) - Mình cho thuê chung cư mini ngõ 53 tổ 8, Đa Sỹ, Kiến Hưng, Hà Đông trong khu nhà 5 tầng mới siêu đẹp, nhà có sàn gỗ, trần thạch cao siêu design - Xe mình dành nguyên tầng 1 để các bạn để cho an tâm, quần áo các bạn có khu phơi riêng trên tầng 5. Nhà mới nguyên zin, nên các bạn thoải mái ở nhé. - Các bạn sẽ thuê chung cư mini sở hữu nguyên tầng, tầng 2 hoặc tầng 4, mỗi tầng gồm 1 phòng ngủ 18-20m2, 1 nhà vệ sinh 7m2. Mình đã lắp đặt đèn cầu thang thông minh tự động bật tắt và giàn phơi quần áo thông minh sẵn cho các bạn. - Ở tối đa 3 người/tầng bạn nhé, điện 4k/số, nước 100k/người, internet 60k/người. - Đặt cọc nhà 1 tháng, tiền nhà thu trước hàng tháng nhé. --------------------------------------------------------- LH: 094.100.9290 (chủ nhà siêu dễ tính) P/s: Hiện tại đã lắp sẵn bình nước nóng cho bạn nào có con nhỏ sử dụng.",1.0,high,2.5,27.0,Kiến Hưng,can_ho_mini,0,0,0,0,0,0,0,0,1,0,1,5.0,0,2598,0.05,0.05,030bd646cf8051fa4669,10.623,0.09259259259259259
"Cho thuê phòng 40m2 trên tầng 2 có ban công rộng hướng ĐB tại khu đô thị Xa La, Hà Đông",2700000,40,"Phố Phùng Hưng, Phường Kiến Hưng, Hà Nội",Hà Đông,,,cho thuê phòng tại KĐT Xa La Hà Đông cho thuê 1 phòng tầng 2 trong căn liền kề. - Diện tích 40m2 (có ban công rộng phơi… - 281943,17/05/2019,https://phongtro123.com/tinh-thanh/ha-noi/cho-thue-phong-40m2-tren-tang-2-co-ban-cong-rong-huong-db-tai-khu-do-thi-xa-la-ha-dong.html,phongtro123.com,2026-07-05T15:44:28.852553+00:00,0949024209,https://phongtro123.com/images/thumb_default.svg,"cho thuê phòng tại KĐT Xa La Hà Đông cho thuê 1 phòng tầng 2 trong căn liền kề. - Diện tích 40m2 (có ban công rộng phơi quần áo, nấu ăn). - Có nóng lạnh, giường, tủ đầy đủ. - Khu dân cư yên tĩnh, nhiều cây xanh, rất mát (mùa hè không cần điều hòa). - Giá phòng là 2tr7/th. Điện 3k5/số, nước 80k 1 người. Tầng 1 để xe máy miễn phí. Giờ giấc tự do. Không chung chủ. TT 1 tháng. Cọc 1 tháng. - Phòng ở được luôn. Cảm ơn đã đọc tin. SĐT liên hệ: 0949024209",2.0,high,2.7,40.0,Kiến Hưng,phong_tro,1,0,1,0,0,0,0,1,0,1,4,5.0,0,2606,0.05,0.05,4b2041c3ed9005e8ee01,10.623,0.0675
"Cho thuê phòng trọ gần bến xe Yên Nghĩa, Hà Đông",2000000,25,"Đường Quốc lộ 6, Phường Yên Nghĩa, Hà Nội",Hà Đông,,,"Mình còn 02 phòng cho thuê gần bến xe Yên Nghĩa. Phòng rộng đẹp, cách bến 100m có. - Tủ 5 cánh. - Giường rộng… - 281438",07/05/2019,https://phongtro123.com/tinh-thanh/ha-noi/cho-thue-phong-tro-gan-ben-xe-yen-nghia-ha-dong.html,phongtro123.com,2026-07-05T15:44:28.853553+00:00,0973623904,https://phongtro123.com/images/thumb_default.svg,"Mình còn 02 phòng cho thuê gần bến xe Yên Nghĩa. Phòng rộng đẹp, cách bến 100m có. - Tủ 5 cánh. - Giường rộng 2,2x2m. - Tủ gỗ 5 cánh - Quạt trần. - Bàn phấn. - Nóng lạnh, wifi. - Để xe tầng 1 free. - Ban công phơi đồ. Giá TẦNG 4: 2tr/ tháng TẦNG 3 có điều hòa + tủ giầy 2,2tr/tháng Ai có nhu cầu liên hệ Mr Tình 0973.623.904.",1.0,high,2.0,25.0,Yên Nghĩa,phong_tro,1,0,1,0,0,0,0,1,1,1,5,5.0,0,2616,0.05,0.05,3d5ebbf90f2d6dc03aaa,13.976,0.08
"Cho thuê phòng trọ CH chung cư mini mới xây gần bến xe Yên Nghĩa, Hà Đông. LH Mr Tình 973 623 904",1300000,15,"Đường số 6, Phường Yên Nghĩa, Hà Nội",Hà Đông,,,Gia đình cần cho thuê phòng chung cư mini 6 tầng mới giá hạt dẻ. - Phòng mới xây đẹp chưa sử dụng. WC khép kín có… - 281436,07/05/2019,https://phongtro123.com/tinh-thanh/ha-noi/cho-thue-phong-tro-ch-chung-cu-mini-moi-xay-gan-ben-xe-yen-nghia-ha-dong-lh-mr-tinh-973-623-904.html,phongtro123.com,2026-07-05T15:44:28.853553+00:00,0973623904,https://phongtro123.com/images/thumb_default.svg,"Gia đình cần cho thuê phòng chung cư mini 6 tầng mới giá hạt dẻ. - Phòng mới xây đẹp chưa sử dụng. WC khép kín có nóng lạnh, wifi, giờ giấc tự do và có chỗ để xe free tầng 1. - Nhà cách bến xe Yên Nghĩa - Hà Đông 100m. Cách trường trung cấp Tài Chính Hà Nội 100m. Đường rộng 10m. - Giá 1,3 - 1,5 triệu/tháng. - Liên hệ: Mr Tình 0973 623 904.",1.0,high,1.3,15.0,Yên Nghĩa,can_ho_mini,0,1,0,0,0,0,0,1,1,1,4,5.0,0,2616,0.05,0.05,963abacb3680a7244240,13.976,0.08666666666666667
Phòng trọ khép kín 25m2 ở Hà Đông,1500000,25,"Đường Yên Lộ, Phường Yên Nghĩa, Hà Nội",Hà Đông,,,"Mình có phòng trọ khép kín muốn nhượng lại, phòng mới, sạch sẽ rộng 25m2 có gác xép rộng ở Yên Nghĩa - Hà… - 281157",02/05/2019,https://phongtro123.com/tinh-thanh/ha-noi/phong-tro-khep-kin-25m2-o-ha-dong.html,phongtro123.com,2026-07-05T15:44:28.853553+00:00,0973097383,https://phongtro123.com/images/thumb_default.svg,"Mình có phòng trọ khép kín muốn nhượng lại, phòng mới, sạch sẽ rộng 25m2 có gác xép rộng ở Yên Nghĩa - Hà Đông. - Nhà gần trường học, nhà văn hóa, sân chơi thể thao, an ninh tốt - Điện nước tự trả, sân phơi khép kín - Giá thuê: 1.500.000 đ/tháng đóng 6 tháng/lần",,high,1.5,25.0,Yên Nghĩa,phong_tro,0,1,0,0,0,1,0,0,0,0,2,5.0,0,2621,0.05,0.05,42d61cbf1ed483ae69e3,13.976,0.06
Cho thuê phòng trọ khép kín 34 - Ngõ Ngoài - Tổ 10 - Phúc La - Hà Đông,3000000,30,"Đường Xa La, Phường Hà Đông, Hà Nội",Hà Đông,,,"- Cho Thuê phòng trọ khép kín tại khu Xa La - Phúc La - Hà Đông - Hà Nội. Phòng Khép kín có đầy đủ bếp, nhà vệ sinh,… - 280136",15/08/2019,https://phongtro123.com/tinh-thanh/ha-noi/cho-thue-phong-tro-khep-kin-34-ngo-ngoai-to-10-phuc-la-ha-dong.html,phongtro123.com,2026-07-05T15:44:28.853553+00:00,0983437641,https://phongtro123.com/images/thumb_default.svg,"- Cho Thuê phòng trọ khép kín tại khu Xa La - Phúc La - Hà Đông - Hà Nội. Phòng Khép kín có đầy đủ bếp, nhà vệ sinh, khu phơi giặt, chỗ lắp điều hòa, nóng lạnh, máy giặt chờ sẵn. Có gác xép, tổng diện tích sử dụng 30 mét vuông. - Nhà 3 tầng mới xây dựng, sạch sẽ thoáng mát, có hành lang và sân thượng rộng rãi, an ninh tốt. Phù hợp với các hộ gia đình nhỏ, người đi làm, các bạn học sinh, sinh viên. - Giá thuê phòng từ 2,8 đến 3 triệu đồng một tháng (Giá ưu đãi cho khách thuê dài hạn và thanh toán tiền cả kỳ 3 đến 6 tháng). - Liên hệ chủ nhà: Mr. Hải 0983 437641.",,high,3.0,30.0,Hà Đông,phong_tro,1,1,0,0,0,1,1,1,0,0,5,8.0,0,2516,0.05,0.05,359527a895e6514db672,9.977,0.1
"Cho thuê phòng trọ khu vực Xa La, Hà Đông",1500000,30,"Đường số 70, Phường Hà Đông, Hà Nội",Hà Đông,,,"Cho thuê phòng, vệ sinh khép kín, có thể nối mang internet, khu vực Xa La, gần Học Viện Quân Y, Viện Quân Y 103, Viện… - 279480",29/03/2019,https://phongtro123.com/tinh-thanh/ha-noi/cho-thue-phong-tro-khu-vuc-xa-la-ha-dong.html,phongtro123.com,2026-07-05T15:44:28.853553+00:00,0372631816,https://phongtro123.com/images/thumb_default.svg,"Cho thuê phòng, vệ sinh khép kín, có thể nối mang internet, khu vực Xa La, gần Học Viện Quân Y, Viện Quân Y 103, Viện Bỏng Quốc Gia. An ninh tốt, gần chợ, gần trường. diện tích 30-40m2. Giá từ 1,5- 2triệu/ tháng, điện nước theo đồng hồ giá nhà nước thu. LH A Cương Đt: 0167 263 1816.",,high,1.5,30.0,Hà Đông,phong_tro,0,1,0,0,0,0,0,0,1,0,2,3.0,0,2655,0.05,0.05,9ec6fca4c2d50e4b9b3e,9.977,0.05
"Phòng trọ mới xây, Quang Trung, Hà Đông, đầy đủ nội thất giá từ 2tr5-3tr 2.500.000 đ : LH 0968685012",2500000,25,"Đường Quang Trung, Phường Hà Đông, Hà Nội",Hà Đông,,,"Cho thuê phòng trọ 195 Quang Trung Hà Đông. Gần các trường đại học Bưu chính, Y hoc cổ truyền,... trung tâm quận Hà… - 279403",28/03/2019,https://phongtro123.com/tinh-thanh/ha-noi/phong-tro-moi-xayquang-trung-ha-dong-day-du-noi-that-gia-tu-2tr5-3tr-2-500-000-d-lh-0968685012.html,phongtro123.com,2026-07-05T15:44:30.952983+00:00,0968685012,https://phongtro123.com/images/thumb_default.svg,"Cho thuê phòng trọ 195 Quang Trung Hà Đông. Gần các trường đại học Bưu chính, Y hoc cổ truyền,... trung tâm quận Hà Đông Nhà mới xây SIÊU ĐẸP, rộng thoáng. Có chỗ để xe, ko chung chủ. Phòng đầy đủ tiện nghi, điều hoà, nóng lạnh, giuong. Ở được 3-4 người Điện 4k/so, nước 70k/ng Liên hệ 0968685012 - Ngọc Tân",,high,2.5,25.0,Hà Đông,phong_tro,1,0,0,0,1,0,0,1,0,1,4,3.0,0,2656,0.05,0.05,e78f962a2270247edc6e,9.977,0.1
Cho nam sinh viên hoặc đi làm thuê phòng chung chủ,1700000,12,"Đường Đa Sĩ, Hà Nội",Hà Đông,,,"Hiện nhà mình còn trống 01 phòng trên tầng 3. Sạch sẽ, tolet riêng, có chỗ để xe, cho các bạn Nam thuê (vì đã có Nam… - 279205",25/03/2019,https://phongtro123.com/tinh-thanh/ha-noi/cho-nam-sinh-vien-hoac-di-lam-thue-phong-chung-chu.html,phongtro123.com,2026-07-05T15:44:30.952983+00:00,0363857600,https://phongtro123.com/images/thumb_default.svg,"Hiện nhà mình còn trống 01 phòng trên tầng 3. Sạch sẽ, tolet riêng, có chỗ để xe, cho các bạn Nam thuê (vì đã có Nam ở phòng bên cạnh)",3.0,high,1.7,12.0,unknown,phong_tro,0,0,0,0,0,0,0,0,0,1,1,3.0,0,2659,0.05,0.05,52ce7e698e45aaa5430c,9.977,0.14166666666666666
82 Nguyễn Khuyến-Khu đô thị Văn Quán-Full đồ-Sàn Gỗ-Ban Công,2700000,30,"Đường Nguyễn Khuyến, Phường Hà Đông, Hà Nội",Hà Đông,,,"PHÒNG BIỆT THỰ-KHU ĐÔ THỊ VĂN QUÁN-SỐ 82 NGUYỄN KHUYẾN HÀ ĐÔNG ( Gần Trường Kiến Trúc, An Ninh, ĐH Hà Nội, ĐH… - 277660",23/03/2019,https://phongtro123.com/tinh-thanh/ha-noi/82-nguyen-khuyen-khu-do-thi-van-quan-full-do-san-go-ban-cong.html,phongtro123.com,2026-07-05T15:44:30.953983+00:00,0886498333,https://phongtro123.com/images/thumb_default.svg,"PHÒNG BIỆT THỰ-KHU ĐÔ THỊ VĂN QUÁN-SỐ 82 NGUYỄN KHUYẾN HÀ ĐÔNG ( Gần Trường Kiến Trúc, An Ninh, ĐH Hà Nội, ĐH Công Nghệ GTVT, ĐH Bưu Chính…) - Nhà liền kề đẹp full nội thất-Chỉ việc mang vali vào ở - Còn phòng tầng 2 giá 3tr5 - Còn 2 phòng tầng 4 giá 2tr7 và 3tr - Đóng 1 cọc 1 tháng ( Ở được luôn) Mô tả chung - Full nội thất điều hòa, nóng lạnh, giường, tủ , phơi đồ, để xe miễn phí, camera an ninh, máy giặt, kệ bếp… - Chính chủ miễn môi giới - Điện 3,5k/ số - Nước 80k/ người. - Hàng tuần có người qua dọn vệ sinh chung cả nhà thường xuyên. - Không ở chung chủ. Giờ giấc đi lại thoải mái, tiếp bạn bè vô tư miễn là lịch sự - Hợp đồng lâu dài không tăng giá, chu kỳ đóng tiền nhà 1 tháng 1 lần, đặt cọc 1 tháng tiền nhà",2.0,high,2.7,30.0,Hà Đông,phong_tro,1,0,1,0,1,0,1,1,0,1,6,3.0,0,2661,0.05,0.05,7dfece0e826334db7bef,9.977,0.09000000000000001
"CHO THUÊ PHÒNG TRỌ ĐƯỜNG QUANG TIẾN, GẦN FLC ĐẠI MỖ",2000000,20,"Đường Tố Hữu, Phường Hà Đông, Hà Nội",Hà Đông,,,"Chính chủ có phòng cho thuê ở ngõ 82, đường Quang Tiến. + Gần FLC Đại Mỗ, UBND phường Đại Mỗ, gần trạm cảnh… - 277876",01/03/2019,https://phongtro123.com/tinh-thanh/ha-noi/cho-thue-phong-tro-duong-quang-tiengan-flc-dai-mo.html,phongtro123.com,2026-07-05T15:44:30.953983+00:00,0965783821,https://phongtro123.com/images/thumb_default.svg,"Chính chủ có phòng cho thuê ở ngõ 82, đường Quang Tiến. + Gần FLC Đại Mỗ, UBND phường Đại Mỗ, gần trạm cảnh sát Đại Mỗ. + Đi làm tiện lợi qua đường tắt Đại lộ Thăng Long lên BigC Trần Duy Hưng. Đường đi lên ngã tư Vạn Phúc. + Nhà cho thuê luôn sạch sẽ, phòng đẹp, không gian sống lý tưởng. + Khách đến ở thoải mái thời gian, tự do giờ giấc. Không chung chủ. + Phòng 20m2 rộng sàn gỗ siêu đẹp, có ban công rộng uống cafe. + Phòng có tủ đồ, giường, bàn ghế full nội thất. Khách chỉ cần đưa balo qua ở. Liên hệ chính chủ Anh Nhường: 096 578 3821",,high,2.0,20.0,Hà Đông,phong_tro,0,0,1,0,1,0,0,0,0,0,2,3.0,0,2683,0.05,0.05,cbbe0f66c4e0982f198b,9.977,0.1
Cho thuê phòng trọ khép kín 20m2 có nóng lạnh,1500000,20,Hà Nội,Hà Đông,,,Cho thuê phòng trọ khép kín có thảm trải sàn nóng lạnh tủ giường ghế khu vực nấu ăn riêng Địa chỉ: Quận Hà… - 277711,26/02/2019,https://phongtro123.com/tinh-thanh/ha-noi/cho-thue-phong-tro-khep-kin-20-m2-co-nong-lanh.html,phongtro123.com,2026-07-05T15:44:30.953983+00:00,0978959955,https://phongtro123.com/images/thumb_default.svg,"Cho thuê phòng trọ khép kín có thảm trải sàn nóng lạnh tủ giường ghế khu vực nấu ăn riêng Địa chỉ: Quận Hà Đông, Hà Nội",,high,1.5,20.0,unknown,phong_tro,0,1,0,0,0,0,0,1,0,0,2,2.0,0,2686,0.05,0.05,dda067ad01254b0393b3,9.977,0.075
"Cho thuê phòng trọ khép kín, tiện nghi đầy đủ nhà 5t mới xây.",2500000,25,"Phường Hà Đông, Hà Nội",Hà Đông,,,"Cho thuê phòng trọ tại ngõ 9, Phố Yên Phúc, P.Phúc La, Q.Hà Đông.gần Hồ văn quán ( full nội thất nhà mới xây 6 tang… - 276995",13/02/2019,https://phongtro123.com/tinh-thanh/ha-noi/cho-thue-phong-tro-khep-kin-tien-nghi-day-du-nha-5t-moi-xay.html,phongtro123.com,2026-07-05T15:44:30.953983+00:00,0987334232,https://phongtro123.com/images/thumb_default.svg,"Cho thuê phòng trọ tại ngõ 9, Phố Yên Phúc, P.Phúc La, Q.Hà Đông.gần Hồ văn quán ( full nội thất nhà mới xây 6 tang mới 100%). Phòng rộng 27m2, bình nóng lạnh, quạt trần, giường tủ, điều hoà. Nhà gần học viện quân y, bệnh viện 103, cách trường ĐH An Ninh 1,5km, trường cấp 1 Văn yên, UBND phường Phúc La.... Phù hợp với gia đình trẻ và các em sinh viên ( Ưu tiên phụ nữ thuê). Giá cho thuê : 2,8tr/tháng, ở hai,ba người/1 phòng. Điện 4k/số, nước 80k/ng/tháng, internet 50k/ng/tháng. Liên hệ chủ nhà : Mr Tuyên 0987334232.",,high,2.5,25.0,Hà Đông,phong_tro,1,1,0,0,1,0,0,1,1,0,5,2.0,0,2699,0.05,0.05,2cf97443cfb23977882f,9.977,0.1
"Căn hộ chung cư mini ấm cúng, với thiết kế hiện đại tại trung tâm quận Hà Đông",3200000,20,"Đường Thanh Bình, Phường Hà Đông, Hà Nội",Hà Đông,,,"Căn hộ nhỏ ấm cúng với thiết kế hiện đại. Cửa sổ hướng đông nam tràn ngập ánh sáng, đón gió mát mùa hè và… - 276936",12/02/2019,https://phongtro123.com/tinh-thanh/ha-noi/can-ho-chung-cu-mini-am-cung-voi-thiet-ke-hien-dai-tai-trung-tam-quan-ha-dong.html,phongtro123.com,2026-07-05T15:44:30.953983+00:00,0912066376,https://phongtro123.com/images/thumb_default.svg,"Căn hộ nhỏ ấm cúng với thiết kế hiện đại. Cửa sổ hướng đông nam tràn ngập ánh sáng, đón gió mát mùa hè và chắn gió lạnh mùa đông. Phòng vệ sinh riêng có ô thoáng hút gió lấy ánh sáng, luôn khô thoáng và sạch sẽ. Nội thất cao cấp gồm điều hòa, bình nóng lạnh, giường đệm 1,8 x 2m, tủ quần áo... Khu nhà có thang máy, camera 24/7. Có chỗ để xe. Tọa lạc tại trung tâm quận Hà Đông (sát sau khách sạn Perfect Anh Quân / tòa tháp Doanh Nhân). Trong khu dân trí cao và an ninh. Ô tô đỗ cửa và thuận tiện giao thông. Gần các trường ĐH Kiến Trúc, An Ninh, Bưu chính Viễn thông, ĐH Hà Nội Tiện ích trong phạm vi 300m: Nhà hàng, quán cà phê, hàng ăn sáng, tiệm giặt là, hiệu thuốc…Điểm dừng xe gần 20 tuyến xe bus, ga tàu điện Cát Linh – Hà Đông. Nhà hàng, quán cà phê, hàng ăn sáng, tiệm giặt là, hiệu thuốc… Giá thuê: 3.000.000đ – 3.600.000đ/ tháng; Lý tưởng cho hộ độc thân Liên hệ: a. Vinh 0913093489",,high,3.2,20.0,Hà Đông,can_ho_mini,1,1,0,1,0,0,0,1,0,1,5,2.0,0,2700,0.05,0.05,2edd5af6ce6381c771b3,9.977,0.16
CHO THUÊ PHÒNG TRỌ CHUNG CƯ MINI GIÁ RẺ VÀO CUỐI THÁNG 03/2019,2900000,35,"Đường Bạch Thái Bưởi, Phường Hà Đông, Hà Nội",Hà Đông,,,"Cho thuê phòng trọ chung cư mini tại yên Phúc - Phúc La - Hà Đông DT 25m2 giá 2,9tr/tháng. - Phòng đẹp DT 35M2 rộng rãi… - 276199",08/01/2019,https://phongtro123.com/tinh-thanh/ha-noi/cho-thue-phong-tro-chung-cu-mini-gia-re.html,phongtro123.com,2026-07-05T15:44:30.953983+00:00,0365636441,https://phongtro123.com/images/thumb_default.svg,"Cho thuê phòng trọ chung cư mini tại yên Phúc - Phúc La - Hà Đông DT 25m2 giá 2,9tr/tháng. - Phòng đẹp DT 35M2 rộng rãi thoáng mát có sẵn nóng lạnh, có kệ bếp nấu ăn, chỗ phơi đồ, cửa sổ thoáng mát, ánh sáng tự nhiên, nhà để xe rộng rãi. Đảm bảo xem là thích. Có thể lắp thêm điều hòa theo yêu cầu. - Khu vực nấu ăn riêng,sạch đẹp, đảm bảo thuận tiện và sạch sẽ. - Vệ sinh khép kín sạch sẽ đã trang bị các thiết bị hiện đại: Vòi hoa sen, gương, bệt, chậu rửa, bình nóng lạnh. - Có ban công phơi đồ rộng rãi thoáng mát - Không gian chung yên tĩnh, sạch sẽ, có vệ sinh lau dọn hàng tuần. - Internet cáp quang tốc độ cao, điện nước công tơ riêng - Địa điểm đẹp đi lại thuận tiện, nhà nằm trong khu vực trung tâm, dịch vụ tiện lợi gần trường mầm non, bệnh viện, bến xe bus... - Giá: 2,9 tr/tháng - Địa chỉ: 3-D3 Bạch Thái Bưởi - Yên Phúc - Phúc La - Hà Đông - Liên hệ: 0365.636.441",,high,2.9,35.0,Hà Đông,can_ho_mini,1,1,1,0,0,0,0,1,1,1,6,1.0,0,2735,0.05,0.05,f8d7fc692b63d93a84ef,9.977,0.08285714285714285
"Cho thuê phòng trọ giá rẻ tại Hà Đông, Hà Nội",1500000,17,"Đường Đa Sĩ, Phường Kiến Hưng, Hà Nội",Hà Đông,,,"Thông thoáng, có mái tôn chống nóng, sạch sẽ có nhà vệ sinh khép kín, an ninh an toàn tuyệt đối Có gác Xếp gọn… - 275926",02/01/2019,https://phongtro123.com/tinh-thanh/ha-noi/cho-thue-phong-tro-gia-re-tai-ha-dong-ha-noi-2.html,phongtro123.com,2026-07-05T15:44:30.953983+00:00,0984033384,https://phongtro123.com/images/thumb_default.svg,"Thông thoáng, có mái tôn chống nóng, sạch sẽ có nhà vệ sinh khép kín, an ninh an toàn tuyệt đối Có gác Xếp gọn gàng, tiết kiệm không gian ở. Điện nước tính theo số. Gần chợ 365, chợ cóc, Metro, bệnh viện 103.. Gần khu hồ điều hòa thông thoáng; gần sân bóng , Bể bơi Đa Sỹ... Liên hệ: ông bà Tâm-Điều ĐT: 024-33820384 DĐ: 0984033384-Chị Nga Địa chỉ nhà trọ: ông bà Tâm-Điều, Số nhà 109, Tổ 5, Đa Sỹ, Kiến Hưng, Hà Đông.",,high,1.5,17.0,Kiến Hưng,phong_tro,1,1,0,0,0,1,0,0,0,0,3,1.0,0,2741,0.05,0.05,030bd646cf8051fa4669,10.623,0.08823529411764706
Chính chủ cho thuê phòng cách ngã tư Vạn Phúc - Tố Hữu 600m,3800000,60,"Phố Vạn Phúc, Phường Hà Đông, Hà Nội",Hà Đông,,,Chính chủ cho thuê tầng 2 và tầng 4 của tòa nhà 05 tầng. Cách ngã tư Vạn Phúc - Tố Hữu 600m. Căn hộ diện tích 60m2… - 275804,29/12/2018,https://phongtro123.com/tinh-thanh/ha-noi/chinh-chu-cho-thue-phong-cach-nga-tu-van-phuc-to-huu-600m.html,phongtro123.com,2026-07-05T15:44:30.953983+00:00,0919016680,https://phongtro123.com/images/thumb_default.svg,"Chính chủ cho thuê tầng 2 và tầng 4 của tòa nhà 05 tầng. Cách ngã tư Vạn Phúc - Tố Hữu 600m. Căn hộ diện tích 60m2 được chia thành 02 phòng riêng biệt, thiết kế hợp lý, phong cách hiện đại. Thiết bị vệ sinh Inax còn mới. Giá điện: 3.000đ/KW; nước 20.000đ/m3. Không ở cùng chủ nhà. An ninh tốt, đường to ô tô đỗ cửa. Liên hệ chủ nhà: 0919016680 hoặc 0912277596 Địa chỉ: Ô số 14, khu giãn dân Ngọc Trục - P. Đại Mỗ - Q. Nam Từ Liêm - HN",2.0,high,3.8,60.0,Hà Đông,can_ho,0,0,0,0,0,0,0,0,0,0,0,12.0,0,2745,0.05,0.05,1bdb62502e52de720cbb,9.977,0.06333333333333332
Cho thuê phòng trọ giá 2 triệu ở Hà Đông,2000000,30,"Đường số 6, Phường Hà Đông, Hà Nội",Hà Đông,,,"Cho thuê phòng khép kín, nhà cấp 4 lợp tôn mát chống nóng. diện tích sàn + gác xép khoảng 30m2. nhà gần bến xe bus… - 274672",05/12/2018,https://phongtro123.com/tinh-thanh/ha-noi/cho-thue-phong-tro-gia-2-trieu-o-ha-dong.html,phongtro123.com,2026-07-05T15:44:30.953983+00:00,0356232010,https://phongtro123.com/images/thumb_default.svg,"Cho thuê phòng khép kín, nhà cấp 4 lợp tôn mát chống nóng. diện tích sàn + gác xép khoảng 30m2. nhà gần bến xe bus phường Quang Trung, quận Hà Đông, Hà nội.",,high,2.0,30.0,Hà Đông,phong_tro,0,1,0,0,0,1,0,0,0,0,2,12.0,0,2769,0.05,0.05,d89bba1895342803a853,9.977,0.06666666666666667
CHO THUÊ PHÒNG - KHÔNG CHUNG CHỦ - TẦNG 2 BIỆT THỰ LIỀN KỀ XA LA,2500000,25,"Phường Hà Đông, Hà Nội",Hà Đông,,,"Biệt thự liền kề 5 tầng: tầng 1 để xe rộng rãi - FREE.tầng 5 phơi đồ thoáng sạch, có máy giặt ở t5 + Giờ… - 274091",23/11/2018,https://phongtro123.com/tinh-thanh/ha-noi/cho-thue-phong-khong-chung-chu-tang-2-biet-thu-lien-ke-xa-la.html,phongtro123.com,2026-07-05T15:44:30.953983+00:00,0979732045,https://phongtro123.com/images/thumb_default.svg,"Biệt thự liền kề 5 tầng: tầng 1 để xe rộng rãi - FREE.tầng 5 phơi đồ thoáng sạch, có máy giặt ở t5 + Giờ giấc tự do - Chìa khóa riêng tự quản + Camera an ninh Điện 3k5/số Nước 80k/người Mạng 100k/phòng Phòng tầng 2 có nóng lạnh + máy giặt + giường+ tủ + ban công thoáng mát.để xe tầng 1.phơi đồ tầng 5 Dọn vệ sinh hàng tuần Ưu tiên ở luôn. ☎ Mr.Hải ️ 0967 565 892 / 0979732045",1.0,high,2.5,25.0,Hà Đông,phong_tro,0,0,1,0,0,0,1,1,1,1,5,11.0,0,2781,0.05,0.05,2cf97443cfb23977882f,9.977,0.1
Cho sinh viên nam thuê phòng trọ trên tầng 3 ở chung chủ,2000000,13,"Đường Đa Sĩ, Phường Kiến Hưng, Hà Nội",Hà Đông,,,"Hiện nhà mình đang còn trống phòng trên tầng 3 cho các bạn sinh viên Nam thuê. Ở chung với chủ nhà. Có toalet rieng, có… - 273371",10/11/2018,https://phongtro123.com/tinh-thanh/ha-noi/cho-sinh-vien-nam-thue-phong-tro-tren-tang-3-o-chung-chu.html,phongtro123.com,2026-07-05T15:44:30.953983+00:00,0947559396,https://phongtro123.com/images/thumb_default.svg,"Hiện nhà mình đang còn trống phòng trên tầng 3 cho các bạn sinh viên Nam thuê. Ở chung với chủ nhà. Có toalet rieng, có wifi, có chỗ để xe. Khu nhà yên tĩnh, sạch sẽ.",3.0,high,2.0,13.0,Kiến Hưng,phong_tro,0,0,0,0,0,0,0,0,1,1,2,11.0,0,2794,0.05,0.05,030bd646cf8051fa4669,10.623,0.15384615384615385
"Phòng trọ khép kín đủ tiền nghi, điện nước bình dân",1700000,15,"Phố Bà Triệu, Hà Nội",Hà Đông,,,"Nhà mới khép kín, có sẵn nóng lạnh, điều hòa, quạt, giường, tủ, bàn ghế... khu vực trung tâm quận Hà Đông, gần… - 272358",24/10/2018,https://phongtro123.com/tinh-thanh/ha-noi/phong-tro-khep-kin-du-tien-nghi-dien-nuoc-binh-dan.html,phongtro123.com,2026-07-05T15:44:30.954983+00:00,01697614464,https://phongtro123.com/images/thumb_default.svg,"Nhà mới khép kín, có sẵn nóng lạnh, điều hòa, quạt, giường, tủ, bàn ghế... khu vực trung tâm quận Hà Đông, gần chợ, siêu thị, bến xe, công viên, trường học (An ninh, bưu chính, kiến trúc, quân y...) khu dân cư dân trí cao, anh ninh trật tự tốt. Tiền Điện Nước giá bình dân. Liên Hệ cô tuyết: 01677608246",,high,1.7,15.0,unknown,phong_tro,1,1,0,0,0,0,0,1,0,0,3,10.0,0,2811,0.05,0.05,7e7eb1a44c9848e6230b,9.977,0.11333333333333333
Nhà trọ khép kín giá rẻ tại Hà Nội,3800000,50,"Đường Quang Trung, Phường Hà Đông, Hà Nội",Hà Đông,,,"Nhà gồm 3 tầng có 2 mặt thoáng, vệ sinh khép kín, có nóng lạnh, ngõ rộng cách đường quốc lộ 50 m. Gần chợ, bến… - 271442",07/10/2018,https://phongtro123.com/tinh-thanh/ha-noi/nha-tro-khep-kin-gia-re-tai-ha-noi.html,phongtro123.com,2026-07-05T15:44:30.954983+00:00,01246142120,https://phongtro123.com/images/thumb_default.svg,"Nhà gồm 3 tầng có 2 mặt thoáng, vệ sinh khép kín, có nóng lạnh, ngõ rộng cách đường quốc lộ 50 m. Gần chợ, bến xe, siêu thị, an ninh tốt, giờ giấc tự do. Liên hệ Chi 0846142120 _ 02466733332",,high,3.8,50.0,Hà Đông,phong_tro,0,1,0,0,0,0,0,1,0,0,2,10.0,0,2828,0.05,0.05,e78f962a2270247edc6e,9.977,0.076
"Cho thuê phòng trong nhà 3 tầng khu Ba La, Hà Đông",1200000,20,"Đường số 6, Phường Phú Lương, Hà Nội",Hà Đông,,,"Cho thuê phòng trong nhà 3 tầng, phòng sạch, đẹp, có rèm cửa, ban công, phòng sáng, thoáng. Nhà ở khu dân trí cao, cạnh… - 270788",26/09/2018,https://phongtro123.com/tinh-thanh/ha-noi/cho-thue-phong-trong-nha-3-tang-khu-ba-la-ha-dong.html,phongtro123.com,2026-07-05T15:44:32.982364+00:00,0974089721,https://phongtro123.com/images/thumb_default.svg,"Cho thuê phòng trong nhà 3 tầng, phòng sạch, đẹp, có rèm cửa, ban công, phòng sáng, thoáng. Nhà ở khu dân trí cao, cạnh trung tâm PCCC, an ninh tốt.",,high,1.2,20.0,Phú Lương,phong_tro,0,0,1,0,0,0,0,0,0,0,1,9.0,0,2839,0.05,0.05,e2eb836a01e91fda0f6a,13.096,0.06
Cho thuê phòng trọ tầng 3 chung chủ,2000000,13,"Đường Đa Sĩ, Phường Kiến Hưng, Hà Nội",Hà Đông,,,Nhà mình còn trống 01 phòng tầng 3. Bạn sinh viên Nam nào cần thì liên hệ nhé. Phòng thoáng sạch sẽ. Tolet tầng riêng… - 270704,24/09/2018,https://phongtro123.com/tinh-thanh/ha-noi/cho-thue-phong-tro-tang-3-chung-chu.html,phongtro123.com,2026-07-05T15:44:32.982364+00:00,01663857600,https://phongtro123.com/images/thumb_default.svg,Nhà mình còn trống 01 phòng tầng 3. Bạn sinh viên Nam nào cần thì liên hệ nhé. Phòng thoáng sạch sẽ. Tolet tầng riêng có nóng lạnh. Có chỗ để xe,3.0,high,2.0,13.0,Kiến Hưng,phong_tro,0,0,0,0,0,0,0,1,0,1,2,9.0,0,2841,0.05,0.05,030bd646cf8051fa4669,10.623,0.15384615384615385
"CHO THUÊ PHÒNG TRỌ ĐẠI MỖ, TỪ LIÊM (CÁCH ĐƯỜNG VẠN PHÚC, HÀ ĐÔNG 100M)",1400000,17,"Phố Vạn Phúc, Phường Hà Đông, Hà Nội",Hà Đông,,,"Cho thuê phòng trọ mô hình trung cư mini Vệ sinh khép kín, có wifi, camera.... Địa chỉ: Đại Mỗ, Từ Liêm (Gần ngã 4… - 112425",01/09/2018,https://phongtro123.com/tinh-thanh/ha-noi/cho-thue-phong-tro-dai-mo-tu-liem-2-112425-112425.html,phongtro123.com,2026-07-05T15:44:32.982364+00:00,0947975798,https://phongtro123.com/images/thumb_default.svg,"Cho thuê phòng trọ mô hình trung cư mini Vệ sinh khép kín, có wifi, camera.... Địa chỉ: Đại Mỗ, Từ Liêm (Gần ngã 4 Tố Hữu, Vạn Phúc). Ưu tiên cho hộ gia đình ở lâu dài. Liên hệ Ms Nga 094 79 75 798 (chủ nhà) PS: Còn 2 phòng: - 01 phòng tầng 3 diện tích 17m2 giá 1,7 triệu/tháng có gác xép 7m2 - 01 phòng tầng 1 diện tích 14m2 giá 1,4 triệu/tháng có gác xép 6m2 Nhận phòng 28/8/2018.",3.0,high,1.4,17.0,Hà Đông,phong_tro,0,1,0,0,0,1,0,0,1,0,3,9.0,0,2864,0.05,0.05,1bdb62502e52de720cbb,9.977,0.08235294117647059
Cho thuê phòng trên tầng 3 ở chung với chủ nhà,1000000,13,"Đường Đa Sĩ, Phường Kiến Hưng, Hà Nội",Hà Đông,,,Do nhu cầu sử dụng hiện tôi còn dư 02 phòng trên tầng 3 nên muốn cho các bạn sinh viên thuê. Chung nhà với chủ. Phòng… - 269554,25/08/2018,https://phongtro123.com/tinh-thanh/ha-noi/cho-thue-phong-tren-tang-3-o-chung-voi-chu-nha.html,phongtro123.com,2026-07-05T15:44:32.982364+00:00,01668376733,https://phongtro123.com/images/thumb_default.svg,Do nhu cầu sử dụng hiện tôi còn dư 02 phòng trên tầng 3 nên muốn cho các bạn sinh viên thuê. Chung nhà với chủ. Phòng đẹp sạch sẽ. Giá 1.800.000d,3.0,high,1.0,13.0,Kiến Hưng,phong_tro,0,0,0,0,0,0,0,0,0,0,0,8.0,0,2871,0.05,0.05,030bd646cf8051fa4669,10.623,0.07692307692307693
"Cần tìm phòng trọ khép kín ở 1 mình khu vực Hà Đông, ở ngay, 1 triệu",1000000,15,"Đường số 70, Phường Hà Đông, Hà Nội",Hà Đông,,,"Cần tìm phòng trọ khép kín thuê lâu dài, trong tầm giá 1tr- 1.3tr. giao dịch với chính chủ không qua môi giới. mình đã… - 269145",14/08/2018,https://phongtro123.com/tinh-thanh/ha-noi/can-tim-phong-tro-khep-kin-o-1minh-khu-vuc-ha-dong-o-ngay-1-trieu.html,phongtro123.com,2026-07-05T15:44:32.982364+00:00,0915681551,https://phongtro123.com/images/thumb_default.svg,"Cần tìm phòng trọ khép kín thuê lâu dài, trong tầm giá 1tr- 1.3tr. giao dịch với chính chủ không qua môi giới. mình đã đi làm còn độc thân ở 1minh. lh : 0915681551",,high,1.0,15.0,Hà Đông,phong_tro,0,1,0,0,0,0,0,0,0,0,1,8.0,0,2882,0.05,0.05,9ec6fca4c2d50e4b9b3e,9.977,0.06666666666666667
Có phòng trọ cho thuê 32m2 gần chợ gần bến xe buýt gần trường tiểu học và nhà trẻ,2000000,32,"Đường Quang Trung, Phường Yên Nghĩa, Hà Nội",Hà Đông,,,Có phòng cho thuê rộng 32m phòng khép kín rộng rãi thoải mái nhà gần chợ gần bến xe trường tiểu hoc và mầm… - 263882,30/07/2018,https://phongtro123.com/tinh-thanh/ha-noi/co-phong-tro-cho-thue-32m2-gan-cho-gan-ben-xe-buyt-gan-truong-tieu-hoc-va-nha-tre.html,phongtro123.com,2026-07-05T15:44:32.982364+00:00,0974291912,https://phongtro123.com/images/thumb_default.svg,Có phòng cho thuê rộng 32m phòng khép kín rộng rãi thoải mái nhà gần chợ gần bến xe trường tiểu hoc và mầm non.mặt đường rộng để dc oto có intenet wifi tiện lợi cho hộ gia đình ace nào có nhu cầu LH mình LH:01698227832--0974291912,,high,2.0,32.0,Yên Nghĩa,phong_tro,0,1,0,0,0,0,0,0,1,0,2,7.0,0,2897,0.05,0.05,f87e7d251996ca1a0caf,13.976,0.0625
"Cho thuê chung cư mini mới xây gần bến xe Yên Nghĩa, Hà Đông",1500000,15,"Đường Do Lộ, Phường Yên Nghĩa, Hà Nội",Hà Đông,,,Chung cư mini mới xây. phòng đẹp. vệ sinh khép kín. để xe tầng 1. giờ giấc tự do. cách bến xe yên nghĩa 100m. cách… - 256032,03/07/2018,https://phongtro123.com/tinh-thanh/ha-noi/cho-thue-chung-cu-mini-moi-xay-gan-ben-xe-yen-nghia-ha-dong.html,phongtro123.com,2026-07-05T15:44:32.982364+00:00,0973623904,https://phongtro123.com/images/thumb_default.svg,Chung cư mini mới xây. phòng đẹp. vệ sinh khép kín. để xe tầng 1. giờ giấc tự do. cách bến xe yên nghĩa 100m. cách trường trung cấp tài chính 100m.,1.0,high,1.5,15.0,Yên Nghĩa,can_ho_mini,0,1,0,0,0,0,0,0,0,1,2,7.0,0,2924,0.05,0.05,a96beec73098456d7b75,13.976,0.1
Phòng trọ giá rẻ tại Trung Văn - Hà Đông,1500000,15,Hà Nội,Hà Đông,,,"Gia đình tôi còn 2 phòng trọ cho thuê tại Trung Văn - Hà Đông - Diện tích: 15m2 - Điện nước đầy đủ, có sẵn… - 255429",30/06/2018,https://phongtro123.com/tinh-thanh/ha-noi/phong-tro-gia-re-tai-trung-van-ha-dong.html,phongtro123.com,2026-07-05T15:44:32.982364+00:00,0963004065,https://phongtro123.com/images/thumb_default.svg,"Gia đình tôi còn 2 phòng trọ cho thuê tại Trung Văn - Hà Đông - Diện tích: 15m2 - Điện nước đầy đủ, có sẵn giường tủ - Giá thuê: 1.500.000đ/tháng. - Có nhu cầu xin liên hệ: 0982085928 hoặc 0904685164 - Nhà chính chủ, không phải môi giới.",,high,1.5,15.0,unknown,phong_tro,0,0,0,0,0,0,0,0,0,0,0,6.0,0,2927,0.05,0.05,b094ff0358cf20f45f44,9.977,0.1
Cho thuê phòng trọ khép kín. Chung cư mini,1700000,19,"Đường Quang Trung, Phường Hà Đông, Hà Nội",Hà Đông,,,"Đây là nhà xây theo hình thức chung cư mini gồm 10 phòng khép kín. Mặt đường 40 m, cách đường quang trung 100 m đi… - 251138",30/06/2018,https://phongtro123.com/tinh-thanh/ha-noi/cho-thue-phong-tro-khep-kin-chung-cu-mini.html,phongtro123.com,2026-07-05T15:44:32.982364+00:00,01246142120,https://phongtro123.com/images/thumb_default.svg,"Đây là nhà xây theo hình thức chung cư mini gồm 10 phòng khép kín. Mặt đường 40 m, cách đường quang trung 100 m đi thẳng, thuận tiện khi đi xe buyt, tàu điện, chợ",,high,1.7,19.0,Hà Đông,can_ho_mini,0,1,0,0,0,0,0,0,0,0,1,6.0,0,2927,0.05,0.05,e78f962a2270247edc6e,9.977,0.08947368421052632
Cho thuê phòng trọ tầng 2,2200000,20,"Đường Chiến Thắng, Phường Hà Đông, Hà Nội",Hà Đông,,,"Mình đang có nhu cầu cho thuê 1 phòng tầng 2 tại SN 314 ngõ 259 Chiến Thắng, HĐ, HN - S: 20m2, vệ sinh khép kín, sạch… - 249917",09/06/2018,https://phongtro123.com/tinh-thanh/ha-noi/cho-thue-phong-tro-tang-2.html,phongtro123.com,2026-07-05T15:44:32.982364+00:00,0984812179,https://phongtro123.com/images/thumb_default.svg,"Mình đang có nhu cầu cho thuê 1 phòng tầng 2 tại SN 314 ngõ 259 Chiến Thắng, HĐ, HN - S: 20m2, vệ sinh khép kín, sạch sẽ, thoáng mát - Điện, nc theo giá nhà nc - Để xe, nấu ăn tầng 1 - Đường trc nhà rộng 8m, gần chợ đầu mối - Phòng ko có đồ - Ai có nhu cầu liên hệ Thu: 0984812179",2.0,high,2.2,20.0,Hà Đông,phong_tro,0,1,0,0,0,0,0,0,0,1,2,6.0,0,2948,0.05,0.05,8157d94add72c92c0ff3,9.977,0.11000000000000001
"Cho thuê phòng trọ cho nữ ở Phùng Hưng, Hà Đông",1800000,20,"Phố Phùng Hưng, Phường Hà Đông, Hà Nội",Hà Đông,,,"Cho thuê phòng trọ cho nữ ở phùng hưng hà đông, đẹp và đầy đủ tiện nghi, co wifi nóng lạnh, phòng có đệm, bếp… - 236577",16/04/2018,https://phongtro123.com/tinh-thanh/ha-noi/cho-thue-phong-tro-cho-nu-o-phung-hung-ha-dong.html,phongtro123.com,2026-07-05T15:44:32.982364+00:00,0974091423,https://phongtro123.com/images/thumb_default.svg,"Cho thuê phòng trọ cho nữ ở phùng hưng hà đông, đẹp và đầy đủ tiện nghi, co wifi nóng lạnh, phòng có đệm, bếp núc, ko chung chủ, GIờ giâc thỏai mái, điện nước giá dân ko tính thêm",,high,1.8,20.0,Hà Đông,phong_tro,0,0,0,0,0,0,0,1,1,0,2,4.0,0,3002,0.05,0.05,a9c45a10b0c2aea51a67,9.977,0.09
Cho thuê phòng ở khu đô thị Văn Phú,1700000,25,"Đường Văn Phú, Hà Nội",Hà Đông,,,"Mình đang có 7 phòng cho thuê Tại KDT Văn Phú, Hà Đông Nhà liền kề 4 tầng Từ 20-30m2 ( giá từ 1,8tr-… - 229971",24/03/2018,https://phongtro123.com/tinh-thanh/ha-noi/cho-thue-phong-o-khu-do-thi-van-phu.html,phongtro123.com,2026-07-05T15:44:32.983363+00:00,0888533696,https://phongtro123.com/images/thumb_default.svg,"Mình đang có 7 phòng cho thuê Tại KDT Văn Phú, Hà Đông Nhà liền kề 4 tầng Từ 20->30m2 ( giá từ 1,8tr-> 2tr2)có thương lượng Phòng ốc thoáng đãng sạch sẽ Đường khu đô thị rộng rãi. Chỗ để xe thoải mái Vệ sinh khép kín. Có nóng lạnh vòi sen, ban công thoáng đãng Không chung chủ giờ giấc đi lại thoải máI. Dọn vào ở luôn ☎️Liên hệ A. GIANG: 0888.533.696☎️ chính chủ",,high,1.7,25.0,unknown,phong_tro,0,1,1,0,0,0,0,1,0,1,4,3.0,0,3025,0.05,0.05,aaf43d6caa0ac343e473,9.977,0.068
Cho thuê phòng trọ chung cư mini tại quận Hà Đông giá từ 1 triệu/tháng,1000000,16,"Đường Thanh Lãm, Phường Phú Lương, Hà Nội",Hà Đông,,,"- Cho thuê phòng trọ chung cư mini. Nhà 3 tầng; Mỗi tầng có 12 phòng khép kín, mỗi phòng có diện tích từ 15m2 - 22m2 (có… - 229370",21/03/2018,https://phongtro123.com/tinh-thanh/ha-noi/cho-thue-phong-tro-chung-cu-mini-tai-quan-ha-dong-gia-tu-1-trieu-thang.html,phongtro123.com,2026-07-05T15:44:32.983363+00:00,0985890181,https://phongtro123.com/images/thumb_default.svg,"- Cho thuê phòng trọ chung cư mini. Nhà 3 tầng; Mỗi tầng có 12 phòng khép kín, mỗi phòng có diện tích từ 15m2 - 22m2 (có giường, bàn bếp, sen tắm, xí bệt, ban công phơi quần áo và internet cáp quang tốc độ cao riêng từng phòng). - Tiện ích: Nhà thoáng mát có sân vườn xung quanh, lối đi riêng với chủ nhà. Ngõ rộng ô tô vào tận nhà, để được ô tô, khu để xe tại tầng 1 và có Camera quan sát các tầng, an ninh rất tốt. - Vị trí: Cách bến xe buyt, Trường Đại học Đại Nam, Đại học Thành Tây, Cao đẳng kinh tế kỹ thuật thương mại khoảng 500m - Địa chỉ: Số 2, ngõ 9 đường Thanh Lãm, phường Phú Lãm, quận Hà Đông - Giá phòng: Chỉ từ 1 triệu/tháng - Liên hệ chủ nhà (bác Diện): 0985.890.181",1.0,high,1.0,16.0,Phú Lương,can_ho_mini,0,1,1,0,0,0,0,0,1,1,4,3.0,0,3028,0.05,0.05,d3ddcaae57ccc35736c7,13.096,0.0625
Cho thuê phòng trọ tại ngõ 3 lê trọng tấn hà đông,1700000,20,"Phố Lê Trọng Tấn, Phường Hà Đông, Hà Nội",Hà Đông,,,"Nhà 4 tầng tại ngõ 3 lê trọng tấn hà đông, do xử dụng ko hết mjnh cho thuê 2 phòng tầng 3 và 1 phòng tầng 4 diện… - 221029",23/02/2018,https://phongtro123.com/tinh-thanh/ha-noi/cho-thue-phong-tro-tai-ngo-3-le-trong-tan-ha-dong.html,phongtro123.com,2026-07-05T15:44:32.983363+00:00,0983706085,https://phongtro123.com/images/thumb_default.svg,"Nhà 4 tầng tại ngõ 3 lê trọng tấn hà đông, do xử dụng ko hết mjnh cho thuê 2 phòng tầng 3 và 1 phòng tầng 4 diện tích 20m2 có nhà vệ sinh ở mỗi tầng, nấu ăn chung voi mình dưới tầng 1( minh la giáo viên ở có mình nên đi xuốt ko sợ bất tiện). Giá cho thuê là 1,7tr đã bao gồm cả điện nước mỗi phòng ở tối đa 2 người. Chỉ cho nữ học sinh sinh viên thuê. Bạn nao có nhu cầu liên hệ minhg theo số 094 386 60 20 minh là tân",3.0,high,1.7,20.0,Hà Đông,phong_tro,0,0,0,0,0,0,0,0,0,0,0,2.0,0,3054,0.05,0.05,587ec2262c268d6e2903,9.977,0.08499999999999999
CHO THUÊ PHÒNG TRỌ (CHỈ CHO NỮ THUÊ),1500000,15,"Đường Chiến Thắng, Phường Hà Đông, Hà Nội",Hà Đông,,,CHO THUÊ PHÒNG Ở (chỉ cho nữ thuê) Nhà mình có một bạn sắp chuyển đi nên Cho thuê 1 phòng 15m2 giá 1tr5 Địa chỉ:… - 217472,19/01/2018,https://phongtro123.com/tinh-thanh/ha-noi/cho-thue-phong-tro-chi-cho-nu-thue.html,phongtro123.com,2026-07-05T15:44:32.983363+00:00,01644346335,https://phongtro123.com/images/thumb_default.svg,"CHO THUÊ PHÒNG Ở (chỉ cho nữ thuê) Nhà mình có một bạn sắp chuyển đi nên Cho thuê 1 phòng 15m2 giá 1tr5 Địa chỉ: ngõ 163 đường Chiến Thắng, Hà Đông, Hà Nội. Gần các trường đại học: hà nội, hv an ninh, bưu chính, kiến trúc, y học cổ truyền.... Nhà ở khép kín, điện nước, nóng lạnh, wifi đầy đủ. Điện 3k/số, nước 30k/người Liên hệ Sđt: 0906233309",,high,1.5,15.0,Hà Đông,phong_tro,0,1,0,0,0,0,0,1,1,0,3,1.0,0,3089,0.05,0.05,8157d94add72c92c0ff3,9.977,0.1
"Phòng full đồ khép kín 200 Quang Trung, Hà Đông, Hà Nội",2400000,30,"Đường Quang Trung, Phường Hà Đông, Hà Nội",Hà Đông,,,"Phòng 30m2, khép kín gần an ninh sư phạm nghệ thuật ĐH hà nội kiến trúc ... - Mình còn 1 phòng nằm trong căn hộ 145m2,… - 215720",11/01/2018,https://phongtro123.com/tinh-thanh/ha-noi/phong-full-do-khep-kin-200-quang-trung-ha-dong-ha-noi.html,phongtro123.com,2026-07-05T15:44:32.983363+00:00,0986957746,https://phongtro123.com/images/thumb_default.svg,"Phòng 30m2, khép kín gần an ninh sư phạm nghệ thuật ĐH hà nội kiến trúc ... - Mình còn 1 phòng nằm trong căn hộ 145m2, gồm 3 phòng ngủ riêng biệt, 1 khách, 1 bếp, có ban công phơi đồ, có chỗ để xe nhà vệ sinh có nóng lạnh đầy đủ, tủ lạnh máy giặt bình lọc nước 9 lõi - Phòng thoáng mát view cực đẹp, ngay mặt đường, chợ, bể bơi, khu tập gym, yoga, điểm xe bus cách đó vài mét an ninh đảm bảo camera khắp nơi, bảo vệ 24/24 - Điện nước mạng giá dân chia theo hóa đơn hằng tháng,( nước khoảng 20k điện khoảng 100k) không ở chung chủ, có chìa khóa riêng đi về tự do. - Bát đũa xong nồi bếp núc có đầy đủ chỉ việc vác quần áo sang ở thôi Liên hệ: 0988777531 Giá 2tr4 / 1 tháng Địa chỉ: chung cư Bình Vượng, số 200, Quang Trung, Hà Đông, Hà Nội Phòng y như hình miễn trung gian",,high,2.4,30.0,Hà Đông,can_ho,1,1,1,0,1,0,1,1,1,1,8,1.0,0,3097,0.05,0.05,e78f962a2270247edc6e,9.977,0.08
Cho thuê tầng 4 trong nhà 5 tầng khép kín,1500000,25,"Đường Chiến Thắng, Phường Hà Đông, Hà Nội",Hà Đông,,,Như tiêu đề nhà mình còn 1 phòng trên tầng 4 trong nhà 5 tầng đang ở nên muốn cho thuê. Đây là nhà mình vì vậy tất… - 214940,08/01/2018,https://phongtro123.com/tinh-thanh/ha-noi/cho-thue-tang-4-trong-nha-5-tang-khep-kin.html,phongtro123.com,2026-07-05T15:44:32.983363+00:00,0962625635,https://phongtro123.com/images/thumb_default.svg,"Như tiêu đề nhà mình còn 1 phòng trên tầng 4 trong nhà 5 tầng đang ở nên muốn cho thuê. Đây là nhà mình vì vậy tất cả đều sạch sẽ và khép kín, không phải nhà trọ hay phòng trọ nhé . Cụ thể : - Phòng rộng khoảng 25m2 - Vệ sinh khép kín mỗi tầng là 1 vs riêng - Điện nước tính hộ gia đình không phải kinh doanh dùng bao nhiêu trả bấy nhiêu yên tâm là các bạn sẽ thoải mái khi trả tiền điện nước - Tầng 1 là khu để xe chung của cả gia đình - Tầng 5 có chỗ để các bạn nấu nướng, giặt riêng và phơi quần áo chung với gia đình mình - Có sẵn mạng cáp quang FPT cực nhanh 36MB nếu dùng chỉ 100k/máy tính - An ninh cực kỳ yên tâm lúc nào nhà mình cũng có người ở nhà - Cửa nhà ra khoá vào khoá các bạn sẽ được cấp 1 chìa khoá riêng để đi lại - Phòng phù hợp cho các hộ gia đình nhỏ, mới cưới hoặc người đi làm và cả sinh viên - Y/C rất đơn giản không tụ tập nhậu nhẹt quá ồn ào và giữ vs sạch sẽ Bạn nào cần thì alo mình * Lưu ý: Môi giới BĐS vui lòng không làm phiền",4.0,high,1.5,25.0,Hà Đông,phong_tro,0,1,0,0,0,0,0,0,1,1,3,1.0,0,3100,0.05,0.05,8157d94add72c92c0ff3,9.977,0.06
"Phòng trọ cho thuê tại Ngô Quyền, Hà Đông, Hà Nội",1700000,20,"Đường Ngô Quyền, Phường Hà Đông, Hà Nội",Hà Đông,,,"Y/C: Nữ, ở sạch sẽ, gọn gàng. Có 2 phòng, giá 1.300.000 và 1,700,000. điện nước giá nhà nước. An Ninh tốt, tiện giao… - 194680",22/10/2017,https://phongtro123.com/tinh-thanh/ha-noi/phong-tro-cho-thue-tai-ngo-quyen-ha-dong-ha-noi.html,phongtro123.com,2026-07-05T15:44:35.651901+00:00,0948198689,https://phongtro123.com/images/thumb_default.svg,"Y/C: Nữ, ở sạch sẽ, gọn gàng. Có 2 phòng, giá 1.300.000 và 1,700,000. điện nước giá nhà nước. An Ninh tốt, tiện giao thông....",,high,1.7,20.0,Hà Đông,phong_tro,0,0,0,0,0,0,0,0,0,0,0,10.0,0,3178,0.05,0.05,c4f0b8deb1ee04360b78,9.977,0.08499999999999999
"Cho thuê phòng ở trên phố Nguyễn Trãi, Hà Đông",1500000,14,"Đường Nguyễn Trãi, Hà Nội",Hà Đông,,,"Còn 01 phòng cho thuê ở phố Nguyễn Trãi, cạnh chợ Hà Đông, diện tích 14m2, thoáng mát, sạch sẽ. Có: chỗ để xe,… - 190672",02/10/2017,https://phongtro123.com/tinh-thanh/ha-noi/cho-thue-phong-o-tren-pho-nguyen-trai-ha-dong.html,phongtro123.com,2026-07-05T15:44:35.651901+00:00,0912379652,https://phongtro123.com/images/thumb_default.svg,"Còn 01 phòng cho thuê ở phố Nguyễn Trãi, cạnh chợ Hà Đông, diện tích 14m2, thoáng mát, sạch sẽ. Có: chỗ để xe, nấu ăn, ban công, sân thượng, nước nóng, wifi. Ưu tiên cho người đã đi làm (cho doanh nghiệp hoặc cơ quan). Giá: 1,5 triệu/tháng. Liên hệ: anh Mạnh - 0912379652.",,high,1.5,14.0,unknown,phong_tro,0,0,1,0,0,0,0,0,1,1,3,10.0,0,3198,0.05,0.05,3124bfd66329b14a6ad3,9.977,0.10714285714285714
CHO THUÊ HỘ GIA ĐÌNH Ở YÊN XÁ TÂN TRIỀU,2800000,30,Hà Nội,Hà Đông,,,"Nhà mình muốn cho thuê hộ gia đình, thuê lâu dài - Nhà 30m2 rộng rãi và mát mẻ, có 1 gác xép bằng gỗ ở trên rất… - 185666",06/09/2017,https://phongtro123.com/tinh-thanh/ha-noi/cho-thue-ho-gia-dinh-o-yen-xa-tan-trieu.html,phongtro123.com,2026-07-05T15:44:35.651901+00:00,01652275673,https://phongtro123.com/images/thumb_default.svg,"Nhà mình muốn cho thuê hộ gia đình, thuê lâu dài - Nhà 30m2 rộng rãi và mát mẻ, có 1 gác xép bằng gỗ ở trên rất sạch sẽ, 1 sân phơi đằng sau thoáng đãng - Nhà ở độc lập, không ở chung với chủ nên giờ giấc thoải mái. - Điện nước có lắp đồng hồ riêng. tính giá theo giá nhà nước. - Khu dân cư an ninh tốt, dân trí cao, gần trường học và chợ rất tiện lợi - Địa chỉ: Tập thể Dệt, Yên Xá, Tân Triều, Thanh Trì, Hà Nội ( hồ Văn Quán-Hà Đông đi thẳng xuống).",,high,2.8,30.0,unknown,phong_tro,0,0,0,0,0,1,0,0,0,0,1,9.0,0,3224,0.05,0.05,430d22450ce38fe600ca,9.977,0.09333333333333332
CHO THUÊ PHÒNG TRONG CĂN HỘ CHUNG CƯ KHU VỰC HÀ ĐÔNG,2500000,25,"Đường Trần Phú, Phường Hà Đông, Hà Nội",Hà Đông,,,"Cho thuê 1 phòng trong căn hộ chung cư 3 pn, 3wc. Một phòng khách, một bếp sinh hoạt chung. Điện nước giá nc chia đầu… - 185554",06/09/2017,https://phongtro123.com/tinh-thanh/ha-noi/cho-thue-phong-trong-can-ho-chung-cu-khu-vuc-ha-dong.html,phongtro123.com,2026-07-05T15:44:35.651901+00:00,01685154869,https://phongtro123.com/images/thumb_default.svg,"Cho thuê 1 phòng trong căn hộ chung cư 3 pn, 3wc. Một phòng khách, một bếp sinh hoạt chung. Điện nước giá nc chia đầu người. Chỉ còn 1 phòng duy nhất, có thể ở đc 2 ng. Phòng rộng rãi sạch sẽ có thể đến ở ngay. (Ưu tiên nam) Gần hv an ninh, hb bưu chinh viễn thông, ĐH kiến trúc... Đóng tiền 3 tháng/1 lần + cọc 1 tháng. Chi tiết liên hệ sđt. 0972206689 cô Dung",,high,2.5,25.0,Hà Đông,can_ho,1,0,0,0,0,0,0,0,0,0,1,9.0,0,3224,0.05,0.05,df7d60730ddac8039d1c,9.977,0.1
Cho thuê phòng trọ gần chợ Hà Đông,1150000,16,"Phố Bà Triệu, Phường Hà Đông, Hà Nội",Hà Đông,,,"Còn 02 phòng trọ S=12m2 +6m@ gác xép, điện nước khép kín riêng biệt, an ninh, an toàn tốt, sạch sẽ. Địa chỉ: số… - 182042",20/08/2017,https://phongtro123.com/tinh-thanh/ha-noi/cho-thuee-phong-tro-gan-cho-ha-dong.html,phongtro123.com,2026-07-05T15:44:35.651901+00:00,0996164226,https://phongtro123.com/images/thumb_default.svg,"Còn 02 phòng trọ S=12m2 +6m@ gác xép, điện nước khép kín riêng biệt, an ninh, an toàn tốt, sạch sẽ. Địa chỉ: số nhà 42C đường lớn Hà trì (cạnh trường cấp 3 Lê Lợi- phố Bà Triệu rẽ vào). Cách bên xe bus 01,02... = 300m, cách trường kiến trúc =1500m, trường khoa học tự nhiên và nhân văn = 3000m Giá: 1.150k/tháng (ở tối da 02 người). LH: 0996164226, 0433554729 bà Thành hoặc a Quân.",,high,1.15,16.0,Hà Đông,phong_tro,0,1,0,0,0,1,0,0,0,0,2,8.0,0,3241,0.05,0.05,a5480ffeff64be6b5f39,9.977,0.071875
"Cho thuê phòng trọ, có đầy đủ nóng lạnh điều hòa",2300000,30,"Đường Nguyễn Văn Trỗi, Phường Hà Đông, Hà Nội",Hà Đông,,,Cho thuê phòng trọ cách trường buu chính 700 m .cách trường đại học kiến trúc 1000m cách trường đại học an ninh… - 177622,28/07/2017,https://phongtro123.com/tinh-thanh/ha-noi/co-day-du-nong-lanh-dieu-hoa.html,phongtro123.com,2026-07-05T15:44:35.651901+00:00,0915248679,https://phongtro123.com/images/thumb_default.svg,Cho thuê phòng trọ cách trường buu chính 700 m .cách trường đại học kiến trúc 1000m cách trường đại học an ninh 1500m Có đầy đủ nóng lạnh điều hòa,,high,2.3,30.0,Hà Đông,phong_tro,1,0,0,0,0,0,0,1,0,0,2,7.0,0,3264,0.05,0.05,3d74fdfb14fceb6f2790,9.977,0.07666666666666666
"Chính chủ, phòng khép kín đầy đủ nội thất, 1.8 tr/th, điện nước giá dân",1800000,15,"Đường Bế Văn Đàn, Phường Hà Đông, Hà Nội",Hà Đông,,,"Nhà mình còn 01 phòng tầng 3 đẹp, sạch sẽ, có nóng lạnh, không chung chủ, giờ giấc đi lại thoải mái. Thông tin… - 175228",20/07/2017,https://phongtro123.com/tinh-thanh/ha-noi/chinh-chu-phong-khep-kin-day-du-noi-that-1-8-trth-dien-nuoc-gia-dan.html,phongtro123.com,2026-07-05T15:44:35.651901+00:00,0989702691,https://phongtro123.com/images/thumb_default.svg,"Nhà mình còn 01 phòng tầng 3 đẹp, sạch sẽ, có nóng lạnh, không chung chủ, giờ giấc đi lại thoải mái. Thông tin ngôi nhà: - Nhà gần trung tâm, an ninh tốt, , dân chí cao. Địa chỉ :Số 2, dãy 1 Bế Văn Đàn (khu tập thể trường Y cũ), gần bệnh viện Đa khoa Hà Đông, CĐ Y tế Hà Đông, ĐH Kiến Trúc, HV An Ninh,… Phòng rộng, thoáng mát, có sẵn 1 số nội thất. Điện, nước theo giá nhà nước, mọi người trong nhà tự tính toán theo số điện sử dụng. Internet tốc độ cao. Giá thuê: 1.8tr /phòng. Liên hệ : Trúc Anh - 0989.702.691",3.0,high,1.8,15.0,Hà Đông,phong_tro,1,1,0,0,1,0,0,1,1,0,5,7.0,0,3272,0.05,0.05,0221a247a1c9ac36cdfc,9.977,0.12000000000000001
"Phòng trọ 4 tầng, riêng chủ điện nước giá dân, Hà Đông",1200000,15,"Đường Thanh Lãm, Phường Phú Lương, Hà Nội",Hà Đông,,,"M có phòng cho thuê,nhà m có 4 tầng, có 4 phòng,có chõ để xe máy, phòng riêng chủ, có chìa khóa riêng, thoáng mát có… - 136897",12/01/2017,https://phongtro123.com/tinh-thanh/ha-noi/phong-tro-4-tang-rieng-chu-dien-nuoc-gia-danha-dong.html,phongtro123.com,2026-07-05T15:44:35.651901+00:00,0965196442,https://phongtro123.com/images/thumb_default.svg,"M có phòng cho thuê,nhà m có 4 tầng, có 4 phòng,có chõ để xe máy, phòng riêng chủ, có chìa khóa riêng, thoáng mát có cửa sổ thoáng mát, có gác xếp bỏ đồ Phòng nhà m rộng khoảng 15 m2 có sẵn giường và bàn nấu ăn trong phòng Tầng 1 để xe miễn phí và nấu ăn Tầng 2 có 2 phòng có nóng lạnh nhà vệ sinh ngay cửa Tầng 3 có 2 phòng đẹp rộng rãi Tầng 4 có khu vực phơi quần áo trời mưa và quần áo trời nắng. Điện,nước mình lấy giá dân,nước sạch,thích hợp cho bạn đi làm và sinh viên thuê lâu dài,nhà nguyên người tri thức ở nên an ninh an toàn. Địa chỉ : Ngõ 13,Tổ 2 Thanh Lãm, Hà Đông,Hà Nội gần khu vực bến xe yên nghĩa tiện xe bus nhanh brt, đi xe bus đi học rất nhanh, không tắc đường.. Gần trường đị học đại nam, kinh tế kĩ thuật thương mại, Đại học kiến trúc(5km), bưu chính (5km) SĐT 0965196442",1.0,high,1.2,15.0,Phú Lương,phong_tro,0,0,0,0,0,1,0,1,0,1,3,1.0,0,3461,0.05,0.05,d3ddcaae57ccc35736c7,13.096,0.08
"Cho thuê phòng trọ riêng chủ, nhà 7 tầng tại Yên Phúc, Hà Đông, Hà Nội. LH: 0989576826/ 0916805864",1500000,16,"Đường Bạch Thái Bưởi, Phường Hà Đông, Hà Nội",Hà Đông,,,"Chính chủ cho thuê phòng khép kín, sạch sẽ, thoáng mát trong nhà 7 tầng tại Yên Phúc, Hà Đông. Giờ giấc đi lại… - 112345",21/09/2016,https://phongtro123.com/tinh-thanh/ha-noi/cho-thue-phong-tro-rieng-chu-nha-7-tang-tai-yen-phuc-ha-dong-ha-noi-lh-0989576826-0916805864.html,phongtro123.com,2026-07-05T15:44:35.651901+00:00,0989576826,https://phongtro123.com/images/thumb_default.svg,"Chính chủ cho thuê phòng khép kín, sạch sẽ, thoáng mát trong nhà 7 tầng tại Yên Phúc, Hà Đông. Giờ giấc đi lại thoải mái, an ninh tốt, gần nhiều trường đại học: Công nghệ, kiến trúc, an ninh, quân Y 103 và bệnh viện 103... (xe buýt ngay cạnh nhà). Diện tích: 15~18 m2 (khép kín, vòi hoa sen, chậu gương rửa...) Giá: 1,5 ~ 1,8 tr/tháng LH: chính chủ 0989576826/ 0916805864",,high,1.5,16.0,Hà Đông,phong_tro,0,1,0,0,0,0,0,0,0,0,1,9.0,0,3574,0.05,0.05,f8d7fc692b63d93a84ef,9.977,0.09375
Cho thuê phòng trọ gần Big C Hồ Gươm Plaza,2500000,20,"Đường Mỗ Lao, Phường Hà Đông, Hà Nội",Hà Đông,,,"Cho thuê phòng ở Mỗ Lao, Hà Đông. điện 4k/số , nước 80k/người, giá phòng 2.400.000đ/ tháng, thanh toán 3 tháng 1… - 119936",20/10/2016,https://phongtro123.com/tinh-thanh/ha-noi/cho-thue-phong-tro-gan-big-c-ho-guom-plaza.html,phongtro123.com,2026-07-05T15:44:35.651901+00:00,0986325222,https://phongtro123.com/images/thumb_default.svg,"Cho thuê phòng ở Mỗ Lao, Hà Đông. điện 4k/số , nước 80k/người, giá phòng 2.400.000đ/ tháng, thanh toán 3 tháng 1 lần có đầy đủ điều hòa, nóng lạnh thang máy đi lại.",,high,2.5,20.0,Hà Đông,phong_tro,1,0,0,1,0,0,0,1,0,0,3,10.0,0,3545,0.05,0.05,fa0fcb4b4c559cc9e13f,9.977,0.125
"Cho thuê phòng tại đường Quang Trung-Hà Đông-Hà Nội, diện tích 23m2 giá 2 triệu đồng.",2000000,23,"Đường Quang Trung, Phường Hà Đông, Hà Nội",Hà Đông,,,"Nhà mới hoàn thiện sạch đẹp, gần bưu điện Hà Đông, siêu thị Hiway, bến xe bus, cách mặt đường Quang Trung 10m… - 3394",15/08/2019,https://phongtro123.com/tinh-thanh/ha-noi/cho-thue-phong-tai-duong-quang-trung-ha-dong-ha-noi-dien-tich-22m2-gia-2-trieu-dong.html,phongtro123.com,2026-07-05T15:44:37.178270+00:00,0902166024,https://phongtro123.com/images/thumb_default.svg,"Nhà mới hoàn thiện sạch đẹp, gần bưu điện Hà Đông, siêu thị Hiway, bến xe bus, cách mặt đường Quang Trung 10m rất thuận tiện đi lại. Có 6 phòng cho thuê, nay còn 1 phòng tại tầng 2. Phòng có trang bị tiện nghi đầy đủ: công trình phụ khép kín, cửa sổ rộng có rèm, chỗ phơi và nấu ăn, có wifi cáp quang, truyền hình cáp, sân rộng để xe, nằm trong khu vực dân trí cao, yên tĩnh và an ninh tốt. Ai có nhu cầu liên hệ: Chị Hà 0902166024.",2.0,high,2.0,23.0,Hà Đông,phong_tro,0,1,0,0,0,0,0,0,1,1,3,8.0,0,2516,0.05,0.05,e78f962a2270247edc6e,9.977,0.08695652173913043
CHO THUÊ PHÒNG TRỌ KHÉP KÍN TRONG CĂN HỘ 6 TẦNG ĐA SỸ - 1TR,1000000,13,"Đường Kiến Hưng, Phường Hà Đông, Hà Nội",Hà Đông,,,Cho thuê phòng trọ khép kín trong căn hộ 6 tầng:Phòng 13m2:  1tr/tháng. Điện 3k/ số ; nước 60k/người/thángNhà xây… - 101369,22/07/2016,https://phongtro123.com/tinh-thanh/ha-noi/cho-thue-phong-tro-khep-kin-trong-can-ho-6-tang-da-sy-1tr.html,phongtro123.com,2026-07-05T15:44:37.178270+00:00,0932352266,https://phongtro123.com/images/thumb_default.svg,"Cho thuê phòng trọ khép kín trong căn hộ 6 tầng: Phòng 13m2:  1tr/tháng. Điện 3k/ số ; nước 60k/người/tháng Nhà xây kiên cố, sạch sẽ, vệ sinh đầy đủ, mới. Nhà trong khu dân trí, yên tĩnh, gần các trường ĐH: Bưu chính, An Ninh, Học viện KTQS... gần chợ Hà Đông Có tầng 1 để xe rộng rãi, mạng cáp quang. Liên hệ chính chủ: A Sang 0932352266( miễn trung gian) Xem nhà vào buổi trưa và ngoài giờ hành chính.",1.0,high,1.0,13.0,Hà Đông,can_ho,1,1,0,0,0,0,0,0,1,1,4,7.0,0,3635,0.05,0.05,ac051c2d6bcb7c9891ec,9.977,0.07692307692307693
"Hiện nay tôi có một phòng cho thuê ở tầng 3, diện tích khoảng 18m2, phòng có ban công riêng phơi quần áo",1200000,18,"Đường Tô Hiệu, Hà Nội",Hà Đông,,,"Hiện nay tôi có một phòng cho thuê ở tầng 3, diện tích khoảng 18m2. Phòng có ban công riêng phơi quần áo. Nhà ở độc… - 86903",04/05/2016,https://phongtro123.com/tinh-thanh/ha-noi/hien-nay-toi-co-mot-phong-cho-thue-o-tang-3-dien-tich-khoang-18m2-phong-co-ban-cong-rieng-phoi-quan-ao.html,phongtro123.com,2026-07-05T15:44:37.179270+00:00,0987814253,https://phongtro123.com/images/thumb_default.svg,"Hiện nay tôi có một phòng cho thuê ở tầng 3, diện tích khoảng 18m2. Phòng có ban công riêng phơi quần áo. Nhà ở độc lập,không chung chủ, được cấp chìa khóa riêng, giờ giấc đi lại tự do. Nhà cách chợ 100m, tiện đường, ô tô vào tận cửa. Phòng ở có sẵn đệm, bàn tủ sách, ghế, tủ quần áo, điều hòa. Nhà ở đầy đủ tiện nghi máy giặt, tủ lạnh, bình nóng lạnh, mạng dây, wifi…. Điện nước tính giá hộ gia đình, an ninh rất tốt. Ưu tiên nam giới thuê nhà, ở một mình, người ở lâu dài, văn minh, lịch thiệp. Giá phòng : 1tr2/tháng.",3.0,high,1.2,18.0,unknown,phong_tro,1,0,1,0,0,0,1,1,1,0,5,5.0,0,3714,0.05,0.05,249f649b6227f46ff139,9.977,0.06666666666666667
Cho thuê phòng trọ khép kín trong căn hộ 6 tầng Đa Sỹ,1000000,13,"Đường Kiến Hưng, Phường Hà Đông, Hà Nội",Hà Đông,,,"Cho thuê phòng trọ khép kín trong nhà 6 tầng tại C11 khu đấu giá Kiến Hưng, Đa Sỹ, Hà Đông. -Giá: phòng 20m2:… - 79726",31/03/2016,https://phongtro123.com/tinh-thanh/ha-noi/cho-thue-phong-tro-khep-kin-trong-can-ho-6-tang-da-sy.html,phongtro123.com,2026-07-05T15:44:37.179270+00:00,0932352266,https://phongtro123.com/images/thumb_default.svg,"Cho thuê phòng trọ khép kín trong nhà 6 tầng tại C11 khu đấu giá Kiến Hưng, Đa Sỹ, Hà Đông. -Giá: phòng 20m2: 1tr5/tháng; phòng 13m2: 1tr/tháng -Gần các trường ĐH: Kiến Trúc, An Ninh, Bưu Chính... gần chợ Hà Đông -Điện 3k/số, nước 60k/người/tháng - Riêng chủ thời gian đi lại thoải mái tự do tiếp bạn bè -Phòng mới, vệ sinh sạch sẽ Internet mạng cáp quang -Để xe free tầng 1, chỗ để cực kỳ rộng rãi>> phù hợp các bạn có phương tiện xe máy LH CHÍNH CHỦ, XEM NHÀ FREE: A SANG 0932352266 (Xem nhà buổi trưa hoặc ngoài giờ hành chính)",1.0,high,1.0,13.0,Hà Đông,can_ho,1,1,0,0,0,0,0,0,1,1,4,3.0,0,3748,0.05,0.05,ac051c2d6bcb7c9891ec,9.977,0.07692307692307693
Cho thuê phòng trọ SV giá rẻ,2000000,25,"Đường Chu Văn An, Hà Nội",Hà Đông,,,"Cho thuê phòng trọ sinh viên giá rẻ, phòng rộng 28m2 có Wifi miễn phí, điều hòa, bình nóng lanh, có sẵn giường tủ,… - 60909",23/11/2015,https://phongtro123.com/tinh-thanh/ha-noi/cho-thue-phong-tro-sv-gia-re.html,phongtro123.com,2026-07-05T15:44:37.179270+00:00,01257547468,https://phongtro123.com/images/thumb_default.svg,"Cho thuê phòng trọ sinh viên giá rẻ, phòng rộng 28m2 có Wifi miễn phí, điều hòa, bình nóng lanh, có sẵn giường tủ, chỉ việc đến ở, chỉ cho sinh viên nữ thuê, WC khép kín, có chỗ phơi đồ thoáng mát, có thể ở ghép 3 người Gần chợ, bến xe bus, và các trường đại học kiến trúc, An Ninh.... Giá: 2.000.000đ/th. Đia chỉ: Số 10 /ngõ 1 Chu Văn An, Q.Hà Đông, gần bưu điện Hà Đông, gần bến xe buýt, Trường học, chợ. Liên hệ: Trường : 0985713312 Hoặc Cô Yến Tel: 0125.754.7468.",,high,2.0,25.0,unknown,o_ghep,1,1,0,0,0,0,0,1,1,0,4,11.0,0,3877,0.05,0.05,e237dedeb15c7fef3c5d,9.977,0.08
"Cho thuê phòng trọ SV giá rẻ, Số 10/ Ngõ 1 Chu Văn An, Quận Hà Đông",2000000,25,Hà Nội,Hà Đông,,,"Cho thuê phòng trọ sinh viên giá rẻ, phòng rộng 25m2 có Wifi miễn phí, điều hòa, bình nóng lanh, có sẵn giường tủ,… - 33890",15/08/2019,https://phongtro123.com/tinh-thanh/ha-noi/cho-thue-phong-tro-sv-gia-re-so-10-ngo-1-chu-van-an-quan-ha-dong.html,phongtro123.com,2026-07-05T15:44:37.179270+00:00,01257547468,https://phongtro123.com/images/thumb_default.svg,"Cho thuê phòng trọ sinh viên giá rẻ, phòng rộng 25m2 có Wifi miễn phí, điều hòa, bình nóng lanh, có sẵn giường tủ, chỉ việc đến ở, chỉ cho sv nữ thuê, WC khép kín, có chỗ phơi đồ thoáng mát, có thể ở ghép 3 người  giá : 2.000.000đ Đia chỉ : Số 10 /Ngõ 1 Chu Văn An, Q.Hà Đông, Gần bưu điện HĐ, gần bến xe buýt, Trường học, chợ Liên hệ : Cô Yến Tel :0125.754.7468",,high,2.0,25.0,unknown,o_ghep,1,1,0,0,0,0,0,1,1,0,4,8.0,0,2516,0.05,0.05,a72ec54cade6e5f5f8a5,9.977,0.08
Có phòng trọ cho sinh viên thuê,1500000,9,Hà Nội,Hà Đông,,,"Chủ hộ: Nguyễn Tân Tỉnh. 
SĐT: 01693296810. 
Địa chỉ: 156 Đường Thanh Bình, Quận Hà Đông. 
Liên lạc để biết… - 30206",15/08/2019,https://phongtro123.com/tinh-thanh/ha-noi/co-phong-tro-cho-sinh-vien-thue.html,phongtro123.com,2026-07-05T15:44:37.179270+00:00,01693296810,https://phongtro123.com/images/thumb_default.svg,"Chủ hộ: Nguyễn Tân Tỉnh. SĐT: 01693296810. Địa chỉ: 156 Đường Thanh Bình, Quận Hà Đông. Liên lạc để biết thêm chi tiết.",,high,1.5,9.0,unknown,phong_tro,0,0,0,0,0,0,0,0,0,0,0,8.0,0,2516,0.05,0.05,92c17f34502fc2eee104,9.977,0.16666666666666666
"Có phòng trọ cho sinh viên thuê, 156 Đường Thanh Bình, Q.Hà Đông",1500000,15,Hà Nội,Hà Đông,,,"Liên hệ trực tiếp để biết thêm chi tiết. 
Chủ hộ : Nguyễn Tân Tỉnh - 23961",15/08/2019,https://phongtro123.com/tinh-thanh/ha-noi/co-phong-tro-cho-sinh-vien-thue-156-duong-thanh-binh-q-ha-dong.html,phongtro123.com,2026-07-05T15:44:37.179270+00:00,01693296810,https://phongtro123.com/images/thumb_default.svg,Liên hệ trực tiếp để biết thêm chi tiết. Chủ hộ : Nguyễn Tân Tỉnh,,high,1.5,15.0,unknown,phong_tro,0,0,0,0,0,0,0,0,0,0,0,8.0,0,2516,0.05,0.05,92c17f34502fc2eee104,9.977,0.1
"Có phòng trọ cho sinh viên thuê, 156 Đường Thanh Bình, Hà Đông",1500000,13,Hà Nội,Hà Đông,,,"Chủ hộ : Nguyễn Tân Tỉnh
SĐT : 01693296810
Mọi chi tiết xin gọi điện để biết - 23058",15/08/2019,https://phongtro123.com/tinh-thanh/ha-noi/co-phong-tro-cho-sinh-vien-thue-156-duong-thanh-binh-ha-dong.html,phongtro123.com,2026-07-05T15:44:37.179270+00:00,01693296810,https://phongtro123.com/images/thumb_default.svg,Chủ hộ : Nguyễn Tân Tỉnh SĐT : 01693296810 Mọi chi tiết xin gọi điện để biết,,high,1.5,13.0,unknown,phong_tro,0,0,0,0,0,0,0,0,0,0,0,8.0,0,2516,0.05,0.05,92c17f34502fc2eee104,9.977,0.11538461538461539
"Cho thuê phòng trọ khép kín tại ngõ 704 Quang Trung, Hà Nội",2300000,30,Hà Nội,Hà Đông,,,"Tôi có 23 căn hộ khép kín cần cho thuê diện tích: 30m2/căn, địa chỉ: Số 2/23 ngõ Trạm Điện (704 Quang Trung, Hà… - 3409",15/08/2019,https://phongtro123.com/tinh-thanh/ha-noi/cho-thue-phong-tro-khep-kin-tai-ngo-704-quang-trung-ha-noi.html,phongtro123.com,2026-07-05T15:44:37.180271+00:00,0912 225 866,https://phongtro123.com/images/thumb_default.svg,"Tôi có 23 căn hộ khép kín cần cho thuê diện tích: 30m2/căn, địa chỉ: Số 2/23 ngõ Trạm Điện (704 Quang Trung, Hà Đông, thoáng, sạch, đẹp, mới xây,cách bến lên xuống xe buýt 50m, đến thuê sớm được chọn căn, chọn tầng theo ý muốn. - Đầy đủ tiện nghi: Bình nước nóng, quạt trần, tủ bếp, nội thất xịn …. - Không gian rộng rãi có 3 mặt tiền, thoáng mát, điện 3 pha, nước sạch công tơ riêng theo giá nhà nước quy định. - Có gác để đồ rộng, hành lang trước 1,4m, ban công sau 0,8m tiện phơi phóng, kê máy giặt, cầu thang 1,2m, sân thượng cộng đồng 200m2, nhà để xe 100m2. - Chủ nhà chỉ thu duy nhất tiền nhà và miễn phí toàn bộ dịch vụ đi kèm (Internet, truyền hình cáp, phí vệ sinh, bảo vệ 24/24, phí để xe…). - Giá 2,3 -2,7 triệu/căn/tháng ( Tùy căn, tùy tầng) - Liên hệ: Anh Tiến-điện thoại: 0912 225 866. (Thích hợp cho hộ gia đình thuê và miễn sinh viên).",,high,2.3,30.0,unknown,can_ho,0,1,1,0,0,1,1,0,1,1,6,8.0,0,2516,0.05,0.05,c15ad4a343b1d2fabacc,9.977,0.07666666666666666
"Cho thuê phòng trọ khép kín 12m2, điện nước riêng biệt",1000000,12,Hà Nội,Hà Đông,,,"Cho thuê phòng trọ khép kín 12m2 ,điện nước riêng biệt,tại khu xa la hà đông khu dân cư đông đức gần chợ ,an ninh… - 2157",15/08/2019,https://phongtro123.com/tinh-thanh/ha-noi/cho-thue-phong-tro-khep-kin-12m2-dien-nuoc-rieng-biet.html,phongtro123.com,2026-07-05T15:44:37.180271+00:00,0912727201,https://phongtro123.com/images/thumb_default.svg,"Cho thuê phòng trọ khép kín 12m2 ,điện nước riêng biệt,tại khu xa la hà đông khu dân cư đông đức gần chợ ,an ninh tốt. LH:Bác Tiến: 0912727201",,high,1.0,12.0,unknown,phong_tro,0,1,0,0,0,0,0,0,0,0,1,8.0,0,2516,0.05,0.05,e49a65af96431420ed31,9.977,0.08333333333333333
"Cần cho thuê nhà, cho thuê phòng gần đại học Kiến Trúc",2000000,18,Hà Nội,Hà Đông,,,"Còn 02 phòng cho sinh viên thuê cạnh đại học kiến trúc, sau siêu thi Media Mart.
Ở riêng chủ nhà ở nơi khác, phòng 18m2… - 2153",15/08/2019,https://phongtro123.com/tinh-thanh/ha-noi/can-cho-thue-nha-cho-thue-phong-gan-dai-hoc-kien-truc.html,phongtro123.com,2026-07-05T15:44:37.180271+00:00,0124 673 0419,https://phongtro123.com/images/thumb_default.svg,"Còn 02 phòng cho sinh viên thuê cạnh đại học kiến trúc, sau siêu thi Media Mart. Ở riêng chủ nhà ở nơi khác, phòng 18m2 giá 2 triệu. Hướng Đông Nam thoáng mát có chỗ để xe máy ở tầng 1. Liên hệ cô hiền: 0124 673 0419. 01246730419",1.0,high,2.0,18.0,unknown,phong_tro,0,0,0,0,0,0,0,0,0,1,1,8.0,0,2516,0.05,0.05,fe07a8387733d09e3365,9.977,0.1111111111111111
"Cho thuê phòng trọ đẹp 20m2, điện nước đầy đủ",1600000,20,Hà Nội,Hà Đông,,,"Có phòng ở khép kín cho thuê, DT 20m2 điện nước, an ninh tốt, có chỗ để xe trong nhà. Giao thông đi lại thuận lợi,… - 2033",15/08/2019,https://phongtro123.com/tinh-thanh/ha-noi/cho-thue-phong-tro-dep-20m2-dien-nuoc-day-du.html,phongtro123.com,2026-07-05T15:44:39.422911+00:00,0912173567,https://phongtro123.com/images/thumb_default.svg,"Có phòng ở khép kín cho thuê, DT 20m2 điện nước, an ninh tốt, có chỗ để xe trong nhà. Giao thông đi lại thuận lợi, gần chợ, siêu thị, bệnh viện và các trường ĐH: ĐH Đại Nam, HV Bưu Chính, ĐH Kiến Trúc, HV An Ninh, HV Chính Trị.. Đ/C: Số 22 B2, ngõ 8 Ngô Quyền, Hà Đông, Hà Nội (MTG). LH: Chú Hiến - 0912173567 hoặc Cô Hải - 01238462869 (Chủ Nhà)",,high,1.6,20.0,unknown,phong_tro,1,1,0,0,0,0,0,0,0,1,3,8.0,0,2516,0.05,0.05,ce39cfbeaa5f655919b6,9.977,0.08
Cho thuê căn hộ khép kín tại ngõ 704 Quang Trung Hà Đông Hà Nội,2300000,30,Hà Nội,Hà Đông,,,"Tôi có 23 căn hộ khép kín cần cho thuê diện tích: 30m2/căn, địa chỉ: Số 2/23 ngõ Trạm Điện (704 Quang Trung, Hà… - 1103",15/08/2019,https://phongtro123.com/tinh-thanh/ha-noi/cho-thue-can-ho-khep-kin-tai-ngo-704-quang-trung-ha-dong-ha-noi.html,phongtro123.com,2026-07-05T15:44:39.423910+00:00,0912 225 866,https://phongtro123.com/images/thumb_default.svg,"Tôi có 23 căn hộ khép kín cần cho thuê diện tích: 30m2/căn, địa chỉ: Số 2/23 ngõ Trạm Điện (704 Quang Trung, Hà Đông, thotầng theoáng, sạch, đẹp, mới xây,cách bến lên xuống xe buýt 50m, đến thuê sớm được chọn căn, chọn  ý muốn. - Đầy đủ tiện nghi: Bình nước nóng, quạt trần, tủ bếp, nội thất xịn …. - Không gian rộng rãi có 3 mặt tiền, thoáng mát, điện 3 pha, nước sạch công tơ riêng theo giá nhà nước quy định. - Có gác để đồ rộng, hành lang trước 1,4m, ban công sau 0,8m tiện phơi phóng, kê máy giặt, cầu thang 1,2m, sân thượng cộng đồng 200m2, nhà để xe 100m2. - Chủ nhà chỉ thu duy nhất tiền nhà và miễn phí toàn bộ dịch vụ đi kèm (Internet, truyền hình cáp, phí vệ sinh, bảo vệ 24/24, phí để xe…). - Giá 2,3 -2,7 triệu/căn/tháng ( Tùy căn, tùy tầng) - Liên hệ: Anh Tiến-điện thoại: 0912 225 866. (Thích hợp cho hộ gia đình thuê và miễn sinh viên).",,high,2.3,30.0,unknown,can_ho,0,1,1,0,0,1,1,0,1,1,6,8.0,0,2516,0.05,0.05,c15ad4a343b1d2fabacc,9.977,0.07666666666666666
"Cho thuê nhà đường Lê Lợi, Nguyễn Trãi, Hà Đông",1500000,17,Hà Nội,Hà Đông,,,"Hiện nay Tôi có vài căn phòng cần cho thuê, ưu tiên SV và hộ gia đình nhỏ. tại ngõ 36 đường Lê Lợi phường Nguyễn… - 240",15/08/2019,https://phongtro123.com/tinh-thanh/ha-noi/cho-thue-nha-duong-le-loi-nguyen-trai-ha-dong.html,phongtro123.com,2026-07-05T15:44:39.423910+00:00,0913589998,https://phongtro123.com/images/thumb_default.svg,"Hiện nay Tôi có vài căn phòng cần cho thuê, ưu tiên SV và hộ gia đình nhỏ. tại ngõ 36 đường Lê Lợi phường Nguyễn Trãi Quận Hà Đông. Cách chợ Hà Đông 200m và cách đường trục đường chính Quang Trung 200m Khu nhà cho thuê bao gồm 4 tầng và 8 phòng *Phòng khép kín, có bếp+vệ sinh riêng. +Tổng diện tích 1 phòng từ 17 ->> 20m2, điện nước ổn định.sạch sẽ + Nhà mới xây, thiết bị đẹp, thoáng mát, dân trí cao + Có chỗ để xe máy riêng - An ninh tốt. riêng biệt Có khóa cổng riêng biệt không đi chung đường với chủ nhà + Truyên hình cáp - đường truyền internet ADSL. +Gần chợ, TTTM, bệnh viện , trường học Tiện cho sinh hoạt.... -->>>Giá hợp lý từ 1.5 triệu đến 1.8 triệu - Chính chủ miễn trung gian. **Liên hệ: +A. Tuấn 0913589998",,high,1.5,17.0,unknown,phong_tro,0,1,0,0,0,0,0,0,1,1,3,8.0,0,2516,0.05,0.05,ae6fe6a94a3b0c323d5b,9.977,0.08823529411764706
