title,price_raw,area_raw,address,description,phone,image,source_url,source_name,crawled_at,price_million,area_m2,ward,room_type,has_dieu_hoa,has_khep_kin,has_ban_cong,has_thang_may,has_full_do,has_gac,has_may_giat,has_nong_lanh,has_wifi,has_de_xe,number_of_amenities,unit_price
"Cho thuê phòng full đồ, ban công thoáng tại số 10/144 Hồ Quan Nhân, Thanh Xuân gần DH Nhân Văn",5500000,30.0,"144 Phố Quan Nhân, Phường Thanh Xuân, Hà Nội","Cho thuê phòng CCMN full đồ, ban công thoáng tại số 10/144 Hồ Quan Nhân, Thanh Xuân, Hà Nội - Trung tâm Quan Nhân, đối… - 637980",0961910838,https://pt123.cdn.static123.com/images/thumbs/450x300/fit/2026/06/17/z2339425163278-97fa0ef7ef170ddd3f5393f37a2dde37_1781692000.jpg,https://phongtro123.com/cho-thue-studio-full-do-tu-a-z-chi-can-sach-vali-den-o-144-quan-nhan-thanh-xuan-ha-noi-pr637980.html,phongtro123.com,2026-07-05T15:11:44.383648+00:00,5.5,30.0,Thanh Xuân,can_ho_mini,0,0,1,0,1,0,0,0,0,0,2,0.1833333333333333
"Cho thuê phòng Full đồ ngay 138 Hạ Đình, gần DH Khoa học XH Nhân Văn, DH CNGTVT, DH Hà Nội",3500000,20.0,"138 Phố Hạ Đình, Phường Khương Đình, Hà Nội","Chính chủ cho thuê phòng CCMN full đồ, khép kín tại số 02 ngõ 138 Hạ Đình, Thanh Xuân, Hà Nội - Gần ĐH Thăng Long,… - 708017",0961910838,https://pt123.cdn.static123.com/images/thumbs/450x300/fit/2026/06/09/z7191695835650-b4d23b5f7d1db18542a8241eef6268ff_1780977815.jpg,https://phongtro123.com/cho-thue-phong-full-do-ngay-138-ha-dinh-gan-dh-khoa-hoc-xh-nhan-van-dh-cngtvt-dh-ha-noi-pr708017.html,phongtro123.com,2026-07-05T15:11:44.383648+00:00,3.5,20.0,Khương Đình,can_ho_mini,0,1,0,0,1,0,0,0,0,0,2,0.175
Phòng 1n1k tại Triều Khúc 40m² mới tinh vào ở luôn,5100000,40.0,"Số 58 ngõ 83 Đường Tân Triều ,Triều Khúc Đường Nguyễn Xiển, Phường Thanh Liệt, Hà Nội","Phòng đôi 1n1k tại ngõ 83 đường Tân Triều. Phòng rộng 40m².mới tinh.không chung chủ,giờ giấc tự do. Đầy đủ… - 628199",0912216086,https://pt123.cdn.static123.com/images/thumbs/450x300/fit/2024/06/14/247927107-349685186955664-3444641882296437615-n_1718380227.jpg,https://phongtro123.com/phong-2-ngu-tai-trieu-khuc-moi-tinh-vao-o-luon-pr628199.html,phongtro123.com,2026-07-05T15:11:44.383648+00:00,5.1,40.0,Thanh Liệt,phong_tro,0,0,0,0,0,0,0,0,0,0,0,0.1275
cho thuê 2 phòng trọ còn trống tại khu vực Quan Nhân Thanh Xuân,3000000,20.0,"68 Phố Quan Nhân, Phường Thanh Xuân, Hà Nội",cho thuê 2 phòng trọ còn trống tại khu vực Quan Nhân Thanh Xuân có chỗ phơi quần áo cửa vân tay đi lại thoải mái… - 708912,0975164877,https://pt123.cdn.static123.com/images/thumbs/450x300/fit/2026/06/29/img-5472_1782720631.jpg,https://phongtro123.com/cho-thue-2-phong-tro-con-trong-tai-khu-vuc-quan-nhan-thanh-xuan-pr708912.html,phongtro123.com,2026-07-05T15:11:44.385653+00:00,3.0,20.0,Thanh Xuân,phong_tro,0,0,0,0,0,0,0,0,0,0,0,0.15
"CHO THUÊ PHÒNG FULL ĐỒ, QUAN NHÂN, GẦN CHỢ, CẦU VƯỢT LÊ VĂN LƯƠNG, NHÀ MỚI",5100000,30.0,"52/144 Phố Quan Nhân, Phường Thanh Xuân, Hà Nội","Cho thuê phòng nhà mới, full đồ, rộng thoáng, số 52, ngõ 144 Quan Nhân, Thanh Xuân, Hà Nội. Vị trí trung tâm thuận… - 690322",0976757397,https://pt123.cdn.static123.com/images/thumbs/450x300/fit/2025/08/26/z4571333397021-07116bc51d4e5c8e10d43494326290d0_1756198407.jpg,https://phongtro123.com/cho-thue-ccmn-full-do-quan-nhan-gan-tro-cau-vuot-le-van-luong-nha-moi-2-pr690322.html,phongtro123.com,2026-07-05T15:11:44.385653+00:00,5.1,30.0,Thanh Xuân,phong_tro,0,0,0,0,1,0,0,0,0,0,1,0.1699999999999999
"Cho thuê CCMN full đồ, cửa sổ ban công, ngõ 286 Nguyễn Xiển gần DH Nhân Văn, Công nghệ GTVT",4200000,25.0,"286 Đường Nguyễn Xiển, Phường Thanh Xuân, Hà Nội","Chính chủ cho thuê phòng full đồ, có cửa sổ, ban công, khép kín tại ngõ 286 nguyễn xiển (cạnh ecogreen) hoặc đi ngõ… - 673107",0877828666,https://pt123.cdn.static123.com/images/thumbs/450x300/fit/2026/04/15/93e18dc95805925bcb144_1776238319.jpg,https://phongtro123.com/cho-thue-ccmn-full-do-noi-that-khu-vuc-286-nguyen-xien-pr673107.html,phongtro123.com,2026-07-05T15:11:44.385653+00:00,4.2,25.0,Thanh Xuân,can_ho_mini,0,1,1,0,1,0,0,0,0,0,3,0.168
"Cho thuê phòng full đồ, ban công thoáng tại số 10/144 Hồ Quan Nhân, Thanh Xuân gần DH Nhân Văn",4500000,25.0,"144 Phố Quan Nhân, Phường Thanh Xuân, Hà Nội","Cho thuê phòng CCMN full đồ, ban công thoáng tại số 10/144 Hồ Quan Nhân, Thanh Xuân, Hà Nội - Trung tâm Quan Nhân, đối… - 599378",0877828666,https://pt123.cdn.static123.com/images/thumbs/450x300/fit/2024/05/17/2c5e00b75851f70fae408_1715936900.jpg,https://phongtro123.com/c-chu-cho-thue-ccmn-studio-moi-full-do-a-z-tai-so-10-144-ho-quan-nhan-thanh-xuan-pr599378.html,phongtro123.com,2026-07-05T15:11:44.385653+00:00,4.5,25.0,Thanh Xuân,can_ho_mini,0,0,1,0,1,0,0,0,0,0,2,0.18
"Cho thuê CCMN Khép kín, ban công 140 nguyễn xiển, thanh xuân, gần ĐH Nhân Văn",4300000,25.0,"140 Đường Nguyễn Xiển, Phường Thanh Xuân, Hà Nội","Cho thuê phòng đủ đồ, khép kín, có ban công tại 140 Nguyễn Xiển, gần DH Nhân Văn, DH Công nghệ GTVT... - Vị trí: ngay… - 620603",0877828666,https://pt123.cdn.static123.com/images/thumbs/450x300/fit/2026/04/15/333904816028079578310_1776238153.jpg,https://phongtro123.com/cho-thue-ccmn-khep-kin-ban-cong-140-nguyen-xien-thanh-xuan-gan-dh-nhan-van-pr620603.html,phongtro123.com,2026-07-05T15:11:44.385653+00:00,4.3,25.0,Thanh Xuân,can_ho_mini,0,1,1,0,0,0,0,0,0,0,2,0.172
"Cho thuê phòng có ban công cửa sổ tại 73 Hoàng Ngân, Quan Nhân",4800000,22.0,"73 Đường Hoàng Ngân, Phường Thanh Xuân, Hà Nội","Cho thuê phòng mới tinh, full đồ, rộng thoáng, có ban công cửa sổ tại 73 Hoàng Ngân, Quan Nhân - Vị trí trung tâm,… - 690230",0877828666,https://pt123.cdn.static123.com/images/thumbs/450x300/fit/2025/08/25/d6ae8796d50b5d55041a3_1756111456.jpg,https://phongtro123.com/cho-thue-ccmn-co-ban-cong-cua-so-tai-73-hoang-ngan-quan-nhan-pr690230.html,phongtro123.com,2026-07-05T15:11:44.385653+00:00,4.8,22.0,Thanh Xuân,phong_tro,0,0,1,0,1,0,0,0,0,0,2,0.2181818181818181
"Cho thuê phòng Full đồ ngay 138 Hạ Đình, gần DH Khoa học XH Nhân Văn, DH CNGTVT, DH Hà Nội",3300000,20.0,"138 Phố Hạ Đình, Phường Khương Đình, Hà Nội","Chính chủ cho thuê phòng CCMN full đồ, khép kín tại số 02 ngõ 138 Hạ Đình, Thanh Xuân, Hà Nội - Gần ĐH Thăng Long,… - 637652",0877828666,https://pt123.cdn.static123.com/images/thumbs/450x300/fit/2026/04/15/e8d86f58c0aa4df414bb10_1776238445.jpg,https://phongtro123.com/cho-thue-phong-ccmn-full-do-ngay-138-ha-dinh-gan-dh-khoa-hoc-xh-nhan-van-dh-cngtvt-dh-ha-noi-pr637652.html,phongtro123.com,2026-07-05T15:11:44.385653+00:00,3.3,20.0,Khương Đình,can_ho_mini,0,1,0,0,1,0,0,0,0,0,2,0.1649999999999999
"Địa chỉ : 16/97 Khương Trung - Thanh Xuân 
Trống phòng tầng 6 . 1/7 vào",4400000,25.0,"16/97 Đường Khương Trung, Phường Khương Đình, Hà Nội",Địa chỉ : 16/97 khương trung - Thanh Xuân Trống phòng tầng 6 . 1/7 vào Giá thuê : 4tr4 Nội thất Full đồ như… - 708775,0899954229,https://pt123.cdn.static123.com/images/thumbs/450x300/fit/2026/06/25/gen-h-z7975752420335-e75732a5071ec589bd29ff86bb7b8abd_1782393402.jpg,https://phongtro123.com/dia-chi-16-97-khuong-trung-thanh-xuan-trong-phong-tang-6-1-7-vao-pr708775.html,phongtro123.com,2026-07-05T15:11:44.385653+00:00,4.4,25.0,Khương Đình,phong_tro,0,0,0,0,1,0,0,0,0,0,1,0.176
"Địa chỉ : 77 Bùi Xương Trạch - Thanh Xuân 
Trống 5 phòng ở luôn",4800000,25.0,"77 Đường Bùi Xương Trạch, Phường Khương Đình, Hà Nội","Địa chỉ : 77 Bùi Xương Trạch - Thanh Xuân Trống 5 phòng ở luôn Giá thuê : 4tr8 Nội thất. Điều hòa, nóng… - 708774",0899954229,https://pt123.cdn.static123.com/images/thumbs/450x300/fit/2026/06/25/gen-h-z7975774910362-1e04411a918d4e8c42c64b1f5a124db1_1782392984.jpg,https://phongtro123.com/dia-chi-77-bui-xuong-trach-thanh-xuan-trong-5-phong-o-luon-pr708774.html,phongtro123.com,2026-07-05T15:11:44.385653+00:00,4.8,25.0,Khương Đình,phong_tro,1,0,0,0,0,0,0,0,0,0,1,0.192
"Phòng rộng tại Triều Khúc cho hộ gia đình, nhóm bạn thuê",4600000,38.0,"Đường Triều Khúc, Phường Thanh Liệt, Hà Nội","Phòng rộng vào ở luôn cho hộ gia đình , nhóm người đi làm thuê,tại ngõ 83 Tân Triều, Triều Khúc. Phòng rộng… - 708094",0912216086,https://pt123.cdn.static123.com/images/thumbs/450x300/fit/2026/06/10/anh-1_1781087198.jpg,https://phongtro123.com/phong-rong-tai-trieu-khuc-cho-ho-gia-dinh-nhom-ban-thue-pr708094.html,phongtro123.com,2026-07-05T15:11:44.385653+00:00,4.6,38.0,Thanh Liệt,phong_tro,0,0,0,0,0,0,0,0,0,0,0,0.1210526315789473
[TRƯỜNG CHINH] CĂN HỘ DỊCH VỤ SẴN ĐỒ - GIÁ CHỈ TỪ 3TR,3000000,20.0,"C31, ngõ 109 Đường Trường Chinh, Phường Phương Liệt, Hà Nội","Tiện ích: Sẵn giường nệm, tủ quần áo lớn, kệ để đồ, điều hòa Vị trí: Khu vực trung tâm Trường Chinh, ngõ… - 708721",0378947518,https://pt123.cdn.static123.com/images/thumbs/450x300/fit/2026/06/24/img-2966_1782308348.jpg,https://phongtro123.com/truong-chinh-can-ho-dich-vu-san-do-gia-chi-tu-3tr-pr708721.html,phongtro123.com,2026-07-05T15:11:44.385653+00:00,3.0,20.0,Phương Liệt,can_ho,1,0,0,0,0,0,0,0,0,0,1,0.15
phòng trọ phòng mới Thanh Xuân,4500000,25.0,"ngõ 100 Đường Nguyễn Xiển, Phường Thanh Xuân, Hà Nội","️ Địa chỉ: ngõ 100 Nguyễn Xiển, cách ngã tư Nguyễn Trãi - Khuất Duy Tiến 300m, cách các trường đại học Hà Nội,… - 708698",0378188031,https://pt123.cdn.static123.com/images/thumbs/450x300/fit/2026/06/24/z7908335607163-42aab7da74a3dc24b2090b2ecb741330_1782278705.jpg,https://phongtro123.com/phong-tro-phong-moi-thanh-xuan-pr708698.html,phongtro123.com,2026-07-05T15:11:44.385653+00:00,4.5,25.0,Thanh Xuân,phong_tro,0,0,0,0,0,0,0,0,0,0,0,0.18
PHAN ĐÌNH GIÓT | THANH XUÂN - GẦN BKX • CỬA SỔ LỚN • FULL ĐỒ • PHÒNG THOÁNG RỘNG – 4TR6,4600000,26.0,"Đường Phan Đình Giót, Phường Phương Liệt, Hà Nội","PHAN ĐÌNH GIÓT | THANH XUÂN GẦN BKX • CỬA SỔ LỚN • FULL ĐỒ • PHÒNG THOÁNG RỘNG – 4TR6 Ngõ nông, gần phố –… - 708633",0374896992,https://pt123.cdn.static123.com/images/thumbs/450x300/fit/2026/06/23/z7965193657411-cb40019c2c5254a02d2476981ec08266_1782177380.jpg,https://phongtro123.com/phan-dinh-giot-thanh-xuan-gan-bkx-cua-so-lon-full-do-phong-thoang-rong-4tr6-pr708633.html,phongtro123.com,2026-07-05T15:11:44.385653+00:00,4.6,26.0,Phương Liệt,phong_tro,0,0,0,0,1,0,0,0,0,0,1,0.1769230769230769
"PHÒNG TRỌ SẠCH ĐẸP, KHÉP KÍN, GIÁ RẺ – QUAN NHÂN, THANH XUÂN",2800000,15.0,"55A, ngõ 145 Phố Quan Nhân, Phường Thanh Xuân, Hà Nội","PHÒNG TRỌ KHÉP KÍN, GIÁ RẺ Địa chỉ: Ngõ 145 phố Quan Nhân, phường Thanh Xuân, Hà Nội (khu Nhân Chính cũ). … - 708615",0913344468,https://pt123.cdn.static123.com/images/thumbs/450x300/fit/2026/06/22/img-6852_1782120920.jpg,https://phongtro123.com/phong-tro-sach-dep-khep-kin-gia-re-quan-nhan-thanh-xuan-pr708615.html,phongtro123.com,2026-07-05T15:11:44.385653+00:00,2.8,15.0,Thanh Xuân,phong_tro,0,1,0,0,0,0,0,0,0,0,1,0.1866666666666666
GIẢM GIÁ 1TR - CHO THUÊ PHÒNG FULL ĐỒ KHÉP KÍN 3.300k TẠI 192 KIM GIANG ( Giảm ngay 1 Tr ),3300000,25.0,"192 Đường Kim Giang, Phường Khương Đình, Hà Nội",Cơ sở 1 Ngõ 192 Kim Giang vẫn còn phòng CCMN nhé ạ GIÁ CCMN CHỈ 3300K/1 PHÒNG KHÉP KÍN ( KHÔNG GIỚI HẠN SỐ… - 682100,0982136668,https://pt123.cdn.static123.com/images/thumbs/450x300/fit/2025/05/20/z3527691680463-5c39e13abcfc2d8d2e033dd2fc92d580_1747713496.jpg,https://phongtro123.com/cho-thue-ccmn-full-do-khep-kin-3-3tr-tai-192-kim-giang-2-pr682100.html,phongtro123.com,2026-07-05T15:11:44.385653+00:00,3.3,25.0,Khương Đình,can_ho_mini,0,1,0,0,1,0,0,0,0,0,2,0.132
"Phòng trọ ngõ 22 phố Phan Đình Giót, đường Giải Phóng",3000000,25.0,"Đường Phan Đình Giót, Phường Phương Liệt, Hà Nội","Chính chủ cho thuê phòng trọ, không chung chủ, giờ giấc thoải mái, vệ sinh riêng khép kín, chỗ để xe tầng 1 rộng… - 708155",0389117293,https://pt123.cdn.static123.com/images/thumbs/450x300/fit/2026/06/12/anh2_1781236478.png,https://phongtro123.com/phong-tro-ngo-22-pho-phan-dinh-giot-duong-giai-phong-pr708155.html,phongtro123.com,2026-07-05T15:11:44.385653+00:00,3.0,25.0,Phương Liệt,phong_tro,0,1,0,0,0,0,0,0,0,1,2,0.12
"Sẵn phòng ở luôn, ngõ 129 Nguyễn Trãi ( đối diện Royal city), diện tích 22m, giá 4.5tr",4500000,22.0,"ngõ 129 Đường Nguyễn Trãi, Phường Khương Đình, Hà Nội","Sẵn phòng ở luôn, ngõ 129 Nguyễn Trãi ( đối diện Royal city), diện tích 22m, giá 4.5tr Đầy đủ đồ : điều hòa,… - 707467",0979834222,https://pt123.cdn.static123.com/images/thumbs/450x300/fit/2026/05/28/z7875120687628-048dfdf5bd8b0dbc81ac66499b49a195_1779957479.jpg,https://phongtro123.com/san-phong-o-luon-ngo-129-nguyen-trai-doi-dien-royal-city-dien-tich-22m-gia-4-5tr-pr707467.html,phongtro123.com,2026-07-05T15:11:46.240027+00:00,4.5,22.0,Khương Đình,phong_tro,1,0,0,0,0,0,0,0,0,0,1,0.2045454545454545
PHÒNG MỚI CỰC HOT TẠI 586 KIM GIANG – CHỈ TỪ 2.6TR!,2600000,25.0,"6C ngõ 586 Đường Kim Giang, Phường Khương Đình, Hà Nội","Giá thuê siêu hời: Tầng 1: 2.6tr | Tầng 2-3: 2.9tr | Tầng 4: 2.8tr Tầng 5: Khu giặt phơi riêng biệt, thoáng sáng. Ưu… - 706978",0962463964,https://pt123.cdn.static123.com/images/thumbs/450x300/fit/2026/05/18/z7837284299710-ce987281e08b54179b4b868397a4a26d_1779077101.jpg,https://phongtro123.com/phong-moi-cuc-hot-tai-586-kim-giang-chi-tu-2-8tr-pr706978.html,phongtro123.com,2026-07-05T15:11:46.240027+00:00,2.6,25.0,Khương Đình,phong_tro,0,0,0,0,0,0,0,0,0,0,0,0.104
CCMN KHÉP KÍN FULL NỘI THẤT 20M2 - TỪ 3TR7/THÁNG,3700000,20.0,"Đường Khương Đình, Phường Khương Đình, Hà Nội","Dọn vào ở ngay - nhà mới - Diện tích rộng 20m2, thiết kế khép kín riêng tư - Full nội thất - Thang máy hiện… - 707064",0915228555,https://pt123.cdn.static123.com/images/thumbs/450x300/fit/2026/05/20/12_1779248047.jpg,https://phongtro123.com/ccmn-khep-kin-full-noi-that-20m2-tu-3tr7-thang-pr707064.html,phongtro123.com,2026-07-05T15:11:46.240027+00:00,3.7,20.0,Khương Đình,can_ho_mini,0,1,0,1,1,0,0,0,0,1,4,0.185
STUDIO FULL NỘI THẤT – BAN CÔNG RIÊNG – KHÔNG CHUNG CHỦ | THANH XUÂN – GẦN GIẢI PHÓNG,4300000,30.0,"106 ngõ 1 Đường Phan Đình Giót, Phường Phương Liệt, Hà Nội","Địa chỉ: Ngõ 1 Phan Đình Giót – cách Đường Giải Phóng vài bước chân, đi lại cực thuận tiện. Giá chỉ: 4.3… - 706992",0942721906,https://pt123.cdn.static123.com/images/thumbs/450x300/fit/2026/05/18/p033_1779097810.jpg,https://phongtro123.com/studio-full-noi-that-ban-cong-rieng-khong-chung-chu-thanh-xuan-gan-giai-phong-pr706992.html,phongtro123.com,2026-07-05T15:11:46.241038+00:00,4.3,30.0,Phương Liệt,can_ho_mini,0,0,1,0,1,0,0,0,0,0,2,0.1433333333333333
Cho thuê studio Triều Khúc 38m2 vào ở luôn,4000000,38.0,"Số 58 ngõ 83 Đường Tân Triều ,Triều Khúc Đường Triều Khúc, Phường Thanh Liệt, Hà Nội","Phòng STUDIO cho hộ gia đình ,người đi làm thuê,tại ngõ 83 Triều Khúc, Phòng rộng 38m².không chung chủ,giờ giấc tự… - 622755",0912216086,https://pt123.cdn.static123.com/images/thumbs/450x300/fit/2023/04/19/anh-1_1681897645.jpg,https://phongtro123.com/cho-thue-studio-trieu-khuc-38m2-vao-o-luon-pr622755.html,phongtro123.com,2026-07-05T15:11:46.241038+00:00,4.0,38.0,Thanh Liệt,can_ho_mini,0,0,0,0,0,0,0,0,0,0,0,0.1052631578947368
PHÒNG TRỌ KHÉP KÍN - SẠCH- ĐẸP PHỐ BÙI XƯƠNG TRẠCH,4000000,20.0,"ngõ 358 Đường Bùi Xương Trạch, Phường Khương Đình, Hà Nội","Phòng diện tích khoảng 20m2, có gác xép, sạch sẽ, thoáng mát, nằm trong khu bộ đội an ninh tốt, dân trí cao, yên… - 706792",0983227386,https://pt123.cdn.static123.com/images/thumbs/450x300/fit/2026/05/14/phong-tro-2_1778749058.jpg,https://phongtro123.com/phong-tro-khep-kin-sach-dep-pho-bui-xuong-trach-3-pr706792.html,phongtro123.com,2026-07-05T15:11:46.241038+00:00,4.0,20.0,Khương Đình,phong_tro,0,1,0,0,0,1,0,0,0,0,2,0.2
CHÍNH CHỦ CHO THUÊ PHÒNG TRỌ GIÁ RẺ,2500000,18.0,"Số 2 ngách 3 ngõ 49 Phố Vũ Tông Phan, Phường Khương Đình, Hà Nội","Nhà thoáng mát, không ở chung với chủ. Giờ giấc tự do thoải mái như nhà mình. Có đồng hồ điện, nước riêng.… - 706618",0969054576,https://pt123.cdn.static123.com/images/thumbs/450x300/fit/2026/05/12/5f2eb809a51a24447d0b4_1778555120.jpg,https://phongtro123.com/chinh-chu-cho-thue-phong-tro-gia-re-11-pr706618.html,phongtro123.com,2026-07-05T15:11:46.241038+00:00,2.5,18.0,Khương Đình,phong_tro,0,0,0,0,0,0,0,0,0,0,0,0.1388888888888889
"Cho Thuê CCMN 3,3TR Khép Kín Full Đồ và Máy Giặt Máy Sấy Tại 192 Kim Giang",3300000,30.0,"Ngõ 192 Đường Kim Giang, Phường Khương Đình, Hà Nội",Cơ sở 1 Ngõ 192 Kim Giang vẫn còn phòng CCMN nhé ạ GIÁ CCMN CHỈ 3TR6/1 PHÒNG KHÉP KÍN ( KHÔNG GIỚI HẠN SỐ… - 602927,0982136668,https://pt123.cdn.static123.com/images/thumbs/450x300/fit/2023/03/13/z3890356541633-84d2be345b9c751261718a7a1497e7dd_1678688835.jpg,https://phongtro123.com/cho-thue-phong-tro-homestay-khep-kin-o-ngo-192-kim-giang-pr602927.html,phongtro123.com,2026-07-05T15:11:46.241038+00:00,3.3,30.0,Khương Đình,can_ho_mini,0,1,0,0,1,0,1,0,0,0,3,0.11
CHO THUÊ PHÒNG TRỌ FULL NỘI THẤT MỚI,4300000,30.0,"106 ngõ 1 Đường Phan Đình Giót, Phường Phương Liệt, Hà Nội","Không chung chủ, chỗ để xe thoải mái, nhà mới khai trương, nội thất đầy đủ, wifi, bình nóng lạnh, máy lọc… - 703996",0942721906,https://pt123.cdn.static123.com/images/thumbs/450x300/fit/2026/03/31/tang-1_1774946134.jpg,https://phongtro123.com/cho-thue-phong-tro-full-noi-that-moi-pr703996.html,phongtro123.com,2026-07-05T15:11:46.241038+00:00,4.3,30.0,Phương Liệt,phong_tro,0,0,0,0,1,0,0,1,1,1,4,0.1433333333333333
4.1tr Studio Full đồ 619 Vũ Tông Phan (358/109 Bùi Xương Trạch),4100000,20.0,"11D ngõ 619 Phố Vũ Tông Phan, Phường Khương Đình, Hà Nội",Ở LUÔN THÁNG 5 ƯU ĐÃI chỉ 2.5tr Từ tháng 6 ️4.1tr - STUDIO FULL ĐỒ Ngõ 619 Vũ Tông Phan (thông 358 Bùi Xương… - 706266,0988002968,https://pt123.cdn.static123.com/images/thumbs/450x300/fit/2026/05/05/img-9065_1777987514.jpg,https://phongtro123.com/4-1tr-studio-full-do-619-vu-tong-phan-358-109-bui-xuong-trach-pr706266.html,phongtro123.com,2026-07-05T15:11:46.241038+00:00,4.1,20.0,Khương Đình,can_ho_mini,0,0,0,0,1,0,0,0,0,0,1,0.205
"Cho thuê Studio Hoàng Ngân gần Láng Hạ full nội thất, có ban công",4300000,30.0,"101 Đường Hoàng Ngân, Phường Thanh Xuân, Hà Nội","Diện tích : 30m² • Full nội thất • Có ban công gần Láng Hạ, Lê Văn Lương, Nguyễn Trãi - Phòng đầy đủ điều… - 703142",0382967639,https://pt123.cdn.static123.com/images/thumbs/450x300/fit/2026/03/17/z6604602798656-89471215b611b4c28971a03cf39a6723_1773741022.jpg,https://phongtro123.com/cho-thue-studio-hoang-ngan-gan-lang-ha-full-noi-that-co-ban-cong-pr703142.html,phongtro123.com,2026-07-05T15:11:46.241038+00:00,4.3,30.0,Thanh Xuân,can_ho_mini,0,0,1,0,1,0,0,0,0,0,2,0.1433333333333333
PHÒNG ĐẸP PHAN ĐÌNH GIÓT – 5TR - FULL ĐỒ – CỬA SỔ TO – THOÁNG SÁNG,5000000,25.0,"Đường Phan Đình Giót, Phường Phương Liệt, Hà Nội","PHÒNG ĐẸP PHAN ĐÌNH GIÓT – 5TR FULL ĐỒ – CỬA SỔ TO – THOÁNG SÁNG Vị trí cực đẹp – ngõ nông, gần phố ️… - 704016",0374896992,https://pt123.cdn.static123.com/images/thumbs/450x300/fit/2026/03/31/z5268566835874-cbef46852605c46c924ad89241b2bf2b_1774974122.jpg,https://phongtro123.com/phong-dep-phan-dinh-giot-5tr-full-do-cua-so-to-thoang-sang-pr704016.html,phongtro123.com,2026-07-05T15:11:46.241038+00:00,5.0,25.0,Phương Liệt,phong_tro,0,0,0,0,1,0,0,0,0,0,1,0.2
"VƯƠNG THỪA VŨ, THANH XUÂN 5TR - FULL ĐỒ - MÁY GIẶT RIÊNG - PCCC ĐẦY ĐỦ.",5000000,30.0,"Đường Vương Thừa Vũ, Phường Khương Đình, Hà Nội","VƯƠNG THỪA VŨ, THANH XUÂN 5TR - FULL ĐỒ - MÁY GIẶT RIÊNG - PCCC ĐẦY ĐỦ. Phí dịch vụ rẻ hơn mặt bằng chung. PCCC… - 704010",0374896992,https://pt123.cdn.static123.com/images/thumbs/450x300/fit/2026/03/31/6c6130af92fc48a211ed18_1774967879.jpg,https://phongtro123.com/vuong-thua-vu-thanh-xuan-5tr-full-do-may-giat-rieng-pccc-day-du-pr704010.html,phongtro123.com,2026-07-05T15:11:46.241038+00:00,5.0,30.0,Khương Đình,phong_tro,0,0,0,0,1,0,1,0,0,0,2,0.1666666666666666
KHƯƠNG HẠ 4TR5 - FULL ĐỒ - MÁY GIẶT RIÊNG - BAN CÔNG - CỰC THOÁNG.,4500000,30.0,"Phố Khương Hạ, Phường Khương Đình, Hà Nội","KHƯƠNG HẠ, THANH XUÂN - NGÃ TƯ SỞ 4TR5 FULL ĐỒ - MÁY GIẶT RIÊNG - BAN CÔNG - CỰC THOÁNG. Phí dịch vụ rẻ hơn mặt… - 704796",0374896992,https://pt123.cdn.static123.com/images/thumbs/450x300/fit/2026/04/11/e74f7ee1888a45d41c9b_1775879782.jpg,https://phongtro123.com/khuong-ha-4tr5-full-do-may-giat-rieng-ban-cong-cuc-thoang-pr704796.html,phongtro123.com,2026-07-05T15:11:46.241038+00:00,4.5,30.0,Khương Đình,phong_tro,0,0,1,0,1,0,1,0,0,0,3,0.15
"Cần cho thuê gấp phòng ở tại ngõ 110 Quan Nhân,Hà Nội, full nội thất, khép kín, không chung chủ",3700000,30.0,"Ngõ 110 Phố Quan Nhân, Phường Thanh Xuân, Hà Nội","[CHO THUÊ] PHÒNG TRỌ KHÉP KÍN 30M2 - NGÕ 110 QUAN NHÂN - FULL ĐỒ, GIỜ GIẤC TỰ DO Hiện tại mình còn trống 01 phòng duy… - 597104",0981410696,https://pt123.cdn.static123.com/images/thumbs/450x300/fit/2026/04/26/1646845190768_1777136646.jpg,https://phongtro123.com/can-cho-thue-gap-phong-o-tai-phuong-nhan-chinh-thanh-xuan-pr597104.html,phongtro123.com,2026-07-05T15:11:46.241038+00:00,3.7,30.0,Thanh Xuân,phong_tro,0,1,0,0,1,0,0,0,0,0,2,0.1233333333333333
"Cho thuê phòng chính chủ 1,85 triệu/tháng Khương Đình, Quận Thanh Xuân",1850000,20.0,"Đường Bùi Xương Trạch, Phường Khương Đình, Hà Nội",Tôi có nhu cầu cho thuê phòng chính chủ khép kín tại Ngõ 1 Bùi Xương Trạch khương đình thanh xuân hà nội. - Phòng… - 705783,0915154036,https://pt123.cdn.static123.com/images/thumbs/450x300/fit/2026/04/25/1774938321285_1777103835.jpg,https://phongtro123.com/cho-thue-phong-chinh-chu-1-85-trieu-thang-khuong-dinh-thanh-xuan-pr705783.html,phongtro123.com,2026-07-05T15:11:46.241038+00:00,1.85,20.0,Khương Đình,phong_tro,0,1,0,0,0,0,0,0,0,0,1,0.0925
"Cho thuê 1N1K ngõ 111 triều khúc hoặc oto đi 286 Nguyễn Xiển, Full đồ, khép kín, ban công cửa sổ",5800000,35.0,"111 Đường Triều Khúc, Phường Thanh Xuân, Hà Nội","Cho thuê căn 1N1K full đồ, có cửa sổ, ban công, khép kín tại ngõ 286 nguyễn xiển (cạnh ecogreen) hoặc đi ngõ 111… - 590482",0877828666,https://pt123.cdn.static123.com/images/thumbs/450x300/fit/2026/04/15/e819707a8af902a75be816_1776239565.jpg,https://phongtro123.com/cho-thue-phong-111-trieu-khuc-full-do-khep-kin-co-ban-cong-pr590482.html,phongtro123.com,2026-07-05T15:11:46.241038+00:00,5.8,35.0,Thanh Xuân,phong_tro,0,1,1,0,1,0,0,0,0,0,3,0.1657142857142857
"Cho thuê phòng trọ khép kín, rộng 25m2 giá cho thuê 2,6triệu/tháng",2600000,25.0,"68 ngõ 1 Đường Phan Đình Giót, Phường Phương Liệt, Hà Nội","Phòng trọ khép kín, 25m2. Có bình nóng lạnh, điều hòa, khu bếp nấu ăn, phơi quần áo, internet, camera an ninh. - 309705",0913501830,https://pt123.cdn.static123.com/images/thumbs/450x300/fit/2020/08/30/118274819-2443555072608560-3090744334511218849-n_1598794252.jpg,https://phongtro123.com/cho-thue-phong-tro-khep-kin-20m2-pr309705.html,phongtro123.com,2026-07-05T15:11:46.242035+00:00,2.6,25.0,Phương Liệt,phong_tro,1,1,0,0,0,0,0,1,1,0,4,0.104
"Cho thuê phòng trọ khép kín tại 41 ngõ 236 Khương đình, Phường Hạ Đình, Thanh Xuân Hà Nội.",1600000,13.0,"236 Đường Khương Đình, Phường Khương Đình, Hà Nội","Cho thuê phòng trọ khép kín tại 41 ngõ 236 Khương đình, Phường Hạ Đình, Thanh Xuân Hà Nội. Diện tích: 13m2 có… - 668880",0385018784,https://pt123.cdn.static123.com/images/thumbs/450x300/fit/2024/11/04/z5997925671176-d1f1ca865e80f822e3b04d03f1d0f13b_1730700807.jpg,https://phongtro123.com/cho-thue-phong-tro-khep-kin-tai-41-ngo-236-khuong-dinh-phuong-ha-dinh-thanh-xuan-ha-noi-pr668880.html,phongtro123.com,2026-07-05T15:11:46.242035+00:00,1.6,13.0,Khương Đình,phong_tro,0,1,0,0,0,0,0,0,0,0,1,0.123076923076923
"Cho thuê phòng- 2,8trieu, phố Phan Đình Giót, đủ nội thất cơ bản",2800000,20.0,"Ngõ 64 Đường Phan Đình Giót, Phường Phương Liệt, Hà Nội","Cho thuê phòng- 2,8trieu, phố Phan Đình Giót, đủ nội thất cơ bản - có thang máy, khép kín, riêng biệt, đi khóa về… - 704319",0903427234,https://pt123.cdn.static123.com/images/thumbs/450x300/fit/2026/04/04/img-1612_1775307384.jpg,https://phongtro123.com/cho-thue-phong-2-8trieu-pho-phan-dinh-giot-du-noi-that-co-ban-pr704319.html,phongtro123.com,2026-07-05T15:11:47.776356+00:00,2.8,20.0,Phương Liệt,phong_tro,0,1,0,1,0,0,0,0,0,1,3,0.1399999999999999
" Địa chỉ: Tầng 1, số 18 ngõ 21 phố Tưởng Dân Bảo (trước: số 18 ngách 168/21 Nguyễn Xiển)",2500000,19.0,"số 18 ngách 168/21 Đường Nguyễn Xiển, Phường Khương Đình, Hà Nội","Địa chỉ: Tầng 1, số 18 ngõ 21 phố Tưởng Dân Bảo (trước: số 18 ngách 168/21 Nguyễn Xiển) Giá thuê:… - 704200",0918040908,https://pt123.cdn.static123.com/images/thumbs/450x300/fit/2026/04/03/z7685382100679-1beb712d1cd2f28f58114ed3e6aadb6c_1775190402.jpg,https://phongtro123.com/dia-chi-tang-1-so-18-ngo-21-pho-tuong-dan-bao-truoc-so-18-ngach-168-21-nguyen-xien-pr704200.html,phongtro123.com,2026-07-05T15:11:47.776356+00:00,2.5,19.0,Khương Đình,phong_tro,0,0,0,0,0,0,0,0,0,0,0,0.131578947368421
Phòng 2tr7 có ban công – gần Nguyễn Xiển – ở luôn,2700000,15.0,"Số 13 ngách 5 ngõ 214 Đường Nguyễn Xiển, Phường Thanh Xuân, Hà Nội",Địa chỉ: Số 13 ngách 5 ngõ 214 Nguyễn Xiển (đầu ngõ) Trống phòng 401 – vào ở luôn Giá: 2.700.000 Diện tích:… - 703157,0988884703,https://pt123.cdn.static123.com/images/thumbs/450x300/fit/2026/03/17/z7628852801066-1dcd5c3326fd1820e78cc26fb777e666_1773755215.jpg,https://phongtro123.com/phong-2tr7-co-ban-cong-gan-nguyen-xien-o-luon-pr703157.html,phongtro123.com,2026-07-05T15:11:47.777451+00:00,2.7,15.0,Thanh Xuân,phong_tro,0,0,1,0,0,0,0,0,0,0,1,0.18
"Gác xép full đồ – Khương Trung – ở luôn – gần nhiều ĐH – chỉ 4.5tr, có thang máy",4500000,25.0,"Ngõ 61 Đường Khương Trung, Phường Khương Đình, Hà Nội","CHO THUÊ STUDIO GÁC XÉP – KHƯƠNG TRUNG – THANH XUÂN Địa chỉ: Ngõ 61 Khương Trung (ngõ rộng, thoáng, 3 gác tránh) Giá… - 703611",0388303504,https://pt123.cdn.static123.com/images/thumbs/450x300/fit/2026/03/25/z7655821265142-64a717422728499613747d47b5926b09_1774423154.jpg,https://phongtro123.com/gac-xep-full-do-khuong-trung-o-luon-gan-nhieu-dh-chi-4-5tr-co-thang-may-pr703611.html,phongtro123.com,2026-07-05T15:11:47.777451+00:00,4.5,25.0,Khương Đình,can_ho_mini,0,0,0,1,1,1,0,0,0,1,4,0.18
CHO THUÊ PHÒNG TRỌ TẦNG 4 SỐ NHÀ 65 NGÕ 29 KHƯƠNG HẠ,3000000,20.0,"số nhà 65 ngõ 29 Đường Khương Đình, Phường Khương Đình, Hà Nội",-Cho thuê phòng trọ diện tích 20m2 tầng 4 đia chỉ số nhà 65 ngõ 29 khương hạ khương đình thành phố hà nội - nhà… - 703417,0962303388,https://phongtro123.com/images/thumb_default.svg,https://phongtro123.com/cho-thue-phong-tro-tang-4-so-nha-65-ngo-29-khuong-ha-pr703417.html,phongtro123.com,2026-07-05T15:11:47.777451+00:00,3.0,20.0,Khương Đình,phong_tro,0,0,0,0,0,0,0,0,0,0,0,0.15
Phòng studio full nội thất vskk toà mới khai trương ngõ 387 phố Vũ Tông Phan,4500000,25.0,"Số nhà 83 ngõ 387 Phố Vũ Tông Phan, Phường Khương Đình, Hà Nội","Cách 1 nhà ra Phố Vũ Tông Phan, nhà mặt ngõ ô tô đỗ cửa. Phòng đầy đủ tiện nghi, điều hoà, nóng lạnh, tủ… - 703210",0912837176,https://pt123.cdn.static123.com/images/thumbs/450x300/fit/2026/03/18/img-7176_1773817806.jpg,https://phongtro123.com/phong-studio-full-noi-that-vskk-toa-moi-khai-truong-ngo-387-pho-vu-tong-phan-3-pr703210.html,phongtro123.com,2026-07-05T15:11:47.777451+00:00,4.5,25.0,Khương Đình,can_ho_mini,1,0,0,0,1,0,0,1,0,0,3,0.18
Cho thuê phòng khép kín Hoàng Ngân full đồ có ban công,4500000,30.0,"101 Đường Hoàng Ngân, Phường Thanh Xuân, Hà Nội","• Diện tích: 30m² • Giá: 4,5 triệu / tháng Full nội thất, khép kin Có ban công Ở riêng ko chung chủ Gần Láng Hạ,… - 703141",0967248881,https://pt123.cdn.static123.com/images/thumbs/450x300/fit/2026/03/17/z7619105019931-6834553af60f06133cf8d358b0e4dd55_1773740586.jpg,https://phongtro123.com/cho-thue-can-ho-khep-kin-hoang-ngan-full-do-co-ban-cong-pr703141.html,phongtro123.com,2026-07-05T15:11:47.777451+00:00,4.5,30.0,Thanh Xuân,phong_tro,0,1,1,0,1,0,0,0,0,0,3,0.15
Phòng chỉ 4TR/tháng – gần Bách Kinh Xây (cách NEU 300m),4000000,18.0,"Số 14, ngõ 1 Đường Trường Chinh, Phường Phương Liệt, Hà Nội","Địa chỉ: Số 14, ngõ 1 Trường Chinh Nhà 5 tầng, hệ thống PCCC đạt chuẩn, cửa chống cháy an toàn, camera an ninh. ️… - 702816",0366184101,https://pt123.cdn.static123.com/images/thumbs/450x300/fit/2026/03/11/img-6149_1773235548.jpg,https://phongtro123.com/phong-chi-4tr-thang-gan-bach-kinh-xay-cach-neu-300m-pr702816.html,phongtro123.com,2026-07-05T15:11:47.777451+00:00,4.0,18.0,Phương Liệt,phong_tro,0,0,0,0,0,0,0,0,0,0,0,0.2222222222222222
"Cho thuê nhà trọ giá rẻ khu Khương Đình, Hà Nội",3500000,25.0,"Số nhà 41 hẻm 67 ngách 77 ngõ 207 Đường Bùi Xương Trạch, Phường Khương Đình, Hà Nội","Phòng 25m² giá 3tr5/tháng, tầm 2-3 người thuê chung đc. Ko chung chủ, có cho sạc xe điện, đầy đủ điều hoà, bình… - 702702",0936338244,https://pt123.cdn.static123.com/images/thumbs/450x300/fit/2026/03/09/1000000996_1773067215.jpg,https://phongtro123.com/cho-thue-nha-tro-gia-re-khu-khuong-dinh-ha-noi-pr702702.html,phongtro123.com,2026-07-05T15:11:47.777451+00:00,3.5,25.0,Khương Đình,phong_tro,1,0,0,0,0,0,0,0,0,0,1,0.14
"Cho thuê phòng trọ giá rẻ ở Khương Đình, Hà Nội",2000000,15.0,"Số 70 ngõ 125 Đường Bùi Xương Trạch, Phường Khương Đình, Hà Nội","Phòng 15m² giá 2tr/tháng, 2 người thuê chung đc. Ko chung chủ, có sạc xe điện, đầy đủ điều hoà, bình nóng lạnh;… - 702701",0936338244,https://pt123.cdn.static123.com/images/thumbs/450x300/fit/2026/03/09/1000000998_1773066289.jpg,https://phongtro123.com/cho-thue-phong-tro-gia-re-o-khuong-dinh-ha-noi-pr702701.html,phongtro123.com,2026-07-05T15:11:47.777451+00:00,2.0,15.0,Khương Đình,phong_tro,1,0,0,0,0,0,0,1,0,0,2,0.1333333333333333
"Cho thuê nhà trọ 1PN, 25m2, 4,7 triệu tại Phố Nhân Hòa, Quận Thanh Xuân, Hà Nội",4700000,25.0,"Phố Nhân Hòa, Phường Thanh Xuân, Hà Nội","Tại Phố Nhân Hòa, Phường Thanh Xuân, Hà Nội - Quận Thanh Xuân, Hà Nội cũ, cho thuê nhà trọ với thiết kế hiện… - 702687",0879240000,https://pt123.cdn.static123.com/images/thumbs/450x300/fit/2026/03/09/12851844301678354812_1773051923.jpg,https://phongtro123.com/cho-thue-nha-tro-1pn-25m2-4-7-trieu-tai-pho-nhan-hoa-quan-thanh-xuan-ha-noi-pr702687.html,phongtro123.com,2026-07-05T15:11:47.777451+00:00,4.7,25.0,Thanh Xuân,phong_tro,0,0,0,0,0,0,0,0,0,0,0,0.188
Cho thuê phòng trọ chính chủ Tân Triều- Triều Khúc -Thanh Xuân ( PHÙ HỢP VỚI NHÓM BẠN Ở 3-4 NGƯỜI),3800000,30.0,"Số nhà 50 ngõ 46 Đường Triều Khúc, Phường Thanh Xuân, Hà Nội","Chính chủ cho thuê CCMN hoặc ở ghép cùng nhau .Địa chỉ : Số nhà 50, ngõ 46 Tân Triều, Triều Khúc, Thanh Xuân Điện… - 585479",0987570095,https://pt123.cdn.static123.com/images/thumbs/450x300/fit/2021/04/09/324d4494-6778-4f6f-93d3-1b3867f64e90_1617963964.jpg,https://phongtro123.com/cho-thue-phong-tro-chinh-chu-va-con-phong-o-ghep-pr585479.html,phongtro123.com,2026-07-05T15:11:47.777451+00:00,3.8,30.0,Thanh Xuân,o_ghep,0,0,0,0,0,0,0,0,0,0,0,0.1266666666666666
"Cho thuê phòng view hồ thoáng mát, đủ đồ",4400000,45.0,"Mặt hồ Đầm Hồng Đường Khương Trung, Phường Khương Đình, Hà Nội","Phòng trọ view hồ thoáng mát Diện tích 45m2, đủ đồ Gần các trường cấp 1-2, gần chợ, đi lại thuận tiện - 702406",0967960926,https://pt123.cdn.static123.com/images/thumbs/450x300/fit/2026/03/04/img-0361_1772617246.jpg,https://phongtro123.com/cho-thue-phong-view-ho-thoang-mat-du-do-pr702406.html,phongtro123.com,2026-07-05T15:11:47.777451+00:00,4.4,45.0,Khương Đình,phong_tro,0,0,0,0,0,0,0,0,0,0,0,0.0977777777777777
"CHO THUÊ PHÒNG TRỌ KHÉP KÍN MỚI TINH FULL TIỆN ÍCH TẠI KHƯƠNG ĐÌNH, THANH XUÂN, HÀ NỘI",2500000,25.0,"Đường Bùi Xương Trạch, Phường Khương Đình, Hà Nội","CHO THUÊ PHÒNG TRỌ KHÉP KÍN MỚI TINH FULL TIỆN ÍCH TẠI KHƯƠNG ĐÌNH, THANH XUÂN, HÀ NỘI * Địa chỉ: 77/207 Bùi Xương… - 702289",0859917666,https://pt123.cdn.static123.com/images/thumbs/450x300/fit/2026/03/03/d85e6e20-5edb-4115-93c6-2acdb85cf1d7_1772512705.jpg,https://phongtro123.com/cho-thue-phong-tro-khep-kin-moi-tinh-full-tien-ich-tai-khuong-dinh-thanh-xuan-ha-noi-pr702289.html,phongtro123.com,2026-07-05T15:11:47.777451+00:00,2.5,25.0,Khương Đình,phong_tro,0,1,0,0,0,0,0,0,0,0,1,0.1
"Thuê trọ gần Ngã tư sở , gọi cô Lưu chủ trọ: 0986491768",1200000,16.0,"42 ngõ 29 Khương Hạ Phố Khương Hạ, Phường Khương Đình, Hà Nội",Phòng bên Khương hạ Còn 2 phòng 1triệu200 vsc 2 phòng 3 triệu đầy đủ tiện nghi . Liên hệ cô Lưu: 0986491768… - 692638,0326559844,https://pt123.cdn.static123.com/images/thumbs/450x300/fit/2026/01/25/382_1769318247.jpg,https://phongtro123.com/thue-tro-gan-nga-tu-so-goi-co-luu-chu-tro-0986491768-pr692638.html,phongtro123.com,2026-07-05T15:11:47.778443+00:00,1.2,16.0,Khương Đình,phong_tro,0,0,0,0,0,0,0,0,0,0,0,0.075
"Cho thuê phòng có cửa sổ lớn, view mặt hồ",3600000,20.0,"30 Đường Khương Đình, Phường Khương Đình, Hà Nội","phòng tầng 5 thang bộ điện 4k, nước 150k/tháng phòng đủ đồ: giường, tủ bếp, tủ quần áo, điều hòa, nóng… - 701619",0398864288,https://pt123.cdn.static123.com/images/thumbs/450x300/fit/2026/02/05/z7502728030968-a5968e1bb1836781d2fc9dc381b3342a_1770260019.jpg,https://phongtro123.com/cho-thue-phong-co-cua-so-lon-view-mat-ho-2-pr701619.html,phongtro123.com,2026-07-05T15:11:47.778443+00:00,3.6,20.0,Khương Đình,phong_tro,1,0,0,0,0,0,0,0,0,0,1,0.18
"CHO THUÊ PHÒNG TRỌ PHỐ KHƯƠNG TRUNG, KHƯƠNG ĐÌNH, HÀ NỘI",2200000,20.0,"Số 37, ngách 237, ngõ 211 Đường Khương Trung, Phường Khương Đình, Hà Nội","CHO THUÊ PHÒNG TRỌ - AN NINH, TIỆN NGHI, GIÁ CẢ HỢP LÝ Địa chỉ: số nhà 37, ngách 237, ngõ 211 Khương Trung, Khương… - 701001",0976425698,https://pt123.cdn.static123.com/images/thumbs/450x300/fit/2026/01/19/screenshot-20260119-2100322_1768833795.png,https://phongtro123.com/cho-thue-phong-tro-pho-khuong-trung-khuong-dinh-ha-noi-pr701001.html,phongtro123.com,2026-07-05T15:11:47.778443+00:00,2.2,20.0,Khương Đình,phong_tro,0,0,0,0,0,0,0,0,0,0,0,0.11
cho thuê phòng trọ 25m vệ sinh khép kín tại ccmn số 5 ngõ 129/12 Nguyễn Trãi Hà Nội. Có ban công,4500000,25.0,"5 Ngõ 129/12 Đường Nguyễn Trãi, Phường Khương Đình, Hà Nội",Còn phòng cho thuê diện tích 25m2 vệ sinh kép kín tại CCMN số 5 Ngõ 129/12 Nguyễn Trãi - Ngã Tư Sở - Hà Nội. (Đối… - 699028,0913036359,https://pt123.cdn.static123.com/images/thumbs/450x300/fit/2025/12/17/phong-tro-26m_1765957573.jpg,https://phongtro123.com/cho-thue-phong-tro-25m-ve-sinh-khep-kin-tai-ccmn-so-5-ngo-129-12-nguyen-trai-ha-noi-co-ban-cong-pr699028.html,phongtro123.com,2026-07-05T15:11:47.778443+00:00,4.5,25.0,Khương Đình,can_ho_mini,0,1,1,0,0,0,0,0,0,0,2,0.18
CHO THUÊ PHÒNG KHÉP KÍN TẠI NHÂN HÒA - THANH XUÂN DÀNH CHO NGƯỜI ĐI LÀM,4950000,28.0,"47 Phố Nhân Hòa, Phường Thanh Xuân, Hà Nội","CỨ ĐẾN XEM NHÀ – NHẬN QUÀ 500K MANG VỀ NGAY! CHO THUÊ PHÒNG KHÉP KÍN – NHÂN HÒA, THANH XUÂN Phù hợp người đi làm… - 699616",0967586190,https://pt123.cdn.static123.com/images/thumbs/450x300/fit/2025/12/26/2_1766737552.jpg,https://phongtro123.com/cho-thue-phong-khep-kin-tai-nhan-hoa-thanh-xuan-danh-cho-nguoi-di-lam-pr699616.html,phongtro123.com,2026-07-05T15:11:50.057035+00:00,4.95,28.0,Thanh Xuân,phong_tro,0,1,0,0,0,0,0,0,0,0,1,0.1767857142857143
Pass phòng trọ Triều Khúc – do chuyển công việc nên mình nhượng lại phòng.,4800000,40.0,"Đường Triều Khúc, Hà Nội",Pass phòng trọ Triều Khúc – do chuyển công việc nên mình nhượng lại phòng. N05-07 KĐT tái định cư Triều Khúc –… - 699255,0988284457,https://pt123.cdn.static123.com/images/thumbs/450x300/fit/2025/12/20/597895386-1521629642405450-7425256187274434765-n_1766214968.jpg,https://phongtro123.com/pass-phong-tro-trieu-khuc-do-chuyen-cong-viec-nen-minh-nhuong-lai-phong-pr699255.html,phongtro123.com,2026-07-05T15:11:50.057035+00:00,4.8,40.0,unknown,phong_tro,0,0,0,0,0,0,0,0,0,0,0,0.12
"Cho thuê phòng trọ 15m² ở Bùi Xương Trạch, Khương Đình",2000000,15.0,"Số 70 ngõ 125 Đường Bùi Xương Trạch, Phường Khương Đình, Hà Nội","Cho thuê phòng trọ 15m² ở Bùi Xương Trạch, Khương Đình Có máy lạnh, bình nóng lạnh, khu phụ khép kín, đầy đủ… - 699137",0936338244,https://pt123.cdn.static123.com/images/thumbs/450x300/fit/2025/12/18/1000000183_1766052220.jpg,https://phongtro123.com/cho-thue-phong-tro-15m2-o-bui-xuong-trach-khuong-dinh-pr699137.html,phongtro123.com,2026-07-05T15:11:50.057035+00:00,2.0,15.0,Khương Đình,phong_tro,1,1,0,0,0,0,0,1,0,0,3,0.1333333333333333
"Chính chủ có phòng tại Nhân Hòa rộng rãi, thoáng mát ở 2-3 vô tư",5500000,30.0,"Phố Nhân Hòa, Phường Thanh Xuân, Hà Nội",Phòng (Tầng): 402 Khu đông dân bước vài bước ra đến chợ Phòng rộng 28m2 ở 2-3 ng thoải mái Cửa sổ to thoáng… - 699318,0968123660,https://pt123.cdn.static123.com/images/thumbs/450x300/fit/2025/12/21/gen-h-z7331787800512-8cfe6efe7c5199c3c3245e2d63718238_1766304453.jpg,https://phongtro123.com/chinh-chu-co-phong-tai-nhan-hoa-rong-rai-thoang-mat-o-2-3-vo-tu-pr699318.html,phongtro123.com,2026-07-05T15:11:50.057035+00:00,5.5,30.0,Thanh Xuân,phong_tro,0,0,0,0,0,0,0,0,0,0,0,0.1833333333333333
"Chính chủ cho thuê phòng rộng, thoáng 2-3 ng ở được",5500000,30.0,"Phố Nhân Hòa, Phường Thanh Xuân, Hà Nội",Full cửa sổ thoáng Full nội thất mới tinh Bước 3 bước ra đến chợ ️ Quan tâm inb chính chủ 0968123660 - 699310,0968123660,https://pt123.cdn.static123.com/images/thumbs/450x300/fit/2025/12/21/img-1780_1766296369.jpg,https://phongtro123.com/chinh-chu-cho-thue-phong-rong-thoang-2-3-ng-o-duoc-pr699310.html,phongtro123.com,2026-07-05T15:11:50.057035+00:00,5.5,30.0,Thanh Xuân,phong_tro,0,0,0,0,1,0,0,0,0,0,1,0.1833333333333333
Căn hộ khép kín đầy đủ nội thất,4500000,35.0,"Số 1 Ngõ 211/237/24 Khương Trung Đường Khương Trung, Phường Khương Đình, Hà Nội","- Nhà, nội thất cao cấp mới 100%: Bếp, Giường, Tủ, Điều Hoà, Bình nóng lạnh,... - Có thang máy - Có chỗ để xe… - 699294",0904900069,https://pt123.cdn.static123.com/images/thumbs/450x300/fit/2025/12/20/z7348090677930-911337019d1432be3a21794e65399ced_1766244562.jpg,https://phongtro123.com/can-ho-khep-kin-day-du-noi-that-pr699294.html,phongtro123.com,2026-07-05T15:11:50.057035+00:00,4.5,35.0,Khương Đình,can_ho,1,1,0,1,1,0,0,1,0,1,6,0.1285714285714285
Phòng trọ giá bình dân khu vực thanh xuân,2900000,20.0,"54/342 Đường Khương Đình, Phường Khương Đình, Hà Nội","CHÍNH CHỦ CHO THUÊ: PHÒNG TRỌ KHÉP KÍN FULL ĐỒ TẠI KHƯƠNG ĐÌNH, THANH XUÂN! • Giá thuê hấp dẫn: CHỈ 2,9… - 698193",0363828718,https://phongtro123.com/images/thumb_default.svg,https://phongtro123.com/phong-tro-gia-binh-dan-khu-vuc-thanh-xuan-2-pr698193.html,phongtro123.com,2026-07-05T15:11:50.057035+00:00,2.9,20.0,Khương Đình,phong_tro,0,1,0,0,1,0,0,0,0,0,2,0.145
"CHO THUÊ PHÒNG TẠI QUAN NHÂN, QUẬN THANH XUÂN, HN",3800000,25.0,"48 ngõ 144 Phố Quan Nhân, Phường Thanh Xuân, Hà Nội","Phòng cho thuê tại 48 ngõ 144 Phố Quan Nhân, p Nhân Chính, Q. Thanh Xuân, Hà Nội. Diện tích 25m2, 1PN, 1WC, nội thất đầy… - 698136",0388669293,https://pt123.cdn.static123.com/images/thumbs/450x300/fit/2025/12/05/img-5151_1764924842.jpg,https://phongtro123.com/cho-thue-cc-mini-tai-quan-nhan-pr698136.html,phongtro123.com,2026-07-05T15:11:50.057035+00:00,3.8,25.0,Thanh Xuân,phong_tro,0,0,0,0,0,0,0,0,0,0,0,0.152
Chính chủ cho thuê phòng tại nhà 33 ngõ 41 Khương Đình Thanh Xuân,2800000,25.0,"33 Đường Khương Đình, Phường Khương Đình, Hà Nội",Giá 2tr8 Rộng 25m2 -Nhà gần mặt đường Nguyễn Trãi chuyển vào ở luôn -Nhà vệ sinh chung -điện nước wifi giá… - 697658,0889678023,https://pt123.cdn.static123.com/images/thumbs/450x300/fit/2025/11/28/z7271864221162-413bb0aa2fd63b8227e200de8888f386_1764327705.jpg,https://phongtro123.com/chinh-chu-cho-thue-phong-tai-nha-33-ngo-41-khuong-dinh-thanh-xuan-pr697658.html,phongtro123.com,2026-07-05T15:11:50.057035+00:00,2.8,25.0,Khương Đình,phong_tro,0,0,0,0,0,0,0,0,1,0,1,0.1119999999999999
"CHO THUÊ PHÒNG TRONG NHÀ 4 TẦNG Ở NGÕ 1 BÙI XƯƠNG TRẠCH, THANH XUÂN",2500000,12.0,"Ngõ 1/62/48 Đường Bùi Xương Trạch, Phường Khương Đình, Hà Nội","CHO THUÊ PHÒNG TRONG NHÀ 4 TẦNG Ở NGÕ 1 BÙI XƯƠNG TRẠCH, THANH XUÂN - 2tr5/ phòng không đồ Nhà mình 4 tầng ở BXT đang… - 697103",0968514882,https://pt123.cdn.static123.com/images/thumbs/450x300/fit/2025/11/21/02e0983f7fcdf393aadc_1763702850.jpg,https://phongtro123.com/cho-thue-phong-trong-nha-4-tang-o-ngo-1-bui-xuong-trach-thanh-xuan-pr697103.html,phongtro123.com,2026-07-05T15:11:50.057035+00:00,2.5,12.0,Khương Đình,phong_tro,0,0,0,0,0,0,0,0,0,0,0,0.2083333333333333
"73 HOÀNG NGÂN - GIƯỜNG TẦNG FULL NỘI THẤT - NGAY GẦN GA LÁNG, ROYAL",5500000,30.0,"Đường Hoàng Ngân, Phường Thanh Xuân, Hà Nội","Nhà trọ cho thuê tại Đường Hoàng Ngân, Phường Nhân Chính, Thanh Xuân, Hà Nội, với diện tích 30m2. + Giá thuê: 5,5… - 697001",0879240000,https://pt123.cdn.static123.com/images/thumbs/450x300/fit/2025/11/20/hland-tower-168-1_1763606651.png,https://phongtro123.com/73-hoang-ngan-giuong-tang-full-noi-that-ngay-gan-ga-lang-royal-pr697001.html,phongtro123.com,2026-07-05T15:11:50.057035+00:00,5.5,30.0,Thanh Xuân,phong_tro,0,0,0,0,1,0,0,0,0,0,1,0.1833333333333333
"PASS PHÒNG QUẬN THANH XUÂN, HỖ TRỢ TOÀN BỘ TIỀN PHÒNG THÁNG 11 NÀY",6300000,30.0,"Số 10, Ngõ 1 Đường Tô Vĩnh Diện, Phường Khương Đình, Hà Nội","PASS CHUNG CƯ MINI QUẬN THANH XUÂN, HỖ TRỢ TOÀN BỘ TIỀN PHÒNG THÁNG 11 NÀY Chuyển nhượng phòng trọ địa chỉ số 10,… - 695985",0961126829,https://pt123.cdn.static123.com/images/thumbs/450x300/fit/2025/11/07/z7198442789862-3a41ceffd9f54b0c4e8f4c96e8ac510a_1762495195.jpg,https://phongtro123.com/chuyen-nhuong-phong-tro-khu-vuc-quan-thanh-xuan-pr695985.html,phongtro123.com,2026-07-05T15:11:50.057035+00:00,6.3,30.0,Khương Đình,can_ho_mini,0,0,0,0,0,0,0,0,0,0,0,0.21
"Cho thuê phòng trọ tiện nghi, giá rẻ",2800000,20.0,"Đường Nguyễn Lân, Phường Phương Liệt, Hà Nội","Gia đình có phòng trọ tại khu vực phố Nguyễn Lân, Trường Chinh. Gần các trường: ĐHKTQD (1,5km), ĐHXD (2,0km), ĐHBK… - 695566",0902103075,https://pt123.cdn.static123.com/images/thumbs/450x300/fit/2025/11/01/advertisement-for-rental-house_1761977541.png,https://phongtro123.com/cho-thue-phong-tro-tien-nghi-gia-re-2-pr695566.html,phongtro123.com,2026-07-05T15:11:50.057035+00:00,2.8,20.0,Phương Liệt,phong_tro,0,0,0,0,0,0,0,0,0,0,0,0.1399999999999999
"Cho thuê phòng trọ giá rẻ 3,5 tr , Hoàng Ngân, Thanh Xuân",3500000,24.0,"Đường Hoàng Ngân, Phường Thanh Xuân, Hà Nội","Phòng đẹp full nội thất – 3,5tr/tháng, vào ở ngay! Phòng 401, nhà 12 ngõ 73 Hoàng Ngân, Thanh Xuân ️ Đầy đủ tiện… - 695211",0904525414,https://pt123.cdn.static123.com/images/thumbs/450x300/fit/2025/10/28/z4305272763231-b3fb87baf3230feef6c38f3b3c299c3d_1761618859.jpg,https://phongtro123.com/cho-thue-phong-tro-gia-re-3-5-tr-hoang-ngan-thanh-xuan-pr695211.html,phongtro123.com,2026-07-05T15:11:50.057035+00:00,3.5,24.0,Thanh Xuân,phong_tro,0,0,0,0,1,0,0,0,0,0,1,0.1458333333333333
Cho thuê trọ cho gia đình hoặc học sinh sinh viên,5000000,30.0,"Số nhà 7 ngõ 149 Đường Nguyễn Tuân, Phường Thanh Xuân, Hà Nội",Địa chỉ : Số 7 Ngõ 149 Nguyễn Tuân - Thanh Xuân  Trống : Tầng 4 ————————— giá : 5tr Phòng : 1n1b ( Ban… - 695532,0333591635,https://pt123.cdn.static123.com/images/thumbs/450x300/fit/2025/10/31/img-1761790835239-1761906667425_1761908696.jpg,https://phongtro123.com/cho-thue-tro-cho-gia-dinh-hoac-hoc-sinh-sinh-vien-pr695532.html,phongtro123.com,2026-07-05T15:11:50.057035+00:00,5.0,30.0,Thanh Xuân,phong_tro,0,0,0,0,0,0,0,0,0,0,0,0.1666666666666666
"Cho thuê trọ tại 70 ngõ 1 Đường Phan Đình Giót, Phường Phương Liệt, Quận Thanh Xuân, Hà Nội",2200000,17.0,"70 ngõ 1 Đường Phan Đình Giót, Phường Phương Liệt, Hà Nội","Không chung chủ, chỗ để xe thoải mái, phòng tám có bình nóng lạnh, wifi, ban công, khu bếp, camera an ninh, điện nước… - 603914",0913501830,https://pt123.cdn.static123.com/images/thumbs/450x300/fit/2022/10/16/20210529-112855_1665924839.jpg,https://phongtro123.com/cho-thue-tro-pr603914.html,phongtro123.com,2026-07-05T15:11:50.057035+00:00,2.2,17.0,Phương Liệt,phong_tro,0,0,1,0,0,0,0,1,1,1,4,0.1294117647058823
"Cho thuê phòng đường Nguyễn Xiển, Thanh Xuân, Hà Nội",5000000,60.0,"5 ngách 100/29 Đường Nguyễn Xiển, Phường Khương Đình, Hà Nội","Cần cho hộ gia đình hoặc nữ đi làm thuê phòng tầng 3, địa chỉ: Nhà số 5 ngách 100/29 đường Nguyễn Xiển, Thanh… - 695291",0932225584,https://pt123.cdn.static123.com/images/thumbs/450x300/fit/2025/10/29/1_1761705059.jpg,https://phongtro123.com/cho-thue-nha-duong-nguyen-xien-thanh-xuan-ha-noi-pr695291.html,phongtro123.com,2026-07-05T15:11:50.057035+00:00,5.0,60.0,Khương Đình,phong_tro,0,0,0,0,0,0,0,0,0,0,0,0.0833333333333333
"Chính chủ cho thuê phòng tại 5h ngõ 29/68 Khương Hạ, Khương Đình, TX, HN - đầu tháng 11 trống",2600000,14.0,"5h ngõ 29/68 Phố Khương Hạ, Phường Khương Đình, Hà Nội","ĐẦU THÁNG 11 TRỐNG Chính chủ cho thuê phòng tại 5h ngõ 29/68 Khương Hạ, Phường Khương Đình, Quận Thanh Xuân, Hà… - 695123",0396244327,https://pt123.cdn.static123.com/images/thumbs/450x300/fit/2025/10/27/z7159076526936-4a27569ee0fd611651b7dea53a031ace_1761530853.jpg,https://phongtro123.com/chinh-chu-cho-thue-phong-tai-5h-ngo-29-68-khuong-ha-khuong-dinh-tx-hn-dau-thang-11-trong-pr695123.html,phongtro123.com,2026-07-05T15:11:50.057035+00:00,2.6,14.0,Khương Đình,phong_tro,0,0,0,0,0,0,0,0,0,0,0,0.1857142857142857
"Cho thuê phòng 35m2 tại Trường Chinh, Khương Đình, Thanh Xuân, giá tốt chỉ với 6,5 triệu",6500000,35.0,"Đường Trường Chinh, Phường Khương Đình, Hà Nội","Cho thuê phòng 35m2 tại Trường Chinh, Khương Đình, Thanh Xuân, giá tốt chỉ với 6,5 triệu Chung cư mini cho thuê tại… - 694738",0395429670,https://pt123.cdn.static123.com/images/thumbs/450x300/fit/2025/10/21/truong-chinh_1761030930.jpg,https://phongtro123.com/cho-thue-cc-mini-35m2-tai-truong-chinh-khuong-dinh-thanh-xuan-gia-tot-chi-voi-6-5-trieu-chung-cu-pr694738.html,phongtro123.com,2026-07-05T15:11:50.057035+00:00,6.5,35.0,Khương Đình,can_ho_mini,0,0,0,0,0,0,0,0,0,0,0,0.1857142857142857
"Bạn đang tìm chỗ ở? Phòng trọ rộng rãi, sạch sẽ, đầy đủ tiện nghi đang chờ bạn khám phá!",4800000,25.0,"Đường Kim Giang, Phường Khương Đình, Hà Nội","Tình trạng : ở được luôn TIỆN ÍCH • Gần trường: ĐH Thăng Long ~ 1,5m Đại học Khoa học Xã hội & Nhân văn ~… - 694720",0393166093,https://pt123.cdn.static123.com/images/thumbs/450x300/fit/2025/10/21/z7135599243824-6fc75e5b1f561ea2264e804e3d1414bd_1761019149.jpg,https://phongtro123.com/ban-dang-tim-cho-o-phong-tro-rong-rai-sach-se-day-du-tien-nghi-dang-cho-ban-kham-pha-pr694720.html,phongtro123.com,2026-07-05T15:11:50.057035+00:00,4.8,25.0,Khương Đình,phong_tro,0,0,0,0,0,0,0,0,0,0,0,0.192
"Phòng cho thuê tại Thanh Xuân, HN - Phù hợp cho cặp đôi, anh em bạn bè chí cốt",6200000,28.0,"Nhà 7A ngõ 275 Phố Quan Nhân, Phường Thanh Xuân, Hà Nội","Sap TT020 Giá 6tr2( giá thương lượng theo số lượng người) Loại phòng: P601,202-STUDIO- giường tầng trên dưới.… - 694073",0981379201,https://pt123.cdn.static123.com/images/thumbs/450x300/fit/2025/10/12/img-6791_1760281025.jpg,https://phongtro123.com/phu-hop-cho-cap-doi-anh-em-ban-be-chi-cot-pr694073.html,phongtro123.com,2026-07-05T15:11:51.841674+00:00,6.2,28.0,Thanh Xuân,can_ho_mini,0,0,0,0,0,0,0,0,0,0,0,0.2214285714285714
NGUYỄN XIỂN - QUẬN THANH XUÂN PHÒNG TRỌ,3500000,25.0,"ngõ 286 Đường Nguyễn Xiển, Hà Nội",Địa chỉ : ngõ 286 nguyễn xiển - Quận: Thanh xuâN- Hà Nội Giá : 3tr5 Dạng phòng : gác xép Thang : Máy Nội thất : Y… - 693434,0766389868,https://pt123.cdn.static123.com/images/thumbs/450x300/fit/2025/10/04/z7079392476689-93649dfcffbd98015f68ceebf0e6cc10_1759569991.jpg,https://phongtro123.com/nguyen-xien-quan-thanh-xuan-phong-tro-2-pr693434.html,phongtro123.com,2026-07-05T15:11:51.841674+00:00,3.5,25.0,unknown,phong_tro,0,0,0,0,0,1,0,0,0,0,1,0.14
"cho thuê phòng trọ đơn giá rẻ 1,2 tr Nguyễn Trãi , Thanh Xuân",1200000,8.0,"Đường Nguyễn Trãi, Phường Thanh Xuân, Hà Nội","cho thuê phòng trọ đơn giá rẻ 1,2 tr Nguyễn Trãi , Thanh Xuân Địa chỉ : Nguyễn Trãi , Thanh Xuân, ĐI bộ Ra ngã tư… - 692786",0904525414,https://pt123.cdn.static123.com/images/thumbs/450x300/fit/2025/09/26/z7019806008767-81ee336666197f529440a1eb1e173611_1758857756.jpg,https://phongtro123.com/cho-thue-phong-tro-don-gia-re-1-2-tr-nguyen-trai-thanh-xuan-pr692786.html,phongtro123.com,2026-07-05T15:11:51.841674+00:00,1.2,8.0,Thanh Xuân,phong_tro,0,0,0,0,0,0,0,0,0,0,0,0.15
"Phòng trọ 20m2 cho SV-NVVP đầy đủ tiện nghi, Khương Hạ",2800000,20.0,"44/29/70 Phố Khương Hạ, Phường Khương Đình, Hà Nội","Cho thuê phòng rộng đẹp có cửa sổ cực thoáng ,full đồ gôm: giường, tủ, điều hòa , nóng lạnh, máy giặt fee ,… - 692915",0938007260,https://pt123.cdn.static123.com/images/thumbs/450x300/fit/2025/09/27/mt_1758975759.jpg,https://phongtro123.com/phong-tro-20m2-cho-sv-nvvp-day-du-tien-nghi-khuong-ha-pr692915.html,phongtro123.com,2026-07-05T15:11:51.841674+00:00,2.8,20.0,Khương Đình,phong_tro,1,0,0,0,1,0,1,1,0,0,4,0.1399999999999999
CHO THUÊ PHÒNG TRỌ THANH XUÂN - TẶNG CỌC 1 triệu,4200000,26.0,"Đường Triều Khúc, Phường Thanh Xuân, Hà Nội","PASS PHÒNG TRỌ GẤP - VÀO Ở LUÔN THÁNG 10 LÌ XÌ 1 TRIỆU Địa chỉ: 57 ngách 136/6 phố Triều Khúc, Thanh Xuân, Hà… - 692827",0388157419,https://pt123.cdn.static123.com/images/thumbs/450x300/fit/2025/09/26/8ec4d6e1-ef81-445c-9166-2bc08eb0a3c9_1758888455.jpg,https://phongtro123.com/cho-thue-phong-tro-thanh-xuan-tang-coc-1-trieu-pr692827.html,phongtro123.com,2026-07-05T15:11:51.841674+00:00,4.2,26.0,Thanh Xuân,phong_tro,0,0,0,0,0,0,0,0,0,0,0,0.1615384615384615
cho thuê phòng chung cư mini full đồ có thang máy tại Thanh Xuân,5900000,30.0,"Đường Khương Trung, Phường Khương Đình, Hà Nội","Địa chỉ: 12 Ngõ 97 Khương Trung    - Quận:Thanh Xuân- Phòng trống: 603-5,9tr- Loại phòng:Studio rộng- Cầu thang: Thang… - 691439",0967060266,https://pt123.cdn.static123.com/images/thumbs/450x300/fit/2025/09/11/z2287265122489-d0ab7a3b23081649a68b4adafd2dd68b_1757567823.jpg,https://phongtro123.com/cho-thue-phong-chung-cu-mini-full-do-co-thang-may-tai-thanh-xuan-pr691439.html,phongtro123.com,2026-07-05T15:11:51.841674+00:00,5.9,30.0,Khương Đình,can_ho_mini,0,0,0,1,1,0,0,0,0,1,3,0.1966666666666666
"CHÍNH CHỦ CHO THUÊ PHÒNG GIÁ 3 TR, GẦN ĐH BÁCH KHOA, KINH TÊ, XÂY DỰNG",3000000,20.0,"SỐ 69 NGÕ 5 Đường Trường Chinh, Phường Phương Liệt, Hà Nội","Chính chủ cho thuê không qua trung gian. - 1 phòng ngủ, 1 phòng khách, 1 ban công, 1 nhà vệ sinh khép kín. - Nội thắt gồm… - 691197",0903407590,https://pt123.cdn.static123.com/images/thumbs/450x300/fit/2025/09/08/z4694277393270-5cb91fa53f2524488cd027f5e6335ae5_1757348652.jpg,https://phongtro123.com/chinh-chu-cho-thue-can-ho-cc-mini-gia-3-tr-gan-dh-bach-khoa-kinh-te-xay-dung-pr691197.html,phongtro123.com,2026-07-05T15:11:51.841674+00:00,3.0,20.0,Phương Liệt,phong_tro,0,1,1,0,0,0,0,0,0,0,2,0.15
Chính chủ cho thuê Phòng 30m2 khép kín khu Khương Hạ - Thanh Xuân - Hà Nội,4000000,30.0,"Số 14 - Ngõ 29 Ngách 70 Hẻm 41 Phố Khương Hạ, Phường Khương Đình, Hà Nội","CHO THUÊ PHÒNG Ở – KHÉP KÍN Nhà mình xây, hiện còn phòng cho thuê riêng biệt, không chung chủ, không chung đụng. … - 690134",0932220123,https://pt123.cdn.static123.com/images/thumbs/450x300/fit/2025/08/24/201010003326-5_1756022770.jpg,https://phongtro123.com/chinh-chu-cho-thue-phong-30m2-khep-kin-khu-khuong-ha-thanh-xuan-ha-noi-pr690134.html,phongtro123.com,2026-07-05T15:11:51.841674+00:00,4.0,30.0,Khương Đình,phong_tro,0,1,0,0,0,0,0,0,0,0,1,0.1333333333333333
Cho thuê phòng Thanh xuân - Nguyễn Trãi,2500000,12.0,"Đường Nguyễn Trãi, Phường Thanh Xuân, Hà Nội","Khách mới chuyển đi ,nhà còn dư phòng như hình cho thuê. Không có chỗ nấu ăn Các tầng đều Nam đang ở, chỉ tìm… - 690799",0385981226,https://pt123.cdn.static123.com/images/thumbs/450x300/fit/2025/09/03/p16_1756896113.jpg,https://phongtro123.com/cho-thue-phong-thanh-xuan-nguyen-trai-pr690799.html,phongtro123.com,2026-07-05T15:11:51.842762+00:00,2.5,12.0,Thanh Xuân,phong_tro,0,0,0,0,0,0,0,0,0,0,0,0.2083333333333333
Phòng Sleep Box Cao Cấp chỉ 1.4tr tháng đầu ngay Ngõ Thượng Đình Q. Thanh Xuân Hà Nội,1800000,30.0,"Đường Thượng Đình, Phường Khương Đình, Hà Nội","Cho Thuê Phòng HomeStay, Sleeppbox Khương Đình - Vương Thừa Vũ - Thanh Xuân - Hn 1,8tr - Hỗ trợ sinh viên người có thu… - 674638",0336232904,https://pt123.cdn.static123.com/images/thumbs/450x300/fit/2025/02/15/z6319122436884-bb9c6c22abeccb064eb2e10954ae3069_1739587207.jpg,https://phongtro123.com/phong-sleep-box-cao-cap-chi-1-4tr-thang-dau-ngay-ngo-thuong-dinh-q-thanh-xuan-ha-noi-pr674638.html,phongtro123.com,2026-07-05T15:11:51.842762+00:00,1.8,30.0,Khương Đình,phong_tro,0,0,0,0,0,0,0,0,0,0,0,0.06
"Cho thuê phòng trọ đẹp – đầy đủ tiện nghi tại Quan Nhân (Thanh Xuân, Hà Nội), giá cực tốt",2700000,17.0,"Ngõ 145 Phố Quan Nhân, Phường Khương Đình, Hà Nội","Cho thuê phòng trọ đẹp – đầy đủ tiện nghi tại Quan Nhân (Thanh Xuân, Hà Nội), giá cực tốt Nhà có 06 phòng, cho… - 690547",0973633938,https://pt123.cdn.static123.com/images/thumbs/450x300/fit/2025/08/29/z6932974522588-edab9be00e989ce7631b231f6be70244_1756457766.jpg,https://phongtro123.com/cho-thue-phong-tro-dep-day-du-tien-nghi-tai-quan-nhan-thanh-xuan-ha-noi-gia-cuc-tot-pr690547.html,phongtro123.com,2026-07-05T15:11:51.842762+00:00,2.7,17.0,Khương Đình,phong_tro,0,0,0,0,0,0,0,0,0,0,0,0.1588235294117647
"Cho thuê CCMN 30m2 Full đồ 376 Khương Đình - gần Five Star, DH Thăng Long",5800000,30.0,"376 Đường Khương Đình, Phường Khương Đình, Hà Nội","Chính chủ cho thuê phòng CCMN full đồ, khép kín tại số 16/376 Khương Đình, Thanh Xuân, Hà Nội - Gần ĐH Thăng Long,… - 689376",0877828666,https://pt123.cdn.static123.com/images/thumbs/450x300/fit/2025/08/16/e1a55d09b01d64433d0c83_1755340451.jpg,https://phongtro123.com/cho-thue-ccmn-30m2-full-do-376-khuong-dinh-gan-five-star-dh-thang-long-pr689376.html,phongtro123.com,2026-07-05T15:11:51.842762+00:00,5.8,30.0,Khương Đình,can_ho_mini,0,1,0,0,1,0,0,0,0,0,2,0.1933333333333333
"Cho thuê CCMN Full đồ 376 Khương Đình - gần Five Star, DH Thăng Long",4500000,25.0,"376 Đường Khương Đình, Phường Khương Đình, Hà Nội","Chính chủ cho thuê phòng CCMN full đồ, khép kín tại số 16/376 Khương Đình, Thanh Xuân, Hà Nội - Gần ĐH Thăng Long, ĐH… - 638546",0877828666,https://pt123.cdn.static123.com/images/thumbs/450x300/fit/2025/08/16/6cf59b6c3be4ecbab5f535_1755336989.jpg,https://phongtro123.com/cho-thue-ccmn-full-do-376-khuong-dinh-gan-five-star-dh-thang-long-pr638546.html,phongtro123.com,2026-07-05T15:11:51.842762+00:00,4.5,25.0,Khương Đình,can_ho_mini,0,1,0,0,1,0,0,0,0,0,2,0.18
"Phòng Sleep Box Tiện Nghi cạnh ĐH KH Tự Nhiên , Xã Hội & Nhân Văn , CĐ Y Hà Nội",1800000,25.0,"Đường Khương Đình, Phường Khương Đình, Hà Nội","PHÒNG KÝ TÚC XÁ CAO CẤP – GIÁ CHỈ 1.8TR/NGƯỜI/THÁNG (Đã bao gồm tất cả chi phí: điện, nước, wifi, rác, dịch… - 690304",0336232904,https://pt123.cdn.static123.com/images/thumbs/450x300/fit/2025/08/26/z6944582835993-b319b63e80ed522746856bbd8aa0d75a_1756182116.jpg,https://phongtro123.com/phong-sleep-box-tien-nghi-canh-dh-kh-tu-nhien-xa-hoi-nhan-van-cd-y-ha-noi-pr690304.html,phongtro123.com,2026-07-05T15:11:51.842762+00:00,1.8,25.0,Khương Đình,phong_tro,0,0,0,0,0,0,0,0,1,0,1,0.072
"CHO THUÊ PHÒNG TRỌ NỘI THẤT TÙY CHỌN FULL HOẶC CƠ BẢN, PHÒNG ĐEP, TIỆN ÍCH, AN TOÀN, HỢP LÝ",4500000,30.0,"Ngõ 1 ngách 62 hẻm 23 Đường Bùi Xương Trạch, Phường Khương Đình, Hà Nội","Nhà mới xây, có thang máy, có gác xếp, nội thất tùy trọn có đầy đủ mạng internet, pccc, camera an ninh, dịch vụ… - 684875",0947257285,https://pt123.cdn.static123.com/images/thumbs/450x300/fit/2025/06/23/gen-h-z6658028690010-966e25e88a7ff90ee573a923207b9bec_1750653453.jpg,https://phongtro123.com/cho-thue-phong-tro-ccmn-noi-that-tuy-chon-full-hoac-co-ban-phong-dep-tien-ich-an-toan-hop-ly-pr684875.html,phongtro123.com,2026-07-05T15:11:51.842762+00:00,4.5,30.0,Khương Đình,phong_tro,0,0,0,1,0,1,0,0,1,1,4,0.15
Cho thuê phòng trọ giá rẻ cho sinh viên và người lao động,2000000,14.0,"48 Ngõ 13, Khuất Duy Tiến, Phường Thanh Xuân, Hà Nội",Cho thuê phòng trọ giá rẻ cho sinh viên và người lao động - 690167,0982910560,https://phongtro123.com/images/thumb_default.svg,https://phongtro123.com/cho-thue-phong-tro-gia-re-cho-sinh-vien-va-nguoi-lao-dong-pr690167.html,phongtro123.com,2026-07-05T15:11:51.842762+00:00,2.0,14.0,Thanh Xuân,phong_tro,0,0,0,0,0,0,0,0,0,0,0,0.1428571428571428
"Cho thuê phòng trọ rộng rãi trong chung cư mini tại Ngõ 256, Nguyễn Lân, Hà Nội",3600000,25.0,"Số nhà 06 ngõ 256 Đường Nguyễn Lân, Phường Phương Liệt, Hà Nội","Phòng rộng ở được 2 - 4 người, có ban công rộng Full nội thất: có giường, tủ, điêu hòa, nóng lạnh, máy giăt,… - 309865",0912966199,https://pt123.cdn.static123.com/images/thumbs/450x300/fit/2020/10/05/k3_1601858731.jpg,https://phongtro123.com/cho-thue-phong-tro-nhu-can-ho-mini-gia-re-tai-ngo-256-pho-nguyen-lan-duong-truong-chinh-hn-pr309865.html,phongtro123.com,2026-07-05T15:11:51.842762+00:00,3.6,25.0,Phương Liệt,can_ho_mini,0,0,1,0,1,0,0,1,0,0,3,0.144
"Phòng Gác xép, Ban công, thoáng full đồ",4900000,25.0,"32 ngõ 168/54 Đường Nguyễn Lân, Phường Phương Liệt, Hà Nội","Nội thất : Full đồ mới 100% , Gác xép , tủ quần áo , tủ bếp trên dưới , điều hòa , nóng lạnh ,tủ… - 689856",0787180902,https://pt123.cdn.static123.com/images/thumbs/450x300/fit/2025/08/22/img-1697_1755795625.jpg,https://phongtro123.com/phong-gac-xep-ban-cong-thoang-full-do-pr689856.html,phongtro123.com,2026-07-05T15:11:54.574192+00:00,4.9,25.0,Phương Liệt,phong_tro,1,0,1,0,1,1,0,1,0,0,5,0.196
CHÍNH CHỦ CHO THUÊ PHÒNG TRỌ - VÀO Ở NGAY - FULL NỘI THẤT TẠI NGUYỄN TRÃI,4000000,25.0,"Đường Nguyễn Trãi, Phường Khương Đình, Hà Nội","CHÍNH CHỦ CHO THUÊ PHÒNG TRỌ - VÀO Ở NGAY - FULL NỘI THẤT TẠI NGUYỄN TRÃI Địa chỉ: Số 5 ngõ 129/12 Nguyễn Trãi,… - 689626",0349166928,https://pt123.cdn.static123.com/images/thumbs/450x300/fit/2025/08/19/71cebab8-8ad1-41ad-a2ad-0907e99c766f_1755611645.jpg,https://phongtro123.com/chinh-chu-cho-thue-phong-tro-vao-o-ngay-full-noi-that-tai-nguyen-trai-pr689626.html,phongtro123.com,2026-07-05T15:11:54.574192+00:00,4.0,25.0,Khương Đình,phong_tro,0,0,0,0,1,0,0,0,0,0,1,0.16
"Chính chủ cho thuê căn hộ CC mini tại 29/70/41 phố Khương Hạ, Thanh Xuân",4000000,30.0,"29/70/41 Phố Khương Hạ, Phường Khương Đình, Hà Nội",*CHÍNH CHỦ cho thuê Phòng 30 m2 ở 29/70/41 Khương Hạ cách Ngã Tư Sở hơn 1 km *Giá: 4 Tr ( VSKK + BAN CÔNG ) ở được… - 289166,0912454232,https://pt123.cdn.static123.com/images/thumbs/450x300/fit/2019/10/08/201305152629-201010003326-5_1570518609.jpg,https://phongtro123.com/tinh-thanh/ha-noi/chinh-chu-cho-thue-can-ho-cc-mini-tai-29-70-41-pho-khuong-ha-thanh-xuan.html,phongtro123.com,2026-07-05T15:11:54.574192+00:00,4.0,30.0,Khương Đình,can_ho,0,0,1,0,0,0,0,0,0,0,1,0.1333333333333333
"Gác xép, ngõ 207 Triều Khúc - Thanh Xuân",5500000,25.0,"Ngõ 207 Đường Triều Khúc, Phường Thanh Xuân, Hà Nội","Thang: máy Kiểu Phòng: gác xép Nội thất: Full nội thất như hình, có ban công, gác xép cao 1m8, máy giặt sấy riêng,… - 688859",0366329605,https://pt123.cdn.static123.com/images/thumbs/450x300/fit/2025/08/11/img-7008_1754845475.jpg,https://phongtro123.com/gac-xep-ngo-207-trieu-khuc-thanh-xuan-pr688859.html,phongtro123.com,2026-07-05T15:11:54.574192+00:00,5.5,25.0,Thanh Xuân,phong_tro,0,0,1,0,1,1,1,0,0,0,4,0.22
"Cho thuê phòng 1 ngủ 1 khách mới xây, Ngõ 230 định công thượng. giá 5tr6",5600000,35.0,"Đường Định Công Thượng, Phường Phương Liệt, Hà Nội","Cho thuê phòng 1 ngủ 1 khách mới xây, Ngõ 230 định công thượng. Loại phòng 1 ngủ 1 khách DT35m Gía thuê 5tr6 có cửa… - 686594",0965383653,https://pt123.cdn.static123.com/images/thumbs/450x300/fit/2025/07/16/z5132230871817-2a16f469aff884e519c203a0a4fbf715_1752630060.jpg,https://phongtro123.com/cho-thue-phong-1-ngu-1-khach-moi-xay-ngo-230-dinh-cong-thuong-gia-5tr6-pr686594.html,phongtro123.com,2026-07-05T15:11:54.574192+00:00,5.6,35.0,Phương Liệt,phong_tro,0,0,0,0,0,0,0,0,0,0,0,0.16
PHÒNG TRỌ 10/73 HOÀNG NGÂN (gần Hồ Quan Nhân),5500000,30.0,"10/73 Đường Hoàng Ngân, Phường Thanh Xuân, Hà Nội",[GÓC PASS PHÒNG – số 10 ngõ 73 HOÀNG NGÂN Cuối tháng 8 ] Giá thuê: 5.5 triệu (có thương lượng) Dịch vụ: Điện:… - 689103,0328846015,https://pt123.cdn.static123.com/images/thumbs/450x300/fit/2025/08/13/56f96db5-3284-4559-ad40-c1033955f3b8_1755086482.jpg,https://phongtro123.com/phong-tro-10-73-hoang-ngan-gan-ho-quan-nhan-pr689103.html,phongtro123.com,2026-07-05T15:11:54.574192+00:00,5.5,30.0,Thanh Xuân,phong_tro,0,0,0,0,0,0,0,0,0,0,0,0.1833333333333333
"Duplex 2 tầng – Full nội thất – Máy giặt riêng – 25m² chỉ 4tr7 – Vũ Tông Phan, Thanh Xuân",4700000,25.0,"619 Phố Vũ Tông Phan, Phường Khương Đình, Hà Nội","Địa chỉ: 619 Vũ Tông Phan, Thanh Xuân Diện tích: 25m² | Duplex 2 tầng | Có thang máy Giá: 4tr7 – tầng 2 trống Nội… - 688274",0386925893,https://pt123.cdn.static123.com/images/thumbs/450x300/fit/2025/08/04/1000005949_1754272205.jpg,https://phongtro123.com/duplex-2-tang-full-noi-that-may-giat-rieng-25m2-chi-4tr7-vu-tong-phan-thanh-xuan-pr688274.html,phongtro123.com,2026-07-05T15:11:54.574192+00:00,4.7,25.0,Khương Đình,phong_tro,0,0,0,1,1,0,1,0,0,1,4,0.188
"Cho thuê phòng trọ ,ccmn khắp HN",4500000,25.0,"Phố Nhân Hòa, Phường Khương Đình, Hà Nội","Phòng trọ rộng Sạch sẽ, thoáng mát, có cửa sổ lớn đón ánh sáng tự nhiên. Trang bị đầy đủ tiện nghi: máy… - 687467",0363038226,https://pt123.cdn.static123.com/images/thumbs/450x300/fit/2025/07/25/z6834515162284-b5d45ccec29cf25fe28d66545006a98d_1753419435.jpg,https://phongtro123.com/cho-theu-phong-tro-ccmn-khap-hn-pr687467.html,phongtro123.com,2026-07-05T15:11:54.574192+00:00,4.5,25.0,Khương Đình,can_ho_mini,0,0,0,0,0,0,0,0,0,0,0,0.18
"Cho thuê phòng CCMN thang máy, khép kín, full đồ ngay 73 Hoàng Ngân, gần chợ Quan Nhân, Cầu Cống Mọc",4000000,25.0,"73 Đường Hoàng Ngân, Phường Thanh Xuân, Hà Nội",Cho thuê phòng CCMN FULL ĐỒ KHÉP KÍN 73 Hoàng Ngân (Ngay chợ Quan Nhân) Cách đường Lê Văn Lương 150m. Gần chợ Quân… - 614246,0877828666,https://pt123.cdn.static123.com/images/thumbs/450x300/fit/2025/06/12/2d086cf466b4abeaf2a511_1749698945.jpg,https://phongtro123.com/cho-thue-phong-ccmn-thang-may-khep-kin-full-do-ngay-73-hoang-ngan-gan-cho-quan-nhan-cau-cong-moc-pr614246.html,phongtro123.com,2026-07-05T15:11:54.574192+00:00,4.0,25.0,Thanh Xuân,can_ho_mini,0,1,0,1,1,0,0,0,0,1,4,0.16
36 ngõ 282 Kim Giang - Thanh Xuân,5000000,40.0,"Đường Kim Giang, Phường Khương Đình, Hà Nội","Giá 5TR (trống tầng 6) Nội thất :điều hòa, nóng lạnh, tủ bếp - bàn bếp, hút mùi, giường tủ, tủ lạnh, máy… - 687905",0919678758,https://pt123.cdn.static123.com/images/thumbs/450x300/fit/2025/07/30/z6856729270249-d33d2b52f94682613cf3779ae10f94af_1753881659.jpg,https://phongtro123.com/36-ngo-282-kim-giang-thanh-xuan-pr687905.html,phongtro123.com,2026-07-05T15:11:54.574192+00:00,5.0,40.0,Khương Đình,phong_tro,1,0,0,0,0,0,0,1,0,0,2,0.125
"Cho thuê phòng trọ Nguyễn Huy Tưởng, Thanh Xuân, Hà Nội",3500000,40.0,"174B Đường Nguyễn Huy Tưởng, Phường Thanh Xuân, Hà Nội","Ngã tư Nguyễn Tuân - Nguyễn Huy tưởng còn phòng 3.5Triệu Vệ sinh khép kín có điều hòa, nóng lạnh Có cửa sổ, ban… - 687598",0912714411,https://pt123.cdn.static123.com/images/thumbs/450x300/fit/2025/07/26/z6844329669004-b64fad29b2d97a9ea462b07e74ae3ceb_1753540363.jpg,https://phongtro123.com/cho-thue-phong-tro-nguyen-huy-tuong-thanh-xuan-ha-noi-pr687598.html,phongtro123.com,2026-07-05T15:11:54.574192+00:00,3.5,40.0,Thanh Xuân,phong_tro,1,1,0,0,0,0,0,1,0,0,3,0.0875
"Cho thuê phòng trọ giá từ 2,2-2,4 triệu/ tháng ngõ 93 Hoàng Văn Thái, Q Thanh Xuân, Hà Nội",2200000,20.0,"ngõ 93 Đường Hoàng Văn Thái, Phường Khương Đình, Hà Nội","Cho thuê phòng trọ khép kín, không chung chủ Địa chỉ: ngõ 93 Hoàng Văn Thái, Q Thanh Xuân, Hà Nội - Phòng diện tích… - 687327",0384287869,https://phongtro123.com/images/thumb_default.svg,https://phongtro123.com/cho-thue-phong-tro-gia-tu-2-2-2-4-trieu-thang-ngo-93-hoang-van-thai-q-thanh-xuan-ha-noi-pr687327.html,phongtro123.com,2026-07-05T15:11:54.574192+00:00,2.2,20.0,Khương Đình,phong_tro,0,1,0,0,0,0,0,0,0,0,1,0.11
"Phòng trọ 30m2 khép kín 470 Nguyễn Trãi, đầy đủ nội thất (tầng 1)",3800000,30.0,"số 39 ngõ 470 Đường Nguyễn Trãi, Phường Thanh Xuân, Hà Nội","Phòng trọ 30m2 khép kín 470 Nguyễn Trãi, đầy đủ nội thất (tầng 1) đủ nội thất cơ bản (nóng lạnh, điều hòa,… - 686891",0766767666,https://pt123.cdn.static123.com/images/thumbs/450x300/fit/2025/07/18/z6696287069352-d393f26cea4d344becae3654e821e749_1752852329.jpg,https://phongtro123.com/phong-tro-30m2-khep-kin-470-nguyen-trai-day-du-noi-that-tang-1-pr686891.html,phongtro123.com,2026-07-05T15:11:54.574192+00:00,3.8,30.0,Thanh Xuân,phong_tro,1,1,0,0,1,0,0,1,0,0,4,0.1266666666666666
CHO THUÊ PHÒNG 15m2 TẠI NGÃ TƯ NGUYỄN TRÃI - KHUẤT DUY TIẾN,2500000,15.0,"Ngách 470/12, ngõ 470 Đường Nguyễn Trãi, Phường Thanh Xuân, Hà Nội",- Diện tích: 15m2 - Có nóng lạnh - Có máy giặt - Để xe miễn phí tầng 1 - Phơi quần áo tầng 5 - Giờ giấc đi… - 686753,0392389575,https://pt123.cdn.static123.com/images/thumbs/450x300/fit/2025/07/17/37a12d7d1ff7a9a9f0e61_1752741969.jpg,https://phongtro123.com/cho-thue-phong-15m2-tai-nga-tu-nguyen-trai-khuat-duy-tien-pr686753.html,phongtro123.com,2026-07-05T15:11:54.574192+00:00,2.5,15.0,Thanh Xuân,phong_tro,0,0,0,0,0,0,1,1,0,1,3,0.1666666666666666
"Cho thuê phòng tầng 4 nhà nguyên căn - Thanh Xuân, Hn",3000000,22.0,"Ngõ 211 Đường Khương Trung, Phường Khương Đình, Hà Nội","Cho thuê phòng tầng 4 nhà nguyên căn. Đầy đủ giường, tủ, nóng lạnh, điều hòa. Có máy giặt chung, sân phơi, có… - 686687",0915880485,https://pt123.cdn.static123.com/images/thumbs/450x300/fit/2025/07/17/z6737719204508-2728f6ddfd1abaf2f65372bf7660101f_1752721624.jpg,https://phongtro123.com/cho-thue-phong-tang-4-nha-nguyen-can-pr686687.html,phongtro123.com,2026-07-05T15:11:54.574192+00:00,3.0,22.0,Khương Đình,nha_nguyen_can,1,0,0,0,0,0,1,1,0,0,3,0.1363636363636363
"PASS PHÒNG TẠI PHƯỜNG NHÂN CHÍNH, QUẬN THANH XUÂN, HÀ NỘI",6600000,30.0,"Đường Giáp Nhất, Phường Thanh Xuân, Hà Nội","PASS PHÒNG TẠI PHƯỜNG NHÂN CHÍNH, QUẬN THANH XUÂN, HÀ NỘI * Địa chỉ: 213 Giáp Nhất * Diện tích: 30m2 - Full đồ:… - 686671",0974783554,https://pt123.cdn.static123.com/images/thumbs/450x300/fit/2025/07/16/99a0a2f9-20ff-45ca-85f0-ed67cac45d00_1752674717.jpg,https://phongtro123.com/pass-phong-tai-phuong-nhan-chinh-quan-thanh-xuan-ha-noi-pr686671.html,phongtro123.com,2026-07-05T15:11:54.574192+00:00,6.6,30.0,Thanh Xuân,phong_tro,0,0,0,0,1,0,0,0,0,0,1,0.22
Cho thuê phòng trong nhà 6 tầng ngõ 190/12 Nguyễn Trãi,2000000,16.0,"Đường Nguyễn Trãi, Phường Khương Đình, Hà Nội","Nhà 6 tầng còn phòng cho thuê Giá 2tr khép kín có giường. Phòng 2,6tr -3tr - 3,8tr và 4,9tr khép kín nóng lạnh, điều… - 686578",0398590738,https://pt123.cdn.static123.com/images/thumbs/450x300/fit/2025/07/15/img-6241_1752586793.jpg,https://phongtro123.com/nha-6-tang-ngo-190-12-nguyen-trai-2-pr686578.html,phongtro123.com,2026-07-05T15:11:54.574192+00:00,2.0,16.0,Khương Đình,phong_tro,0,1,0,0,0,0,0,1,0,0,2,0.125
Cho thuê phòng trọ ngách 39 nhà 49 Kim Giang - Thanh Xuân,3200000,25.0,"ngách 39 nhà 49 Đường Kim Giang, Phường Khương Đình, Hà Nội","Mình sẵn 2p có gác bên ngách 39 nhà 49 Kim Giang - Thanh Xuân Giá 3tr2 - 3tr4 Nội thất : điều hòa , nóng lạnh , gác xép ,… - 685778",0359044814,https://pt123.cdn.static123.com/images/thumbs/450x300/fit/2025/07/04/kim-giang_1751621721.jpg,https://phongtro123.com/cho-thue-phong-tro-ngach-39-nha-49-kim-giang-thanh-xuan-pr685778.html,phongtro123.com,2026-07-05T15:11:54.574192+00:00,3.2,25.0,Khương Đình,phong_tro,1,0,0,0,0,1,0,1,0,0,3,0.128
"Cho thuê phòng trọ cấp 4 phố Khương Hạ, Thanh Xuân, Hà Nội",2500000,25.0,"29/72/1 Phố Khương Hạ, Phường Khương Đình, Hà Nội","Cho thuê nhà trọ tại số 1 ngõ 29/72 Khương Hạ, Quận Thanh Xuân Khu nhà cấp 4 gồm 13 phòng, ô tô đỗ cửa Nhà khép… - 684928",0912098800,https://pt123.cdn.static123.com/images/thumbs/450x300/fit/2025/06/23/anh-1_1750695973.jpg,https://phongtro123.com/cho-thue-phong-tro-cap-4-pho-khuong-ha-thanh-xuan-ha-noi-pr684928.html,phongtro123.com,2026-07-05T15:11:56.985488+00:00,2.5,25.0,Khương Đình,phong_tro,0,0,0,0,0,0,0,0,0,0,0,0.1
Cho thuê phòng khép kín - SN 48 Chính Kinh - Thanh Xuân - Hà Nội,2500000,19.0,"48 Phố Chính Kinh, Phường Thanh Xuân, Hà Nội","- Tòa nhà 48 Phố Chính Kinh gồm 6 tầng : Có nhiều căn hộ mini - Cách đường Nguyễn Trãi – Hà Nội 500 m, Cách trung… - 684159",0969436979,https://pt123.cdn.static123.com/images/thumbs/450x300/fit/2025/06/14/p502-1_1749859952.jpg,https://phongtro123.com/cho-thue-can-ho-khep-kin-sn-48-chinh-kinh-thanh-xuan-ha-noi-pr684159.html,phongtro123.com,2026-07-05T15:11:56.985488+00:00,2.5,19.0,Thanh Xuân,can_ho_mini,0,1,0,0,0,0,0,0,0,0,1,0.131578947368421
"Nhượng trọ khu vực thanh xuân, Hà Nội",2000000,12.0,"ngõ 190 Đường Nguyễn Trãi, Phường Thanh Xuân, Hà Nội","Mình sắp chuyển nơi công tác cần nhượng trọ gấp ạ Địa chỉ ngõ 12 chính Kinh gần Ngã tư sở, đại học Khoa… - 682055",0901794681,https://pt123.cdn.static123.com/images/thumbs/450x300/fit/2025/05/19/494686839-671026802482138-3558443115035399583-n_1747652102.jpg,https://phongtro123.com/can-tim-nguoi-nhuong-tro-khu-vuc-thanh-xuan-pr682055.html,phongtro123.com,2026-07-05T15:11:56.985488+00:00,2.0,12.0,Thanh Xuân,phong_tro,0,0,0,0,0,0,0,0,0,0,0,0.1666666666666666
"73 PHỐ HOÀNG NGÂN - GÁC XÉP FULL NỘI THẤT - NGAY GẦN GA LÁNG, ROYAL",4300000,25.0,"Đường Hoàng Ngân, Phường Thanh Xuân, Hà Nội","Phòng siêu xinh tại Đường Hoàng Ngân, p Nhân Chính, Thanh Xuân, Hà Nội. Diện tích 25m2, giá chỉ 4,3 triệu VND. Nội… - 683302",0879240000,https://pt123.cdn.static123.com/images/thumbs/450x300/fit/2025/06/03/hland-tower-168-3_1748940518.png,https://phongtro123.com/73-pho-hoang-ngan-gac-xep-full-noi-that-ngay-gan-ga-lang-royal-2-pr683302.html,phongtro123.com,2026-07-05T15:11:56.985488+00:00,4.3,25.0,Thanh Xuân,phong_tro,0,0,0,0,1,1,0,0,0,0,2,0.172
"Nhượng phòng ccmn khép kin có ban công - Thanh Xuân, Hn",3000000,19.0,"Phố Quan Nhân, Phường Thanh Xuân, Hà Nội",nhượng phòng ccmn khép kín có ban công có cả điều hòa nóng lạnh. k chung chủ phong trong ngõ 178 rất thuận tiện đi… - 683042,0333131512,https://pt123.cdn.static123.com/images/thumbs/450x300/fit/2025/05/30/phong-tro-ccu-4_1748596325.jpg,https://phongtro123.com/nhuong-phong-ccmn-khep-kin-co-ban-cong-pr683042.html,phongtro123.com,2026-07-05T15:11:56.985488+00:00,3.0,19.0,Thanh Xuân,can_ho_mini,1,1,1,0,0,0,0,1,0,0,4,0.1578947368421052
"KHAI TRƯƠNG TÒA NHÀ MỚI, Ô TÔ ĐỔ TẬN CỬA, FULL NỘI THẤT",4800000,25.0,"Ngõ 1 Đường Bùi Xương Trạch, Phường Khương Đình, Hà Nội","Thông tin phòng: Tổng số phòng trống: 25 phòng Diện tích: Tùy loại phòng (có gác xép, rộng rãi, thoáng) Giá… - 682741",0387869710,https://pt123.cdn.static123.com/images/thumbs/450x300/fit/2025/05/27/z6641988955058-bb0e5499da423b92b6970e2b847f3683_1748334959.jpg,https://phongtro123.com/khai-truong-toa-nha-moi-o-to-do-tan-cua-full-noi-that-pr682741.html,phongtro123.com,2026-07-05T15:11:56.985488+00:00,4.8,25.0,Khương Đình,phong_tro,0,0,0,0,1,1,0,0,0,0,2,0.192
Cho thuê studio Triều Khúc 35m2 vào ở luôn,3900000,35.0,"Đường Triều Khúc, Phường Thanh Xuân, Hà Nội","Phòng to, cho hộ gia đình ,người đi làm thuê,tại ngõ 83 Triều Khúc,vào ở luôn Phòng rộng 35m².không chung chủ,giờ… - 619098",0912216086,https://pt123.cdn.static123.com/images/thumbs/450x300/fit/2023/03/15/271985653-1382966048797124-1033759527645745052-n_1678843580.jpg,https://phongtro123.com/cho-thue-studio-trieu-khuc-35m2-vao-o-luon-pr619098.html,phongtro123.com,2026-07-05T15:11:56.985488+00:00,3.9,35.0,Thanh Xuân,can_ho_mini,0,0,0,0,0,0,0,0,0,0,0,0.1114285714285714
"Cho thuê phòng khép kín tại triều khúc, Thanh Xuân, HN",2800000,25.0,"Số 58 ngõ 83 Đường Triều Khúc, Hà Nội","Cho thuê phòng khép kín tại Triều Khúc giá 2.8 triệu vào ở luôn. không chung chủ Cổng vân tay Có máy lạnh, nóng… - 680814",0912216086,https://pt123.cdn.static123.com/images/thumbs/450x300/fit/2025/05/05/0-6_1746445006.jpg,https://phongtro123.com/cho-thue-phong-khep-kin-tai-trieu-khuc-pr680814.html,phongtro123.com,2026-07-05T15:11:56.985488+00:00,2.8,25.0,unknown,phong_tro,1,1,0,0,0,0,0,0,0,0,2,0.1119999999999999
"Phòng 28m2 - 2 cửa sổ 1 ban công - Đường Lê Văn Lương, Q Thanh Xuan",4900000,28.0,"số 1 ngõ 109/6 Đường Hoàng Ngân, Phường Thanh Xuân, Hà Nội","Mình chủ nhà cần thuê cho 2 chung cư mini ở số 1 ngõ 109/6 Hoàng Ngân, Nhân Chính, Thanh Xuân, Hà Nội Phòng khép kín 28m2… - 682019",0379396560,https://pt123.cdn.static123.com/images/thumbs/450x300/fit/2025/05/19/z6615988529669-408a28474682f2c14aab20e6a6a9a317_1747624322.jpg,https://phongtro123.com/ccmn-28m2-2-cua-so-1-ban-cong-duong-le-van-luong-q-thanh-xuan-pr682019.html,phongtro123.com,2026-07-05T15:11:56.985488+00:00,4.9,28.0,Thanh Xuân,can_ho_mini,0,1,1,0,0,0,0,0,0,0,2,0.175
"Cho thuê phòng nhà 4 tầng ngõ Phố Khương Trung ( gần trường tiểu học,THCS Nguyễn Trãi )",2000000,20.0,"12 Đường Khương Trung, Xã Hòa Vang, Hà Nội","Cho thuê các phòng tầng 2,3,4 ( nhà có 4 tầng ) tại ngõ 132 Khương Trung, Thanh Xuân , Hà Nội. Liên hệ : 091261735 / 098… - 681829",0984111102,https://pt123.cdn.static123.com/images/thumbs/450x300/fit/2025/05/16/unnamed-3_1747381021.jpg,https://phongtro123.com/cho-thue-phong-nha-4-tang-ngo-pho-khuong-trung-gan-truong-tieu-hoc-thcs-nguyen-trai-pr681829.html,phongtro123.com,2026-07-05T15:11:56.985488+00:00,2.0,20.0,Hòa Vang,phong_tro,0,0,0,0,0,0,0,0,0,0,0,0.1
"Chính chủ cho thuê phòng 25m² full nội thất - gần Royal City – Nguyễn Trãi, Thanh Xuân",5000000,25.0,"20, ngõ 262B Đường Nguyễn Trãi, Phường Thanh Xuân, Hà Nội","Chính chủ cho thuê phòng + Phòng 25m² full nội thất, hành lang dùng chung 25m2/ tầng, sàn để xe rộng 150m² - gần Royal… - 681475",0819788333,https://pt123.cdn.static123.com/images/thumbs/450x300/fit/2025/05/13/0ac4033d-a007-4b9a-8ef7-8806a6087a6e-4-5005-c_1747122971.jpg,https://phongtro123.com/chinh-chu-cho-thue-25m2-full-noi-that-gan-royal-city-nguyen-trai-thanh-xuan-pr681475.html,phongtro123.com,2026-07-05T15:11:56.985488+00:00,5.0,25.0,Thanh Xuân,phong_tro,0,0,0,0,1,0,0,0,0,1,2,0.2
"Phòng tầng 3, full đồ, ban công",5500000,40.0,"Ngõ 4 Đường Kim Giang, Phường Khương Đình, Hà Nội","Gần Cao Đẳng Y HN, chung cư FiveStar, nhiều tiện ích xung quanh Điện:3.500, nước 100k - 681258",0934562727,https://phongtro123.com/images/thumb_default.svg,https://phongtro123.com/phong-tang-3-full-do-ban-cong-pr681258.html,phongtro123.com,2026-07-05T15:11:56.985488+00:00,5.5,40.0,Khương Đình,can_ho,0,0,1,0,1,0,0,0,0,0,2,0.1375
Cho thuê phòng tại 22 ngõ 183 Hoàng Văn Thái.,3600000,25.0,"Số 22 Ngõ 183 Đường Hoàng Văn Thái, Phường Khương Đình, Hà Nội","Chính chủ cho thuê phòng tại số 22 ngõ 183 Hoàng Văn Thái, Thanh Xuân.Hà Nội. ( Gần ĐH Y, Học Viện Ngân hàng, ĐH Thủy… - 681036",0795112635,https://pt123.cdn.static123.com/images/thumbs/450x300/fit/2025/05/08/img-4610_1746677815.jpg,https://phongtro123.com/cho-thue-phong-tai-22-ngo-183-hoang-van-thai-pr681036.html,phongtro123.com,2026-07-05T15:11:56.985488+00:00,3.6,25.0,Khương Đình,phong_tro,0,0,0,0,0,0,0,0,0,0,0,0.144
"Cho thuê 1 phòng ở ngõ 22 Phan Đình Giót, Thanh Xuân, HN, chuyển vào từ 1/6/2025",3000000,18.0,"14, ngõ 22 Đường Phan Đình Giót, Phường Phương Liệt, Hà Nội","Phòng ở tầng 2, diện tích 18m2, đầy đủ đồ tủ lạnh, điều hòa, giường tủ, tủ bếp (nấu ăn trong phòng, máy… - 681016",0559869122,https://pt123.cdn.static123.com/images/thumbs/450x300/fit/2025/05/08/anh-1_1746667532.jpg,https://phongtro123.com/cho-thue-1-phong-o-ngo-22-phan-dinh-giot-thanh-xuan-hn-chuyen-vao-tu-1-6-2025-pr681016.html,phongtro123.com,2026-07-05T15:11:56.985488+00:00,3.0,18.0,Phương Liệt,phong_tro,1,0,0,0,0,0,0,0,0,0,1,0.1666666666666666
"CHÍNH CHỦ CHO THUÊ CHUNG CƯ MINI FULL ĐỒ - ĐƯỜNG NGUYỄN TRÃI, THANH XUÂN - GIÁ TỐT",5000000,40.0,"Phường Thanh Xuân, Hà Nội","Địa chỉ: Ngõ đường Nguyễn Trãi, Thanh Xuân, Hà Nội. Diện tích: 25m²- 40m²/phòng Thiết kế: Phòng khép kín, có… - 680569",0332781411,https://pt123.cdn.static123.com/images/thumbs/450x300/fit/2025/05/02/q36_1746145276.jpg,https://phongtro123.com/chinh-chu-cho-thue-chung-cu-mini-full-do-duong-nguyen-trai-thanh-xuan-gia-tot-2-pr680569.html,phongtro123.com,2026-07-05T15:11:56.985488+00:00,5.0,40.0,Thanh Xuân,can_ho_mini,0,1,0,0,1,0,0,0,0,0,2,0.125
"CHÍNH CHỦ CHO THUÊ CHUNG CƯ MINI FULL ĐỒ - ĐƯỜNG NGUYỄN TRÃI, THANH XUÂN - GIÁ TỐT",5000000,40.0,"Đường Nguyễn Trãi, Phường Thanh Xuân, Hà Nội","Địa chỉ: Ngõ đường Nguyễn Trãi, Thanh Xuân, Hà Nội. Diện tích: 25m² 40m²/phòng Thiết kế: Phòng khép kín, có… - 680563",0332781411,https://pt123.cdn.static123.com/images/thumbs/450x300/fit/2025/05/01/q36_1746107469.jpg,https://phongtro123.com/chinh-chu-cho-thue-chung-cu-mini-full-do-duong-nguyen-trai-thanh-xuan-gia-tot-pr680563.html,phongtro123.com,2026-07-05T15:11:56.985488+00:00,5.0,40.0,Thanh Xuân,can_ho_mini,0,1,0,0,1,0,0,0,0,0,2,0.125
"Cho thuê nhà ở full nội thất, an toàn, đầy đủ giấy tờ kiểm định",6000000,40.0,"Phố Vũ Tông Phan, Phường Khương Đình, Hà Nội",CHÍNH CHỦ CHO THUÊ PHÒNG KHÉP KÍN CAO CẤP - NHÀ MẶT PHỐ VŨ TÔNG PHAN MỚI XÂY Không gian sống lý tưởng cho hộ gia… - 679438,0975386347,https://pt123.cdn.static123.com/images/thumbs/450x300/fit/2025/04/16/img-8110_1744776316.jpg,https://phongtro123.com/cho-thue-nha-o-full-noi-that-an-toan-day-du-giay-to-kiem-dinh-pr679438.html,phongtro123.com,2026-07-05T15:11:56.985488+00:00,6.0,40.0,Khương Đình,phong_tro,0,1,0,0,1,0,0,0,0,0,2,0.15
Phòng trọ khép kín Ngã Tư Sở 1.8tr,1800000,18.0,"91 ngõ 12 Đường Nguyễn Trãi, Phường Thanh Xuân, Hà Nội","Nhà mình có phòng trống khép kín gần 18m2 Cho thuê giá 1.8tr/th tại ngõ 190 Nguyễn Trãi, Thanh Xuân ngay gần Ngã Tư Sở,… - 679053",0913057033,https://pt123.cdn.static123.com/images/thumbs/450x300/fit/2025/04/11/p2_1744353477.jpg,https://phongtro123.com/phong-tro-khep-kin-nga-tu-so-1-8tr-pr679053.html,phongtro123.com,2026-07-05T15:11:56.985488+00:00,1.8,18.0,Thanh Xuân,phong_tro,0,1,0,0,0,0,0,0,0,0,1,0.1
CCMN chính chủ phố Vương Thừa Vũ,4000000,20.0,"26/140 Đường Vương Thừa Vũ, Phường Khương Đình, Hà Nội","CC mini mới xây với diện tích từ 25- 30m2 và giá từ 4tr-5 triệu VND. Tt1 cọc 1. Ngõ 2,5m đi vào rộng rãi 30m ra đường… - 679111",0989003238,https://pt123.cdn.static123.com/images/thumbs/450x300/fit/2025/04/11/img-0973_1744378889.jpg,https://phongtro123.com/ccmn-chinh-chu-pho-vuong-thua-vu-pr679111.html,phongtro123.com,2026-07-05T15:11:56.985488+00:00,4.0,20.0,Khương Đình,can_ho_mini,0,0,0,0,0,0,0,0,0,0,0,0.2
"Cho thuê nhà trọ đường Nguyễn Xiển, Hạ Đình, Thanh Xuân, Hà Nội, 3,6 triệu, 23 m",3600000,23.0,"ngõ 100 Đường Nguyễn Xiển, Phường Khương Đình, Hà Nội","Nhà trọ cho thuê nằm tại Đường Nguyễn Xiển, Phường Hạ Đình, Thanh Xuân, Hà Nội, với diện tích 23 m2, thiết kế… - 678977",0938588387,https://pt123.cdn.static123.com/images/thumbs/450x300/fit/2025/04/10/img-7670-copy_1744276063.jpg,https://phongtro123.com/cho-thue-nha-tro-duong-nguyen-xien-ha-dinh-thanh-xuan-ha-noi-3-6-trieu-23-m-pr678977.html,phongtro123.com,2026-07-05T15:11:58.415359+00:00,3.6,23.0,Khương Đình,phong_tro,0,0,0,0,0,0,0,0,0,0,0,0.1565217391304348
Cho thuê căn hộ mini ở ngõ 203 Trường Chinh giá 5tr/tháng,5000000,35.0,"Số 24 Ngõ 203 Đường Trường Chinh, Phường Phương Liệt, Hà Nội","Cho thuê chung cư mini ở số 24 ngõ 203 Trường Chinh, gần Ngã Tư Sở, rất thuận tiện cho việc đi lại, sinh hoạt. Lên… - 678911",0978152411,https://pt123.cdn.static123.com/images/thumbs/450x300/fit/2025/04/09/z6489253284801-55c528b4584e5a729648a0ecea79aedc_1744208007.jpg,https://phongtro123.com/cho-thue-can-ho-mini-o-ngo-203-truong-chinh-gia-5tr-thang-pr678911.html,phongtro123.com,2026-07-05T15:11:58.415359+00:00,5.0,35.0,Phương Liệt,can_ho_mini,0,0,0,0,0,0,0,0,0,0,0,0.1428571428571428
CHO THUÊ CĂN HỘ MINI - THANH XUÂN - LƯƠNG THẾ VINH - HÀ NỘI,7500000,60.0,"Số nhà 47A, ngõ 385 Đường Lương Thế Vinh, Phường Thanh Xuân, Hà Nội","Phòng khép kín, đầy đủ nội thất gường tủ, bếp nấu ăn, tủ lạnh, điều hòa, máy giặt Có chỗ để xe tại… - 678626",0976127868,https://pt123.cdn.static123.com/images/thumbs/450x300/fit/2025/04/05/1_1743828018.jpg,https://phongtro123.com/cho-thue-can-ho-mini-thanh-xuan-luong-the-vinh-ha-noi-pr678626.html,phongtro123.com,2026-07-05T15:11:58.415359+00:00,7.5,60.0,Thanh Xuân,can_ho_mini,1,1,0,0,1,0,1,0,0,1,5,0.125
"Trống phòng cho thuê tại 200 Nguyễn Lân, Thanh Xuân - LH zalo 0334557031 để đi xem phòng liền nhé!!",4300000,35.0,"200 Đường Nguyễn Lân, Phường Phương Liệt, Hà Nội","Trống phòng cho thuê tại 200 Nguyễn Lân, Thanh Xuân - LH zalo 0334557031 để đi xem phòng liền nhé!! Taxi đỗ: 0m. Ô tô… - 678272",0334557031,https://pt123.cdn.static123.com/images/thumbs/450x300/fit/2025/04/01/img-1743477920225-1743487788579_1743488868.jpg,https://phongtro123.com/lien-he-zalo-0334557031-de-giu-phong-2-pr678272.html,phongtro123.com,2026-07-05T15:11:58.415359+00:00,4.3,35.0,Phương Liệt,phong_tro,0,0,0,0,0,0,0,0,0,0,0,0.1228571428571428
"CHÍNH CHỦ CHO THUÊ CCMN full đồ 25m2 Ở Ngay tại Ngõ 100 Nguyễn Xiển, Thanh Xuân",5500000,25.0,"67 ngõ 100 Đường Nguyễn Xiển, Phường Thanh Xuân, Hà Nội","CHÍNH CHỦ CHO THUÊ CCMN TẠI Thanh Xuân Giá thuê: 5tr5, HĐ 6 tháng, đóng 1 cọc 1 Đang trống 3P full đồ riêng biệt, ảnh… - 677762",0964887960,https://pt123.cdn.static123.com/images/thumbs/450x300/fit/2025/03/26/502-1_1742958480.jpg,https://phongtro123.com/chinh-chu-cho-thue-ccmn-full-do-25m2-o-ngay-tai-ngo-100-nguyen-xien-thanh-xuan-pr677762.html,phongtro123.com,2026-07-05T15:11:58.415359+00:00,5.5,25.0,Thanh Xuân,can_ho_mini,0,0,0,0,1,0,0,0,0,0,1,0.22
Cho thuê phòng gần ĐH Thủy Lợi. Liên hệ zalo 0334557031 để được hỗ trợ phòng,4800000,35.0,"164/38 Đường Vương Thừa Vũ, Phường Khương Đình, Hà Nội","+ Kiểu: Đơn + Cửa sổ Ban công. + Có thể ở luôn. + Gần: ĐH Thủy Lợi - 3.5km, ĐH Y - 2.1km, Ngã Tư Sở - 3.1km, ĐH KHXH… - 677723",0334557031,https://pt123.cdn.static123.com/images/thumbs/450x300/fit/2025/03/25/img-1742900619728-1742900874183_1742901652.jpg,https://phongtro123.com/lien-he-zalo-0334557031-de-duoc-ho-tro-phong-pr677723.html,phongtro123.com,2026-07-05T15:11:58.415359+00:00,4.8,35.0,Khương Đình,phong_tro,0,0,1,0,0,0,0,0,0,0,1,0.1371428571428571
Cho thuê phòng 93 Hoàng Văn Thái - Thanh Xuân,6500000,28.0,"Đường Hoàng Văn Thái, Phường Phương Liệt, Hà Nội","️ Nội thất : Điều hòa, nóng lạnh, giàn phơi thông minh, giường, Giá treo quần áo, ghế băng, bàn ghế làm việc,… - 676962",0867692528,https://pt123.cdn.static123.com/images/thumbs/450x300/fit/2025/03/16/z6406932111279-57df8b10bae5a6638ebe993eb83b0d6e_1742094436.jpg,https://phongtro123.com/cho-thue-phong-93-hoang-van-thai-thanh-xuan-pr676962.html,phongtro123.com,2026-07-05T15:11:58.415359+00:00,6.5,28.0,Phương Liệt,phong_tro,1,0,0,0,0,0,0,1,0,0,2,0.2321428571428571
"Phòng trọ 25 m2 đủ đồ tại Ngụy Như Kon Tum, quận Thanh Xuân, HN",3900000,25.0,"Phố Ngụy Như Kon Tum, Phường Thanh Xuân, Hà Nội","Còn trống 2 phòng 20, 25m2, đồ đạc như hình, tại Ngụy Như Kon Tum, Khuất Duy tiến Vào ở luôn được, phù hợp dân… - 677232",0842165222,https://pt123.cdn.static123.com/images/thumbs/450x300/fit/2025/03/19/img-1742358463820-1742358584285_1742360172.jpg,https://phongtro123.com/phong-tro-25-m2-du-do-tai-nguy-nhu-kontum-pr677232.html,phongtro123.com,2026-07-05T15:11:58.415359+00:00,3.9,25.0,Thanh Xuân,phong_tro,0,0,0,0,0,0,0,0,0,0,0,0.156
"Chính chủ cho thuê phòng studio full nội thất ở Lương Thế Vinh, ô tô đỗ cửa",6500000,28.0,"Đường Lương Thế Vinh, Phường Thanh Xuân, Hà Nội","Chính chủ cho thuê căn hộ studio full nội thất 1n1k ở Lương Thế Vinh, ô tô đỗ cửa, nhà 2 mặt thoáng vĩnh viễn, phù… - 676998",0936069386,https://pt123.cdn.static123.com/images/thumbs/450x300/fit/2025/03/16/z6412079767572-583063b5fa9bfc7f00b429557dd16a9e_1742120668.jpg,https://phongtro123.com/chinh-chu-cho-thue-phong-studio-full-noi-that-o-luong-the-vinh-o-to-do-cua-pr676998.html,phongtro123.com,2026-07-05T15:11:58.415359+00:00,6.5,28.0,Thanh Xuân,can_ho_mini,0,0,0,0,1,0,0,0,0,0,1,0.2321428571428571
4 CỦ KHOAI LỤM NGAY PHÒNG XỊN TẠI NGÕ 77 BÙI XƯƠNG TRẠCH,4000000,25.0,"77 Đường Bùi Xương Trạch, Phường Khương Đình, Hà Nội","Mô tả: nhà 8 tầng thang máy - 7 phòng trống Vào luôn ️ Nội thất: điều hoà, nóng lạnh, tủ lạnh… Dịch… - 676501",0337474180,https://pt123.cdn.static123.com/images/thumbs/450x300/fit/2025/03/11/z6393936198416-eddd3ba4167aa2cc51f969909d334816_1741662826.jpg,https://phongtro123.com/4-cu-khoai-lum-ngay-phong-xin-tai-ngo-77-bui-xuong-trach-pr676501.html,phongtro123.com,2026-07-05T15:11:58.415359+00:00,4.0,25.0,Khương Đình,phong_tro,1,0,0,1,0,0,0,1,0,1,4,0.16
"PHÒNG TRỌ KO CHUNG CHỦ, CẠNH ARTEMIS ĐƯỜNG TRƯỜNG CHINH, CÁCH CHÙA BỘC, VINCOM PNT",3300000,37.0,"Ngõ 69 Đường Hoàng Văn Thái, Phường Phương Liệt, Hà Nội","PHÒNG STUDIO CCMN KO CHUNG CHỦ, CẠNH ARTEMIS ĐƯỜNG TRƯỜNG CHINH, CÁCH CHÙA BỘC, VINCOM PHẠM NGỌC THẠCH 500M. RẤT GẦN ĐH… - 593904",0914468453,https://pt123.cdn.static123.com/images/thumbs/450x300/fit/2025/02/26/screenshot-2025-02-26-15-40-19-60-99c04817c0de5652397fc8b56c3b3817_1740575393.jpg,https://phongtro123.com/phong-tro-ccmn-canh-artemis-duong-truong-chinh-cach-chua-boc-vincom-pham-ngoc-thach-500m-pr593904.html,phongtro123.com,2026-07-05T15:11:58.415359+00:00,3.3,37.0,Phương Liệt,can_ho_mini,0,0,0,0,0,0,0,0,0,0,0,0.0891891891891891
CHO THUÊ PHÒNG TRỌ QUẬN THANH XUÂN HÀ NỘI,3000000,17.0,"Nhà 35B Đường Nguyễn Ngọc Nại, Phường Phương Liệt, Hà Nội","Cho nữ thuê phòng trọ tại nhà 35B ngõ 2 phố Nguyễn Ngọc Nại-Thanh Xuân-Hà Nội; diên tích 17m2 nội thất đầy đủ,… - 676007",0902119914,https://pt123.cdn.static123.com/images/thumbs/450x300/fit/2025/03/04/z6364669333264-bbff5f7bb51925fa2c121c0324f1bb42_1741069320.jpg,https://phongtro123.com/cho-thue-phong-tro-quan-thanh-xuan-ha-noi-pr676007.html,phongtro123.com,2026-07-05T15:11:58.415359+00:00,3.0,17.0,Phương Liệt,phong_tro,0,0,0,0,1,0,0,0,0,0,1,0.1764705882352941
"PHÒNG TRỌ CCMN, CẠNH ARTEMIS ĐƯỜNG TRƯỜNG CHINH, CÁCH CHÙA BỘC, VINCOM PHẠM NGỌC THẠCH 500M.",3300000,37.0,"69 Đường Hoàng Văn Thái, Phường Phương Liệt, Hà Nội","PHÒNG TRỌ CCMN, CẠNH ARTEMIS ĐƯỜNG TRƯỜNG CHINH, CÁCH CHÙA BỘC, VINCOM PHẠM NGỌC THẠCH 500M. RẤT GẦN ĐH Y, HVNH, ĐH… - 668096",0914468453,https://pt123.cdn.static123.com/images/thumbs/450x300/fit/2024/10/25/img20241019162819_1729791846.jpg,https://phongtro123.com/phong-tro-ccmn-canh-artemis-duong-truong-chinh-cach-chua-boc-vincom-pham-ngoc-thach-500m-2-pr668096.html,phongtro123.com,2026-07-05T15:11:58.415359+00:00,3.3,37.0,Phương Liệt,can_ho_mini,0,0,0,0,0,0,0,0,0,0,0,0.0891891891891891
Siêu Rẻ -19C Ngõ 131 Nguyễn Thị Định + Vào ở Ngay,4000000,23.0,"19C Ngõ 131 Đường Nguyễn Thị Định, Phường Thanh Xuân, Hà Nội",CHDV mới khai trương Không gian thông thoáng Nhà cách mặt phố vài bước chân Ô tô đỗ tận cửa Đi lại thuận… - 675220,0934682929,https://pt123.cdn.static123.com/images/thumbs/450x300/fit/2025/02/23/1000002038_1740283300.jpg,https://phongtro123.com/sieu-re-19c-ngo-131-nguyen-thi-dinh-vao-o-ngay-pr675220.html,phongtro123.com,2026-07-05T15:11:58.415359+00:00,4.0,23.0,Thanh Xuân,phong_tro,0,0,0,0,0,0,0,0,0,0,0,0.1739130434782608
CHÍNH CHỦ CHO THUÊ CĂN HỘ 100% MỚI FULL NỘI THẤT SANG XỊN GIÁ RẺ,4500000,20.0,"236 Đường Khương Đình, Phường Khương Đình, Hà Nội",CHÍNH CHỦ CHO THUÊ CĂN HỘ 100% MỚI FULL NỘI THẤT SANG XỊN ƯU ĐÃI HẤP DẪN KHU THANH XUÂN Địa chỉ: 3B ngõ 236… - 674092,0988177913,https://pt123.cdn.static123.com/images/thumbs/450x300/fit/2025/02/07/z6287162173170-e15397ad6eca118c614952860c678632_1738902693.jpg,https://phongtro123.com/chinh-chu-cho-thue-can-ho-100-moi-full-noi-that-sang-xin-gia-re-pr674092.html,phongtro123.com,2026-07-05T15:11:58.436542+00:00,4.5,20.0,Khương Đình,can_ho,0,0,0,0,1,0,0,0,0,0,1,0.225
"Cho thuê phòng tại 108 Nguyễn Lân, quận Thanh Xuân HN",5000000,25.0,"108 Đường Nguyễn Lân, Phường Phương Liệt, Hà Nội","Cho thuê phòng tại 108 Nguyễn Lân, quận Thanh Xuân HN Nội thất đầy đủ: máy giặt, tủ lạnh có ban công không chung… - 673660",0385870929,https://pt123.cdn.static123.com/images/thumbs/450x300/fit/2025/01/16/z6208646766230-69976ec5c2e871a230eeacd594515359_1737012918.jpg,https://phongtro123.com/cho-thue-phong-tai-108-nguyen-lan-pr673660.html,phongtro123.com,2026-07-05T15:11:58.436542+00:00,5.0,25.0,Phương Liệt,phong_tro,0,0,1,0,1,0,1,0,0,0,3,0.2
"Chính chủ cho thuê phòng khép kín 16m2 tại ngõ 85 Hạ Đình, có điều hoà, nhà vệ sinh, an ninh tốt",2500000,16.0,"63 ngõ 85/42 Phố Hạ Đình, Phường Thanh Xuân, Hà Nội","Chính chủ cho thuê phòng khép kín Diện tích: 16m², điện nước đầy đủ, có điều hoà, vệ sinh khép kín, an ninh… - 673341",0395957961,https://pt123.cdn.static123.com/images/thumbs/450x300/fit/2025/01/07/z3242020099610-8304d602141e014b98bc0af3c21a3a14_1736262514.jpg,https://phongtro123.com/chinh-chu-cho-thue-phong-khep-kin-16m2-tai-ngo-85-ha-dinh-co-dieu-hoa-nha-ve-sinh-an-ninh-tot-pr673341.html,phongtro123.com,2026-07-05T15:11:58.437540+00:00,2.5,16.0,Thanh Xuân,phong_tro,1,1,0,0,0,0,0,0,0,0,2,0.15625
Thuê nhà ngõ 320 khương đình - nhà mới chủ dễ tính,5000000,37.0,"320 Đường Khương Đình, Phường Khương Đình, Hà Nội","Nằm trong ngõ 320 khương đình, gần công an phường nên an ninh rất tốt Gần trường cấp 1,2 khương đình Gần chợ,… - 673330",0967388064,https://pt123.cdn.static123.com/images/thumbs/450x300/fit/2025/01/07/z6205929425975-2eef69313225c5345545c86b5524fd7b_1736249889.jpg,https://phongtro123.com/thue-nha-ngo-320-khuong-dinh-nha-moi-chu-de-tinh-pr673330.html,phongtro123.com,2026-07-05T15:11:58.437540+00:00,5.0,37.0,Khương Đình,phong_tro,0,0,0,0,0,0,0,0,0,0,0,0.1351351351351351
Cho thuê phòng trọ khép kín 30m2 giá rẻ,5000000,30.0,"20 Đường Hoàng Đạo Thành, Phường Khương Đình, Hà Nội","HO THUÊ PHÒNG KHÉP KÍN 30M² - TIỆN NGHI, VỊ TRÍ ĐẮC ĐỊA TẠI THANH XUÂN Địa chỉ: Số 20 Hoàng Đạo Thành, Kim Giang,… - 672793",0967345338,https://pt123.cdn.static123.com/images/thumbs/450x300/fit/2024/12/26/z6167918856485-828f526a31c398b350b991f2ae3f23c5_1735201491.jpg,https://phongtro123.com/cho-thue-phong-tro-khep-kin-30m2-gia-re-pr672793.html,phongtro123.com,2026-07-05T15:11:58.437540+00:00,5.0,30.0,Khương Đình,phong_tro,0,1,0,0,0,0,0,0,0,0,1,0.1666666666666666
"[CHÍNH CHỦ] #Cho_thuê NGÃ TƯ SỞ-ROYAL City FULL ĐỒ (điện nước GIÁ DÂN, ko chung chủ, FULL đồ có ĐIỀU",2500000,25.0,"Phố Vũ Tông Phan, Phường Khương Đình, Hà Nội","[CHÍNH CHỦ] #Cho_thuê NGÃ TƯ SỞ-ROYAL City FULL ĐỒ (điện nước GIÁ DÂN, ko chung chủ, FULL đồ có ĐIỀU HOÀ) Giá… - 671378",0963855358,https://pt123.cdn.static123.com/images/thumbs/450x300/fit/2024/12/05/img-9388_1733397286.jpg,https://phongtro123.com/chinh-chu-cho-thue-nga-tu-so-royal-city-full-do-dien-nuoc-gia-dan-ko-chung-chu-full-do-co-dieu-pr671378.html,phongtro123.com,2026-07-05T15:11:58.437540+00:00,2.5,25.0,Khương Đình,phong_tro,1,0,0,0,1,0,0,0,0,0,2,0.1
Cho Thuê phòng trọ 18m2 đường Bùi Xương Trạch.,2800000,18.0,"số nhà 23 Ngách 358/25 Đường Bùi Xương Trạch, Phường Khương Đình, Hà Nội","- Phòng rộng 18m2, ở tầng 2, sạch sẽ thoáng mát, đầy đủ điều hòa, bình nóng lạnh, nhà vệ sinh riêng - Có chỗ… - 671058",0329822105,https://pt123.cdn.static123.com/images/thumbs/450x300/fit/2024/12/02/outdoor2_1733147620.jpg,https://phongtro123.com/cho-thue-phong-tro-18m2-duong-bui-xuong-trach-pr671058.html,phongtro123.com,2026-07-05T15:12:00.999698+00:00,2.8,18.0,Khương Đình,phong_tro,1,1,0,0,0,0,0,1,0,0,3,0.1555555555555555
"Khai trương Căn Hộ cho thuê Chính chủ tại thanh xuân, Cạnh Đầm Hồng giao thông thuận tiện.",4700000,25.0,"247/211 Đường Khương Trung, Phường Khương Đình, Hà Nội","Khai trương Căn Hộ cho thuê Chính chủ ngõ 211/247 khương trung, Thanh Xuân, Hà Nội Nhà view đầm hồng, đẹp, giao… - 669995",0922387111,https://pt123.cdn.static123.com/images/thumbs/450x300/fit/2024/11/18/z5986945465389-dca1a14253c9cff423bccbab2d9b9c02_1731899727.jpg,https://phongtro123.com/khai-truong-can-ho-cho-thue-chinh-chu-tai-thanh-xuan-canh-dam-hong-giao-thong-thuan-tien-pr669995.html,phongtro123.com,2026-07-05T15:12:00.999698+00:00,4.7,25.0,Khương Đình,can_ho,0,0,0,0,0,0,0,0,0,0,0,0.188
Ngõ 420/24/7 Khương Đình - Thanh Xuân. Trống 7p - tòa nhà mới tinh,3600000,22.0,"ngõ 420/24/7 Đường Khương Đình, Phường Khương Đình, Hà Nội",Mã 663 Ngõ 420/24/7 Khương Đình - Thanh Xuân Trống 7p - tòa nhà mới tinh GIÁ 3tr6 - 4tr2 Diện tích : 22 - 25m2 - thang… - 669457,0969033188,https://pt123.cdn.static123.com/images/thumbs/450x300/fit/2024/11/11/z6020808182160-bde24c84efed92ade3ea5caff78430ed_1731302169.jpg,https://phongtro123.com/ngo-420-24-7-khuong-dinh-thanh-xuan-trong-7p-toa-nha-moi-tinh-pr669457.html,phongtro123.com,2026-07-05T15:12:00.999698+00:00,3.6,22.0,Khương Đình,phong_tro,0,0,0,0,0,0,0,0,0,0,0,0.1636363636363636
KHAI TRƯƠNG TÒA NHÀ MỚI SAU ROYAL CITY - NGÃ TƯ SỞ,3700000,30.0,"Phố Cự Lộc, Phường Khương Đình, Hà Nội","KHAI TRƯƠNG TÒA NHÀ MỚI SAU ROYAL CITY - NGÃ TƯ SỞ THỜI GIAN VÀO Ở : ở ngay và cuối tháng ----------------- - Gần chợ,… - 668909",0347193442,https://pt123.cdn.static123.com/images/thumbs/450x300/fit/2024/11/04/1_1730714713.jpg,https://phongtro123.com/khai-truong-toa-nha-moi-sau-royal-city-nga-tu-so-pr668909.html,phongtro123.com,2026-07-05T15:12:00.999698+00:00,3.7,30.0,Khương Đình,phong_tro,0,0,0,0,0,0,0,0,0,0,0,0.1233333333333333
Homestay 63 Khương Trung ngay Ngã 4 Sở 1tr550k bao đnc,1500000,20.0,"63 Đường Khương Trung, Phường Khương Đình, Hà Nội","Gần trường Đại học khoa học tự nhiên, Đại học khoa học xã hội, Đại Học xhnv , Đại Học Quốc Gia , Đại… - 668390",0865825916,https://pt123.cdn.static123.com/images/thumbs/450x300/fit/2024/10/28/1000004892_1730131300.jpg,https://phongtro123.com/homestay-63-khuong-trung-ngay-nga-4-so-1tr550k-bao-dnc-pr668390.html,phongtro123.com,2026-07-05T15:12:00.999698+00:00,1.5,20.0,Khương Đình,phong_tro,0,0,0,0,0,0,0,0,0,0,0,0.075
"Ở ghép 470 Nguyễn Trãi, Thanh Xuân ngã tư Khuất Duy Tiến - Nguyễn Xiển",1650000,20.0,"470 Đường Nguyễn Trãi, Phường Thanh Xuân, Hà Nội","K CHUNG CHỦ Giờ giấc tự do. Free XE, Wifi. VỆ sinh hàng ngày Điện giá dân Đầy đủ giường tủ ga gối… - 661308",0865825916,https://pt123.cdn.static123.com/images/thumbs/450x300/fit/2024/07/31/1000002059_1722408956.jpg,https://phongtro123.com/o-ghep-470-nguyen-trai-thanh-xuan-nga-tu-khuat-duy-tien-nguyen-xien-pr661308.html,phongtro123.com,2026-07-05T15:12:00.999698+00:00,1.65,20.0,Thanh Xuân,o_ghep,0,0,0,0,0,0,0,0,1,0,1,0.0824999999999999
Có slot ở homestay 12 Khuất Duy Tiến,1700000,20.0,"Đường Khuất Duy Tiến, Phường Thanh Xuân, Hà Nội","Điều hòa, nóng lạnh, tủ lạnh, máy giặt, wifi Kệ để đồ, tủ quần áo. RÈM CHE RIÊNG TƯ từng giường Tiện… - 654301",0865825916,https://pt123.cdn.static123.com/images/thumbs/450x300/fit/2024/05/09/download-24_1715223935.jpg,https://phongtro123.com/nhuong-slot-o-ghep-homestay-12-khuat-duy-tien-pr654301.html,phongtro123.com,2026-07-05T15:12:00.999698+00:00,1.7,20.0,Thanh Xuân,phong_tro,1,0,0,0,0,0,1,1,1,0,4,0.0849999999999999
Homestay 96 Nguyễn Huy Tưởng bao đnc 1tr7,1700000,20.0,"96 Đường Nguyễn Huy Tưởng, Phường Thanh Xuân, Hà Nội",️Địa chỉ: Số 96 Nguyễn Huy Tưởng- Thanh Xuân- HN Giá 1tr7 bao full Đóng 1 cọc 1 1 phòng 6 giường Nhà vệ sinh… - 662605,0865825916,https://pt123.cdn.static123.com/images/thumbs/450x300/fit/2024/08/16/1000002593_1723802656.jpg,https://phongtro123.com/homestay-96-nguyen-huy-tuong-bao-dsnc-1tr7-pr662605.html,phongtro123.com,2026-07-05T15:12:00.999698+00:00,1.7,20.0,Thanh Xuân,phong_tro,0,0,0,0,0,0,0,0,0,0,0,0.0849999999999999
"Homestay full tiện ích dịch vụ 390 Nguyễn Trãi giao Nguyễn Xiển, Khuất Duy Tiến",1650000,25.0,"390 Đường Nguyễn Trãi, Phường Thanh Xuân, Hà Nội","Tham khảo những dịch vụ về không gian sống của tụi mình ở dưới đây nha: • GIƯỜNG CÓ RÈM che riêng tư, chăn… - 651586",0865825916,https://pt123.cdn.static123.com/images/thumbs/450x300/fit/2024/07/21/1000001792_1721553108.jpg,https://phongtro123.com/homestay-full-tien-ich-dich-vu-287-nguyen-trai-giao-nguyen-xien-ha-dinh-pr651586.html,phongtro123.com,2026-07-05T15:12:01.000698+00:00,1.65,25.0,Thanh Xuân,phong_tro,0,0,0,0,0,0,0,0,0,0,0,0.066
"Cho thuê Homestay ghép 210 Nguyễn Trãi, Thanh Xuân 1tr750k bao đnc",1700000,25.0,"210 Đường Nguyễn Trãi, Phường Khương Đình, Hà Nội","Không chung chủ, giờ giấc tự do. Có rèm, chăn ga, gối đệm sạch sẽ, bàn ghế, tủ đồ riêng có khóa, điều hòa… - 646711",0865825916,https://pt123.cdn.static123.com/images/thumbs/450x300/fit/2024/07/31/1000002014_1722408011.jpg,https://phongtro123.com/cho-thue-homestay-ghep-210-nguyen-trai-thanh-xuan-1tr750k-bao-dnc-pr646711.html,phongtro123.com,2026-07-05T15:12:01.000698+00:00,1.7,25.0,Khương Đình,phong_tro,1,0,0,0,0,0,0,0,0,0,1,0.068
Phòng trọ Triều Khúc - Thanh Xuân cho thuê nhanh,3000000,23.0,"37 ngõ 66B Đường Triều Khúc, Phường Thanh Xuân, Hà Nội","Phòng trọ có nhà vệ sinh khép kín Phòng đã có sẵn: tủ bếp, giường, tủ, điều hoà, bình nóng lạnh Vị trí… - 666985",0902017255,https://pt123.cdn.static123.com/images/thumbs/450x300/fit/2024/10/13/z5926860035760-e73c5751732cef7176e852ae7b3795b4_1728835137.jpg,https://phongtro123.com/phong-tro-trieu-khuc-thanh-xuan-pr666985.html,phongtro123.com,2026-07-05T15:12:01.000698+00:00,3.0,23.0,Thanh Xuân,phong_tro,1,1,0,0,0,0,0,1,0,0,3,0.1304347826086956
"Cho thuê phòng CCMN Full đồ, Ban công, Thang máy ngay 300 Nguyễn Xiển, Thanh Xuân gần ECogreen",3600000,25.0,"300 Đường Nguyễn Xiển, Phường Khương Đình, Hà Nội","Chính chủ cho thuê phòng CCMN full đồ, khép kín, có ban công cửa sổ 300 Nguyễn Xiển, gần toà chung cư Ecogreen. hoặc đi… - 637653",0877828666,https://pt123.cdn.static123.com/images/thumbs/450x300/fit/2024/09/09/8a42841f03b1c8ef91a030_1725872554.jpg,https://phongtro123.com/cho-thue-phong-ccmn-full-do-ban-cong-thang-may-ngay-300-nguyen-xien-thanh-xuan-gan-ecogreen-nha-moi-dep-pr637653.html,phongtro123.com,2026-07-05T15:12:01.000698+00:00,3.6,25.0,Khương Đình,can_ho_mini,0,1,1,1,1,0,0,0,0,1,5,0.144
Chính chủ cho thuê phòng full đồ khép kín có gác và cửa sổ tại 147 Triều Khúc hoặc đi 300 nguyễn xiển gần Ecogreen,3800000,25.0,"147 Đường Triều Khúc, Phường Thanh Xuân, Hà Nội","Chính chủ cho thuê phòng full đồ, khép kín, có ban công tại 20/300 Nguyễn Xiển, gần toà chung cư Ecogreen. Chính chủ… - 588055",0877828666,https://pt123.cdn.static123.com/images/thumbs/450x300/fit/2024/04/11/6cc834adc81e1f40460f22_1712819278.jpg,https://phongtro123.com/chinh-chu-cho-thue-phong-full-do-khep-kin-ban-cong-rong-tai-147-trieu-khuc-hoac-di-300-nguyen-xien-gan-ecogreen-pr588055.html,phongtro123.com,2026-07-05T15:12:01.000698+00:00,3.8,25.0,Thanh Xuân,can_ho,0,1,1,0,1,1,0,0,0,0,4,0.152
"Cho thuê phòng trọ ở Thanh Xuân, HN",4000000,35.0,"2 ngõ 17 Phố Chính Kinh, Phường Thanh Xuân, Hà Nội","Cho thuê tầng ba của căn hộ. Riêng biệt, khép kín. Điều hòa , nóng lạnh , giường đầy đủ Có chỗ đặt bếp… - 663418",0963073086,https://pt123.cdn.static123.com/images/thumbs/450x300/fit/2024/08/28/img20240828232542_1724862602.jpg,https://phongtro123.com/cho-thue-phong-tro-o-thanh-xuan-pr663418.html,phongtro123.com,2026-07-05T15:12:01.000698+00:00,4.0,35.0,Thanh Xuân,can_ho,1,1,0,0,0,0,0,1,0,0,3,0.1142857142857142
"Sleepbox xịn sò 145 Quan Nhân thông Láng, Ng Trãi",1900000,20.0,"145 Phố Quan Nhân, Phường Thanh Xuân, Hà Nội",️Địa chỉ: Số 38 Ngõ 145 Quan Nhân- Thanh Xuân- HN Giá: 1tr9/slot + điện nc Đóng 1 cọc 1 Hđ 6th Thang máy Nhận xe… - 662619,0865825916,https://pt123.cdn.static123.com/images/thumbs/450x300/fit/2024/08/16/1000002609_1723811567.jpg,https://phongtro123.com/slepbox-xin-so-145-quan-nhan-thong-lang-ng-trai-pr662619.html,phongtro123.com,2026-07-05T15:12:01.000698+00:00,1.9,20.0,Thanh Xuân,phong_tro,0,0,0,1,0,0,0,0,0,1,2,0.095
Homestay ghép 4 thang máy 29 Khuất Duy Tiến,1700000,20.0,"29 Đường Khuất Duy Tiến, Phường Thanh Xuân, Hà Nội",️Địa chỉ: Số 11 Ngách 4 Ngõ 29 Đường Khuất Duy Tiến - Thanh Xuân - HN Giá 1tr7 + điện nc Đóng 1 cọc 1 Hợp… - 662608,0865825916,https://pt123.cdn.static123.com/images/thumbs/450x300/fit/2024/08/16/1000002601_1723803707.jpg,https://phongtro123.com/homestay-sleepbox-29-khuat-duy-tien-pr662608.html,phongtro123.com,2026-07-05T15:12:01.000698+00:00,1.7,20.0,Thanh Xuân,phong_tro,0,0,0,1,0,0,0,0,0,1,2,0.0849999999999999
Ở ghép chung cư xịn sò 39 Lê Văn Lương tòa Việt Đức Complex,1500000,25.0,"39 Đường Lê Văn Lương, Phường Thanh Xuân, Hà Nội","Homestay chỉ 1500k/tháng/người đầy đủ tiện nghi, chỉ việc xách vali đến ở. Tham khảo những dịch vụ về không… - 651519",0865825916,https://pt123.cdn.static123.com/images/thumbs/450x300/fit/2024/08/15/1000002547_1723711799.jpg,https://phongtro123.com/o-ghep-chung-cu-xin-so-39-le-van-luong-toa-viet-duc-complex-pr651519.html,phongtro123.com,2026-07-05T15:12:01.000698+00:00,1.5,25.0,Thanh Xuân,o_ghep,0,0,0,0,0,0,0,0,0,0,0,0.06
căn hộ cao cấp gần royal full đồ hơn 5 củ,5400000,30.0,"145 Phố Quan Nhân, Phường Thanh Xuân, Hà Nội","Khai Trương Siêu Phẩm 19 căn hộ cao cấp, thiết kế studio- 1 ngủ-1 bếp, duplex full đồ mới- thang máy-...gần royal -145… - 626087",0379309222,https://pt123.cdn.static123.com/images/thumbs/450x300/fit/2023/05/26/2318700d-62f2-4f30-99eb-fd89a3ea25ae_1685078856.jpg,https://phongtro123.com/can-ho-cao-cap-gan-royal-full-do-hon-5-cu-pr626087.html,phongtro123.com,2026-07-05T15:12:01.000698+00:00,5.4,30.0,Thanh Xuân,can_ho_mini,0,0,0,1,1,0,0,0,0,1,3,0.18
"CHO THUÊ CĂN HỘ KIM GIANG 1 KHÁCH 1 NGỦ FULL ĐỒ NHƯ ẢNH GIÁ 4,8TR",4800000,40.0,"68 Đường Kim Giang, Phường Khương Đình, Hà Nội","CHO THUÊ PHÒNG 1K1N KIM GIANG GIÁ THUÊ 4,8TR LIÊN HỆ CHÍNH FULL ĐỒ KHÔNG THIẾU MỘT THỨ GÌ NHƯ ẢNH CÓ 2 ĐIỀU HÒA, MÁY… - 661579",0967399613,https://pt123.cdn.static123.com/images/thumbs/450x300/fit/2024/08/03/z4628771621174-e724d4b6fc58d18f736d931d121fd511_1722680766.jpg,https://phongtro123.com/cho-thue-can-ho-kim-giang-1-khach-1-ngu-full-do-nhu-anh-gia-4-8tr-pr661579.html,phongtro123.com,2026-07-05T15:12:01.000698+00:00,4.8,40.0,Khương Đình,can_ho,1,0,0,0,1,0,0,0,0,0,2,0.12
"CHO THUÊ PHÒNG SẠCH - ĐẸP- AN TOÀN TẠI KHƯƠNG ĐÌNH, HN",4000000,32.0,"Ngõ 358 Đường Bùi Xương Trạch, Phường Khương Đình, Hà Nội","Cho thuê phòng ở tầng 2 (nhà 4 tầng, mỗi tầng 1 phòng, tầng 1 để xe - không ở chung với chủ nhà); Diện tích 1… - 659323",0983227386,https://pt123.cdn.static123.com/images/thumbs/450x300/fit/2024/07/08/anh-nha-1_1720420167.jpg,https://phongtro123.com/cho-thue-phong-sach-dep-an-toan-pr659323.html,phongtro123.com,2026-07-05T15:12:01.000698+00:00,4.0,32.0,Khương Đình,phong_tro,0,0,0,0,0,0,0,0,0,1,1,0.125
"Hót!!Hót!! Còn 1 phòng duy nhất gần Trường Đại Học Hà Nội chỉ với 4tr, LH ngay Zalo 0983948430",4600000,20.0,"SN 22, ngách 12, ngõ 129 Đường Nguyễn Trãi, Phường Thanh Xuân, Hà Nội","Địa chỉ: SN 22, ngách 12, ngõ 129 Nguyễn Trãi, gần đối diện Royal city - Thời gian vào ở: vào luôn - Diện tích:… - 659402",0936463517,https://pt123.cdn.static123.com/images/thumbs/450x300/fit/2024/07/09/1i28qtcpa-5hl8mu_1720462036.jpg,https://phongtro123.com/hot-hot-con-1-phong-duy-nhat-gan-truong-dai-hoc-ha-noi-chi-voi-4tr-lh-ngay-zalo-0936463517-pr659402.html,phongtro123.com,2026-07-05T15:12:03.306457+00:00,4.6,20.0,Thanh Xuân,phong_tro,0,0,0,0,0,0,0,0,0,0,0,0.2299999999999999
"Cho thuê phòng trọ CCMN DT 25m2, khép kín, gần Ngã Tư Sở, giá thl",4000000,25.0,"Ngõ 211 Đường Khương Trung, Phường Khương Đình, Hà Nội","Địa chỉ: Ngõ 211 Khương Trung, phường Khương Đình, quận Thanh Xuân, Hà Nội. Khu vực gần Đầm Hồng và Ngã Tư… - 658469",0963255201,https://pt123.cdn.static123.com/images/thumbs/450x300/fit/2024/06/28/cho-thue-phong-tro-khuong-trung-thanh-xuan-1_1719559924.jpg,https://phongtro123.com/cho-thue-phong-tro-ccmn-dt-25m2-khep-kin-gan-nga-tu-so-gia-thl-pr658469.html,phongtro123.com,2026-07-05T15:12:03.306457+00:00,4.0,25.0,Khương Đình,can_ho_mini,0,1,0,0,0,0,0,0,0,0,1,0.16
Gấp! Cho thuê phòng khép kín ở Triều Khúc - ô tô đỗ cửa - phòng cháy đầy đủ - view vườn hoa,3800000,30.0,"Đường Triều Khúc, Phường Thanh Xuân, Hà Nội","Hiện tại tôi chính chủ còn 1 số phòng cho thuê, đầy đủ phòng cháy, ô tô đỗ cửa, thông tin như sau: - Địa chỉ… - 658292",0966034316,https://pt123.cdn.static123.com/images/thumbs/450x300/fit/2024/06/26/434201064-249641844904313-5103616829252666577-n_1719388376.jpg,https://phongtro123.com/gap-cho-thue-phong-khep-kin-o-trieu-khuc-o-to-do-cua-phong-chay-day-du-view-vuon-hoa-pr658292.html,phongtro123.com,2026-07-05T15:12:03.306457+00:00,3.8,30.0,Thanh Xuân,phong_tro,0,1,0,0,0,0,0,0,0,0,1,0.1266666666666666
Phòng trọ giá rẻ khu vực Thanh Xuân,1200000,10.0,"11 ngõ 72 Phố Chính Kinh, Phường Thanh Xuân, Hà Nội","Phòng trọ giá rẻ, không chung chủ, không khép kín Nước 70k/ng, Điện 4k/số Có chỗ để xe Phòng cho 1 người Địa… - 646988",0345536190,https://phongtro123.com/images/thumb_default.svg,https://phongtro123.com/phong-tro-gia-re-khu-vuc-thanh-xuan-2-pr646988.html,phongtro123.com,2026-07-05T15:12:03.306457+00:00,1.2,10.0,Thanh Xuân,phong_tro,0,1,0,0,0,0,0,0,0,1,2,0.12
"Cho thuê phòng trọ - Phòng trọ giá rẻ tại Lê Trọng Tấn, Thanh Xuân, Hà Nội",4200000,25.0,"59 ngõ 192 Phố Lê Trọng Tấn, Phường Phương Liệt, Hà Nội","Chính chủ cho thuê CCMN + Số nhà 59 ngõ 192 Lê trọng tấn +Gồm có + đầy đủ giường, nóng lạnh, điều hòa,… - 657672",0374452981,https://pt123.cdn.static123.com/images/thumbs/450x300/fit/2024/06/19/img-2682_1718769038.jpg,https://phongtro123.com/cho-thue-phong-tro-phong-tro-gia-re-2-pr657672.html,phongtro123.com,2026-07-05T15:12:03.306457+00:00,4.2,25.0,Phương Liệt,can_ho_mini,0,0,0,0,0,0,0,1,0,0,1,0.168
"Nhà trọ giá rẻ Khương Trung ngõ 61, Thanh Xuân, Hà Nội",3500000,28.0,"Ngõ 61 Đường Khương Trung, Phường Khương Đình, Hà Nội","Ngõ 61 Khương Trung Phòng 201 giá 3,5 tr, vs khép kín phòng có đủ điều hòa nóng lạnh, giường tủ, ban công trước… - 657622",0385853322,https://pt123.cdn.static123.com/images/thumbs/450x300/fit/2024/06/18/img-1718688650098-1718691337840_1718702924.jpg,https://phongtro123.com/nha-tro-gia-re-khuong-trung-ngo-61-pr657622.html,phongtro123.com,2026-07-05T15:12:03.306457+00:00,3.5,28.0,Khương Đình,phong_tro,1,1,1,0,0,0,0,1,0,0,4,0.125
CHO THUÊ PHÒNG LẠC HỒNG – KHƯƠNG TRUNG 30M2,6000000,30.0,"Đường Lạc Hồng, Phường Khương Đình, Hà Nội","CHO THUÊ PHÒNG LẠC HỒNG – KHƯƠNG TRUNG 30M2 Căn Studio cửa sổ to thoáng 1 tầng 1 gác xép. Căn ngay tầng 1, xe cứu hỏa… - 657501",0377957514,https://pt123.cdn.static123.com/images/thumbs/450x300/fit/2024/06/17/20240609-170451_1718611352.jpg,https://phongtro123.com/cho-thue-phong-lac-hong-khuong-trung-30m2-pr657501.html,phongtro123.com,2026-07-05T15:12:03.306457+00:00,6.0,30.0,Khương Đình,can_ho_mini,0,0,0,0,0,1,0,0,0,0,1,0.2
"Cho thuê phòng trọ 108 Nguyễn Lân, Thanh Xuân, full nội thất như hình, giá chỉ 3,9 triệu",3900000,25.0,"108 Đường Nguyễn Lân, Phường Phương Liệt, Hà Nội","Địa chỉ: 108 đường Nguyễn Lân, Thanh Xuân, Hà Nội. Khu vực gần các trường đại học danh tiếng như Đại Học Y,… - 657187",0975949750,https://pt123.cdn.static123.com/images/thumbs/450x300/fit/2024/06/13/cho-thue-phong-tro-nguyen-lan-thanh-xuan-ha-noi-1_1718253121.jpg,https://phongtro123.com/cho-thue-phong-tro-108-nguyen-lan-thanh-xuan-full-noi-that-nhu-hinh-gia-chi-3-9-trieu-pr657187.html,phongtro123.com,2026-07-05T15:12:03.306457+00:00,3.9,25.0,Phương Liệt,phong_tro,0,0,0,0,1,0,0,0,0,0,1,0.156
"Cho thuê phòng trọ Hoàng Ngân, Thanh Xuân, đủ NT cao cấp, giá rẻ chỉ 3,5 triệu/tháng",3500000,30.0,"111 Đường Hoàng Ngân, Phường Thanh Xuân, Hà Nội","Cho thuê phòng trọ nội thất cao cấp đầy đủ, chỉ việc xách vali vào ở. Phòng có cửa sổ rộng thoáng mát,… - 657185",0971156838,https://pt123.cdn.static123.com/images/thumbs/450x300/fit/2024/06/13/cho-thue-phong-tro-nhan-chinh-thanh-xuan-ha-noi-1_1718252531.jpg,https://phongtro123.com/cho-thue-phong-tro-hoang-ngan-thanh-xuan-du-nt-cao-cap-gia-re-chi-3-5-trieu-thang-pr657185.html,phongtro123.com,2026-07-05T15:12:03.307457+00:00,3.5,30.0,Thanh Xuân,phong_tro,0,0,0,0,0,0,0,0,0,0,0,0.1166666666666666
"Cho thuê phòng trọ 236 Khương Đình, Thanh Xuân, DT 20m2, FULL NT như hình, giá 2,6 TR",2600000,20.0,"236 Đường Khương Đình, Phường Khương Đình, Hà Nội","Còn 2 phòng cho thuê, giá cả hợp lý: - Phòng 1: Giá 2,6 triệu/tháng. - Phòng 2: Giá 3,3 triệu/tháng. Tiện nghi đầy… - 657180",0962618396,https://pt123.cdn.static123.com/images/thumbs/450x300/fit/2024/06/13/cho-thue-phong-tro-khuong-dinh-thanh-xuan-1_1718251074.jpg,https://phongtro123.com/cho-thue-phong-tro-236-khuong-dinh-thanh-xuan-dt-20m2-full-nt-nhu-hinh-gia-2-6-tr-pr657180.html,phongtro123.com,2026-07-05T15:12:03.307457+00:00,2.6,20.0,Khương Đình,phong_tro,0,0,0,0,0,0,0,0,0,0,0,0.13
1N1K giá 4.500.000đ full đồ tại Ngõ 211 Khương Trung,4200000,30.0,"Đường Khương Trung, Phường Khương Đình, Hà Nội","1N1K FULL ĐỒ - CHỈ 4TR5 STUDIO RỘNG 4TR2 ️ ngõ 211 Khương Trung Ngõ rộng ô tô vào, thông ra Đầm Hồng. ️ Phòng… - 657153",0967689299,https://pt123.cdn.static123.com/images/thumbs/450x300/fit/2024/06/13/img-6080_1718247862.jpg,https://phongtro123.com/1n1k-gia-4-500-000d-full-do-tai-ngo-211-khuong-trung-pr657153.html,phongtro123.com,2026-07-05T15:12:03.307457+00:00,4.2,30.0,Khương Đình,can_ho_mini,0,0,0,0,1,0,0,0,0,0,1,0.14
Chính Chủ Cho Thuê Phòng T3 CCMN 60m2 2 Ngủ Phố Khương Hạ Thanh Xuân,4000000,60.0,"Ngõ 29 Ngách 68 số nhà 28 Phố Khương Hạ, Phường Khương Đình, Hà Nội",Chính Chủ Cho Thuê Phòng Tầng 3 CCMN 60m2 Vào Ở Luôn Tại 28 Ngõ 29/68 Khương Hạ Thanh Xuân Giá 4Tr Điện 4k Nước… - 656340,0918801368,https://pt123.cdn.static123.com/images/thumbs/450x300/fit/2024/06/02/1000000547_1717316362.jpg,https://phongtro123.com/chinh-chu-cho-thue-phong-t3-ccmn-60m2-2-ngu-pho-khuong-ha-thanh-xuan-pr656340.html,phongtro123.com,2026-07-05T15:12:03.307457+00:00,4.0,60.0,Khương Đình,can_ho_mini,0,0,0,0,0,0,0,0,0,0,0,0.0666666666666666
Homestay chung cư xịn sò Imperia Gaden 203 Nguyễn Huy Tưởng,1700000,25.0,"203 Đường Nguyễn Huy Tưởng, Phường Thanh Xuân, Hà Nội","203 nguyễn Huy Tưởng/Thanh Xuân homestay Giá 1,8 tr /người/tháng TRỌN GÓI mọi chi phí: điện, nước, wifi,… - 651516",0865825916,https://pt123.cdn.static123.com/images/thumbs/450x300/fit/2024/04/07/img-20240329-125530_1712454296.jpg,https://phongtro123.com/homestay-chung-cu-xin-so-imperia-gaden-203-nguyen-huy-tuong-pr651516.html,phongtro123.com,2026-07-05T15:12:03.307457+00:00,1.7,25.0,Thanh Xuân,can_ho,0,0,0,0,0,0,0,0,1,0,1,0.068
Cho thuê CCMN full đồ tại ngõ 211 Khương Trung,4000000,23.0,"Ngõ 211 Đường Khương Trung, Phường Khương Đình, Hà Nội","Chính chủ cho thuê CMNN rộng rãi, full đồ ngõ 211 Khương Trung. Ngõ rộng ô tô vào, thông ra Đầm Hồng. ️ Khép… - 654896",0967689299,https://pt123.cdn.static123.com/images/thumbs/450x300/fit/2024/05/16/img-5798_1715825597.jpg,https://phongtro123.com/cho-thue-ccmn-full-do-tai-ngo-211-khuong-trung-pr654896.html,phongtro123.com,2026-07-05T15:12:03.307457+00:00,4.0,23.0,Khương Đình,can_ho_mini,0,0,0,0,1,0,0,0,0,0,1,0.1739130434782608
"Cho thuê Homestay ở ghép cho HSSV, người đi làm giá tốt, Home mới",1750000,35.0,"210 Đường Thượng Đình, Phường Khương Đình, Hà Nội",Bạn Đang Tìm Kiếm Một Nơi Ở Thoải Mái Và Tiện Nghi? Vậy Thì Không Thể Bỏ Qua Các Cơ Sở Này 254 Minh Khai 1750/ng… - 655042,0398118608,https://pt123.cdn.static123.com/images/thumbs/450x300/fit/2024/05/17/img-1715653473660-1715653721680_1715934402.jpg,https://phongtro123.com/cho-thue-homestay-o-ghep-cho-hssv-nguoi-di-lam-gia-tot-home-moi-pr655042.html,phongtro123.com,2026-07-05T15:12:03.307457+00:00,1.75,35.0,Khương Đình,o_ghep,0,0,0,0,0,0,0,0,0,0,0,0.05
"Còn 1 phòng duy nhất, rộng sạch khép kín ngay đầu phố Bùi Xương Trạch",4200000,25.0,"1/31 Đường Bùi Xương Trạch, Phường Khương Đình, Hà Nội","Còn 1 phòng rộng 25m2 đã đầy đủ đồ khép kín, phòng mới sáng đẹp, chỉ việc xách quần áo vào ở. Đường… - 654910",0904991239,https://phongtro123.com/images/thumb_default.svg,https://phongtro123.com/con-1-phong-duy-nhat-rong-sach-khep-kin-ngay-dau-pho-bui-xuong-trach-pr654910.html,phongtro123.com,2026-07-05T15:12:03.307457+00:00,4.2,25.0,Khương Đình,phong_tro,0,1,0,0,0,0,0,0,0,0,1,0.168
"Căn hộ studio mới, full nt, 30 - 35m2 tại Bùi Xương Trạch, Khương Đình, Thanh Xuân",4900000,35.0,"Đường Bùi Xương Trạch, Phường Khương Đình, Hà Nội","Vị trí: số 38, đường Bùi Xương Trạch, phường Thanh Xuân, Hà Nội  DT: 30 - 35m2, có gác Nội thất đầy đủ: máy… - 648864",0819319555,https://pt123.cdn.static123.com/images/thumbs/450x300/fit/2024/03/13/z4772529004889-917c3f96d34adade537930bbd81572fa_1710317330.jpg,https://phongtro123.com/cho-thue-can-ho-studio-moi-tinh-o-38-bui-xuong-trach-dia-chi-so-38-bui-xuong-trach-thanh-xuan-ha-no-pr648864.html,phongtro123.com,2026-07-05T15:12:03.307457+00:00,4.9,35.0,Khương Đình,can_ho_mini,0,0,0,0,1,1,0,0,0,0,2,0.14
ĐỊA CHỈ : NGUYỄN XIỂN - THANH XUÂN,3850000,25.0,"Đường Nguyễn Xiển, Phường Thanh Xuân, Hà Nội","Giá chỉ từ : 3TR850 Nội thất : Chăn ga gối đệm , tủ lạnh , điều hoà , nóng lạnh , máy giặt , bàn ghế… - 653849",0342421160,https://pt123.cdn.static123.com/images/thumbs/450x300/fit/2024/05/03/z5405646252688-c43276303b702d55352d1421f165289d_1714734760.jpg,https://phongtro123.com/dia-chi-nguyen-xien-thanh-xuan-pr653849.html,phongtro123.com,2026-07-05T15:12:03.307457+00:00,3.85,25.0,Thanh Xuân,phong_tro,1,0,0,0,0,0,1,1,0,0,3,0.154
Em có phòng mới toanh ngay khu vực Hoàng Mai - gần hồ Linh Đàm - cách CGV Rice city chỉ 500m,3450000,20.0,"Đường Kim Giang, Phường Khương Đình, Hà Nội",Em có phòng mới toanh ngay khu vực Hoàng Mai - gần hồ Linh Đàm - cách CGV Rice city chỉ 500m Em có 3 loại phòng ~ Phòng… - 653846,0342421160,https://pt123.cdn.static123.com/images/thumbs/450x300/fit/2024/05/03/z5405624549767-08225ffd3db98798aa800dff689a945a_1714734364.jpg,https://phongtro123.com/em-co-phong-moi-toanh-ngay-khu-vuc-hoang-mai-gan-ho-linh-dam-cach-cgv-rice-city-chi-500m-pr653846.html,phongtro123.com,2026-07-05T15:12:03.307457+00:00,3.45,20.0,Khương Đình,phong_tro,0,0,0,0,0,0,0,0,0,0,0,0.1725
"PHÒNG FULL ĐỒ, THANG MÁY, ĐIỀU HÒA, DT 27m2 TẠI ĐƯỜNG LÊ TRỌNG TẤN, THANH XUÂN. LH: 0349538369.",4000000,27.0,"9 ngo 316 Phố Lê Trọng Tấn, Phường Phương Liệt, Hà Nội","CCMN khép kín, full đồ ở số 9 Ngõ 316 đường Lê Trọng Tấn. Diện tích phòng 27m2. Đầy đủ đồ cơ bản: điều hòa,… - 652880",0349538369,https://pt123.cdn.static123.com/images/thumbs/450x300/fit/2024/04/20/p6011_1713580645.jpg,https://phongtro123.com/phong-full-do-thang-may-dieu-hoa-dt-27m2-tai-duong-le-trong-tan-thanh-xuan-lh-0349538369-pr652880.html,phongtro123.com,2026-07-05T15:12:03.307457+00:00,4.0,27.0,Phương Liệt,can_ho_mini,1,1,0,1,1,0,0,0,0,1,5,0.1481481481481481
Ở ghép full đồ bao đnc Homestay Khương Trung ngã 4 Sở 1tr650k,1500000,25.0,"Đường Khương Trung, Phường Khương Đình, Hà Nội","Ở ghép Homestay Panda full đồ bao đnc Homestay Khương Trung ngã 4 Sở 1tr650k Số lượng có hạn, đăng ký ngay Gần chợ,… - 651815",0865825916,https://pt123.cdn.static123.com/images/thumbs/450x300/fit/2024/04/10/img-3719_1712714184.jpg,https://phongtro123.com/o-ghep-full-do-bao-dnc-homestay-khuong-trung-nga-4-so-1tr650k-pr651815.html,phongtro123.com,2026-07-05T15:12:05.991640+00:00,1.5,25.0,Khương Đình,o_ghep,0,0,0,0,1,0,0,0,0,0,1,0.06
"Phòng ở ghép 41 Khương Đình 1tr650k đã có đồ, chỗ để xe rộng",1600000,25.0,"41 Đường Khương Đình, Phường Khương Đình, Hà Nội","Tìm bạn ở ghép 41 Thượng Đình 1tr650k đã có đồ, chỗ để xe rộng Được thiết kế theo phong cách hiện đại,… - 651416",0865825916,https://pt123.cdn.static123.com/images/thumbs/450x300/fit/2024/04/06/61b9a116-5e94-4016-aac2-6c0ca5de782c_1712371137.jpg,https://phongtro123.com/tim-ban-o-ghep-41-thuong-dinh-1tr750k-da-co-do-cho-de-xe-rong-pr651416.html,phongtro123.com,2026-07-05T15:12:05.991640+00:00,1.6,25.0,Khương Đình,o_ghep,0,0,0,0,0,0,0,0,0,1,1,0.064
Cho Thuê Phòng Trọ 15m2 tại Khương Đình,2500000,15.0,"số 63 ngõ 619 Phố Vũ Tông Phan, Phường Khương Đình, Hà Nội","Mặt tiền thoáng, yên tĩnh, khu dân trí cao, an ninh tốt, 2 lớp cổng bảo vệ, sạch sẽ thoáng mát Đầy đủ nội… - 652157",0345391929,https://pt123.cdn.static123.com/images/thumbs/450x300/fit/2024/04/12/z5341978766708-33f4146fb56866b9300ebc3e177dcccd_1712931712.jpg,https://phongtro123.com/cho-thue-phong-tro-15m2-tai-khuong-dinh-pr652157.html,phongtro123.com,2026-07-05T15:12:05.991640+00:00,2.5,15.0,Khương Đình,phong_tro,0,0,0,0,0,0,0,0,0,0,0,0.1666666666666666
"Cho thuê phòng trọ ngõ 619 Vũ Tông Phan, ngõ 358 Bùi Xương Trạch, P. Khương Đình, Thanh Xuân - HN",2500000,15.0,"358/63 Đường Bùi Xương Trạch, Phường Khương Đình, Hà Nội","Cho thuê phòng trọ ngõ 619 Vũ Tông Phan - ngõ 358 Bùi Xương Trạch, P. Khương Đình, Thanh Xuân, Hà Nội. Điều hòa, nóng… - 651898",0978040563,https://pt123.cdn.static123.com/images/thumbs/450x300/fit/2024/04/10/z5333233039924-82b9aaf688f7135a1399166106d972d5_1712743474.jpg,https://phongtro123.com/cho-thue-phong-tro-ngo-619-vu-tong-phan-ngo-358-bui-xuong-trach-p-khuong-dinh-thanh-xuan-hn-pr651898.html,phongtro123.com,2026-07-05T15:12:05.991640+00:00,2.5,15.0,Khương Đình,phong_tro,1,0,0,0,0,0,0,0,0,0,1,0.1666666666666666
"Triều Khúc Homestay ghép full đồ, tiện ích trọn gói 1tr650k bao đnc",1500000,25.0,"42 Đường Triều Khúc, Phường Thanh Xuân, Hà Nội","Triều Khúc Homestay ghép full đồ, tiện ích trọn gói 1tr650k bao đnc Diện tích 25m2 Homestay giường tầng mới hoàn… - 651712",0865825916,https://pt123.cdn.static123.com/images/thumbs/450x300/fit/2024/04/10/img-3729_1712713452.jpg,https://phongtro123.com/trieu-khuc-homestay-ghep-full-do-tien-ich-tron-goi-1tr650k-bao-dnc-pr651712.html,phongtro123.com,2026-07-05T15:12:05.991640+00:00,1.5,25.0,Thanh Xuân,phong_tro,0,0,0,0,1,0,0,0,0,0,1,0.06
Cho thuê phòng gần đại học kinh tế quốc dân,3500000,27.0,"377 Đường Giải Phóng, Phường Phương Liệt, Hà Nội","Chính chủ cho thuê phòng 27m2 , VSKK, có cửa sổ, ban công thoáng mát , 5 phút đi bộ đến NEU , ở 2 người thoải mái.… - 651292",0398879912,https://pt123.cdn.static123.com/images/thumbs/450x300/fit/2024/04/04/img-0161_1712225195.jpg,https://phongtro123.com/cho-thue-phong-gan-dai-hoc-kinh-te-quoc-dan-pr651292.html,phongtro123.com,2026-07-05T15:12:05.991640+00:00,3.5,27.0,Phương Liệt,phong_tro,0,0,1,0,0,0,0,0,0,0,1,0.1296296296296296
Cho thuê nhà trọ ngõ 42 phố Triều Khúc,3000000,22.0,"ngõ 42 Đường Triều Khúc, Phường Thanh Xuân, Hà Nội","Chính chủ cho thuê phòng tại : ngõ 42 Triều Khúc. Gần các trường đại học giao thông, kiến trúc, an ninh, mật mã, hà… - 651138",0977311917,https://pt123.cdn.static123.com/images/thumbs/450x300/fit/2024/04/03/1_1712114649.png,https://phongtro123.com/cho-thue-nha-tro-pho-trieu-khuc-2-pr651138.html,phongtro123.com,2026-07-05T15:12:05.991640+00:00,3.0,22.0,Thanh Xuân,phong_tro,0,0,0,0,0,0,0,0,0,0,0,0.1363636363636363
Chính chủ cho thuê phòng trọ giá rẻ tại Triều Khúc với siêu ưu đãi,3800000,30.0,"Tòa N03.05 Đường Triều Khúc, Phường Thanh Xuân, Hà Nội","Tôi còn 1 phòng cho thuê ở Triều Khúc, ô tô đỗ cửa, phòng cháy đầy đủ, Full Đồ. Full đồ gồm: Giường tủ, tủ… - 650554",0966034316,https://pt123.cdn.static123.com/images/thumbs/450x300/fit/2024/03/28/432423205-1091296621917994-2790122947950190775-n_1711595848.jpg,https://phongtro123.com/chinh-chu-cho-thue-phong-tro-gia-re-trieu-khuc-sieu-uu-dai-pr650554.html,phongtro123.com,2026-07-05T15:12:05.991640+00:00,3.8,30.0,Thanh Xuân,phong_tro,0,0,0,0,1,0,0,0,0,0,1,0.1266666666666666
"Phòng trọ ngõ 145 Quan Nhân, Thanh Xuân, phòng khép kín, đủ NT, giá 4,5 TR/THÁNG",4500000,35.0,"Ngõ 145 Phố Quan Nhân, Phường Thanh Xuân, Hà Nội","Cho thuê phòng trọ tại địa chỉ Ngõ 145 Quan Nhân, phường Nhân Chính, Quận Thanh Xuân, Hà Nội. Giá thuê: 4,5… - 650249",0986818240,https://pt123.cdn.static123.com/images/thumbs/450x300/fit/2024/03/25/phong-tro-quan-nhan-nhan-chinh-thanh-xuan-1_1711356242.jpg,https://phongtro123.com/phong-tro-ngo-145-quan-nhan-thanh-xuan-phong-khep-kin-du-nt-gia-4-5-tr-thang-pr650249.html,phongtro123.com,2026-07-05T15:12:05.991640+00:00,4.5,35.0,Thanh Xuân,phong_tro,0,1,0,0,0,0,0,0,0,0,1,0.1285714285714285
"Cho thuê phòng trọ tại CCMN ngõ 1 Nguyễn Thị Định, đầy đủ nội thất, giá 5,5TR",5500000,45.0,"1 Đường Nguyễn Thị Định, Phường Thanh Xuân, Hà Nội","Cho thuê phòng trọ tại CCMN ngõ 1 Nguyễn Thị Định, Nhân Chính, Thanh Xuân (219 Nguyễn Ngọc Vũ) Khu vực giao nhau với… - 650247",0866586555,https://pt123.cdn.static123.com/images/thumbs/450x300/fit/2024/03/25/cho-thue-phong-tro-tai-ccmn-so-1-nguyen-thi-dinh-thanh-xuan-1_1711355845.jpg,https://phongtro123.com/cho-thue-phong-tro-tai-ccmn-ngo-1-nguyen-thi-dinh-day-du-noi-that-gia-5-5tr-pr650247.html,phongtro123.com,2026-07-05T15:12:05.991640+00:00,5.5,45.0,Thanh Xuân,can_ho_mini,0,0,0,0,1,0,0,0,0,0,1,0.1222222222222222
"Phòng trọ CHDV ngõ 460 Khương Đình, DT 35m2, FULL NT, giá nhỉnh 4 tr/tháng",4000000,35.0,"Ngõ 460 Đường Khương Đình, Phường Khương Đình, Hà Nội","Cho thuê phòng trọ CHDV Khương Đình khép kín, thang máy, diện tích 35m2, trống ở ngay Địa chỉ: Ngõ 460 Khương Đình,… - 650243",0338562222,https://pt123.cdn.static123.com/images/thumbs/450x300/fit/2024/03/25/cho-thue-phong-tro-chdv-khuong-dinh-thanh-xuan-1_1711353764.jpg,https://phongtro123.com/phong-tro-chdv-ngo-460-khuong-dinh-dt-35m2-full-nt-gia-nhinh-4-tr-thang-pr650243.html,phongtro123.com,2026-07-05T15:12:05.992640+00:00,4.0,35.0,Khương Đình,phong_tro,0,1,0,1,0,0,0,0,0,1,3,0.1142857142857142
"Cho thuê phòng trọ ngõ 41 Bùi Xương Trạch, DT 30m2, đủ nội thất, giá 3,5 triệu/tháng",3500000,30.0,"Ngõ 41 Đường Bùi Xương Trạch, Phường Khương Đình, Hà Nội","Khai trương phòng trọ cho thuê tại địa chỉ 1/62/41 Bùi Xương Trạch, Thanh Xuân Gần ngã tư Sở, các trường Đại… - 649494",0961442516,https://pt123.cdn.static123.com/images/thumbs/450x300/fit/2024/03/19/khai-truong-phong-tro-moi-xay-gan-nga-tu-so-1_1710821387.jpg,https://phongtro123.com/cho-thue-phong-tro-ngo-41-bui-xuong-trach-dt-30m2-du-noi-that-gia-3-5-trieu-thang-pr649494.html,phongtro123.com,2026-07-05T15:12:05.992640+00:00,3.5,30.0,Khương Đình,phong_tro,0,0,0,0,0,0,0,0,0,0,0,0.1166666666666666
"Có phòng trọ cho thuê tại ngõ 73 Hoàng Ngân, DT 25m2, đủ NT, nhỉnh giá 4 triệu/tháng",4000000,25.0,"Ngõ 73 Đường Hoàng Ngân, Phường Thanh Xuân, Hà Nội","Phòng trọ mới giảm giá sâu chỉ từ 4,xx triệu/tháng. Diện tích 24m2, có gác lửng. Ngõ 73 Hoàng Ngân, thuận tiện di… - 649489",0383372572,https://pt123.cdn.static123.com/images/thumbs/450x300/fit/2024/03/19/cho-thue-phong-tro-thanh-xuan-day-du-tien-nghi-sinh-hoat-1_1710820448.jpg,https://phongtro123.com/co-phong-tro-cho-thue-tai-ngo-73-hoang-ngan-dt-25m2-du-nt-nhinh-gia-4-trieu-thang-pr649489.html,phongtro123.com,2026-07-05T15:12:05.992640+00:00,4.0,25.0,Thanh Xuân,phong_tro,0,0,0,0,0,1,0,0,0,0,1,0.16
"Cho thuê phòng trọ tại 1/162 Khương Đình, Thanh Xuân, DT 25m2, đủ tiện nghi, giá 4 triệu/tháng",4000000,25.0,"1/162 Đường Khương Đình, Phường Khương Đình, Hà Nội","Cho thuê phòng trọ tại ngách 1 - ngõ 162 Khương Đình, phường Hạ Đình, quận Thanh Xuân Phòng đang trống Diện tích… - 649485",0393835722,https://pt123.cdn.static123.com/images/thumbs/450x300/fit/2024/03/19/cho-thue-phong-tro-khuong-dinh-ha-dinh-thanh-xuan-1_1710819495.jpg,https://phongtro123.com/cho-thue-phong-tro-tai-1-162-khuong-dinh-thanh-xuan-dt-25m2-du-tien-nghi-gia-4-trieu-thang-pr649485.html,phongtro123.com,2026-07-05T15:12:05.992640+00:00,4.0,25.0,Khương Đình,phong_tro,0,0,0,0,0,0,0,0,0,0,0,0.16
Cho thuê phòng trọ số 21 A2 ngõ 2 phố hoàng đạo thành kim giang thanh xuân hà nội,3800000,55.0,"số 21 A2 ngõ 2 phố hoàng đạo thành kim giang thanh xuân hà nội Đường Hoàng Đạo Thành, Phường Khương Đình, Hà Nội",Mình chính chủ cho thuê Địa chỉ: số 21 a2 ngõ 2 phố hoàng đạo thành kim giang thanh xuân zalo : 0356122666 Giá… - 649284,0356122666,https://pt123.cdn.static123.com/images/thumbs/450x300/fit/2024/03/17/a2_1710642789.jpg,https://phongtro123.com/cho-thue-phong-tro-so-21-a2-ngo-2-pho-hoang-dao-thanh-kim-giang-thanh-xuan-ha-noi-pr649284.html,phongtro123.com,2026-07-05T15:12:05.992640+00:00,3.8,55.0,Khương Đình,phong_tro,0,0,0,0,0,0,0,0,0,0,0,0.069090909090909
"Cho thuê phòng trọ ngõ 46 và 73 Hoàng Ngân, Thanh Xuân, phòng có ban công, đủ NT, giá 4,8 triệu/tháng",4800000,25.0,"46 Đường Hoàng Ngân, Phường Thanh Xuân, Hà Nội","Nằm trong ngõ 46 và 73 Hoàng Ngân, thuận tiện di chuyển, gần các tuyến đường lớn như Trường Chinh, Khương Trung, Vũ… - 649068",0923193666,https://pt123.cdn.static123.com/images/thumbs/450x300/fit/2024/03/15/cho-thue-phong-tro-thanh-xuan-co-gac-lung-1-nguoi-o-1_1710475210.jpg,https://phongtro123.com/cho-thue-phong-tro-ngo-46-va-73-hoang-ngan-thanh-xuan-phong-co-ban-cong-du-nt-gia-4-8-trieu-thang-pr649068.html,phongtro123.com,2026-07-05T15:12:05.992640+00:00,4.8,25.0,Thanh Xuân,phong_tro,0,0,1,0,0,0,0,0,0,0,1,0.192
"Cho thuê phòng trọ cho nữ tại Trường Chinh, Thanh Xuân, HN",2700000,15.0,"41 Đường Trường Chinh, Phường Phương Liệt, Hà Nội","Còn 1 phòng trọ cho Nữ tại Trường Chinh, Thanh Xuân, HN. Diện tích phòng 15m2, có điều hòa, tủ quần áo, pallet… - 648395",0832267983,https://pt123.cdn.static123.com/images/thumbs/450x300/fit/2024/03/08/022cf3b04df995a7cce8_1709913026.jpg,https://phongtro123.com/cho-thue-phong-tro-cho-nu-tai-truong-chinh-thanh-xuan-hn-pr648395.html,phongtro123.com,2026-07-05T15:12:05.992640+00:00,2.7,15.0,Phương Liệt,phong_tro,1,0,0,0,0,0,0,0,0,0,1,0.18
"Cho thuê phòng trọ ngõ Bùi Xương Trạch, phòng mới, DT 30m2, đầy đủ tiện nghi, giá 4,6 triệu/tháng",4600000,30.0,"1/69 Đường Bùi Xương Trạch, Phường Khương Đình, Hà Nội","Phòng trọ mới, đầy đủ tiện nghi tại ngõ Bùi Xương Trạch. Địa chỉ: 1/69 Bùi Xương Trạch, Khương Đình, Thanh… - 648207",0394778251,https://pt123.cdn.static123.com/images/thumbs/450x300/fit/2024/03/07/cho-thue-phong-tro-bui-xuong-trach-moi-xay-day-du-tien-nghi-1_1709784999.jpg,https://phongtro123.com/cho-thue-phong-tro-ngo-bui-xuong-trach-phong-moi-dt-30m2-day-du-tien-nghi-gia-4-6-trieu-thang-pr648207.html,phongtro123.com,2026-07-05T15:12:05.992640+00:00,4.6,30.0,Khương Đình,phong_tro,0,0,0,0,0,0,0,0,0,0,0,0.1533333333333333
"Cho thuê phòng trọ tại Khương Đình, Thanh Xuân, FULL NT, có ban công giá 2,4 triệu/tháng",2400000,20.0,"376 Đường Khương Đình, Phường Thanh Xuân, Hà Nội","Phòng đẹp, full nội thất, tiện nghi đầy đủ: - Diện tích rộng rãi, thoáng mát - Ban công, cửa sổ view đẹp -… - 648206",0366489999,https://pt123.cdn.static123.com/images/thumbs/450x300/fit/2024/03/07/cho-thue-phong-tro-khuong-dinh-thanh-xuan-ha-noi-1_1709784498.jpg,https://phongtro123.com/cho-thue-phong-tro-tai-khuong-dinh-thanh-xuan-full-nt-co-ban-cong-gia-2-4-trieu-thang-pr648206.html,phongtro123.com,2026-07-05T15:12:05.992640+00:00,2.4,20.0,Thanh Xuân,phong_tro,0,0,1,0,1,0,0,0,0,0,2,0.12
"Phòng trọ cho thuê tại Nguyễn Xiển, Kim Giang đầy đủ NT, giá 4,1 triệu, LH 0357211210 không mất phí",4100000,25.0,"300 Đường Nguyễn Xiển, Phường Thanh Xuân, Hà Nội",Có phòng trọ cho thuê tại 120 Kim Giang và 300 Nguyễn Xiển. Bếp riêng và sẵn có tủ lạnh cho cuộc sống tiện… - 648200,0357211210,https://pt123.cdn.static123.com/images/thumbs/450x300/fit/2024/03/07/cho-thue-phong-tro-nguyen-xien-nguyen-trai-hoang-dao-thanh-1_1709783725.jpg,https://phongtro123.com/phong-tro-cho-thue-tai-nguyen-xien-kim-giang-day-du-nt-gia-4-1-trieu-lh-0357211210-khong-mat-phi-pr648200.html,phongtro123.com,2026-07-05T15:12:08.751577+00:00,4.1,25.0,Thanh Xuân,phong_tro,0,0,0,0,0,0,0,0,0,0,0,0.1639999999999999
"Cho thuê phòng trọ tại 159 Phùng Khoang và 68 Triều Khúc, đầy đủ nội thất giá 2,7 triệu/tháng",2700000,25.0,"159 Đường Phùng Khoang, Phường Thanh Xuân, Hà Nội","Cho thuê 2 căn phòng trọ tại bgõ 159 Phùng Khoang và ngõ 68 Triều Khúc đều nằm ở vị trí thuận lợi, gần các… - 648195",0388983317,https://pt123.cdn.static123.com/images/thumbs/450x300/fit/2024/03/07/cho-thue-phong-tro-tai-159-phung-khoang-thanh-xuan-1_1709783137.jpg,https://phongtro123.com/cho-thue-phong-tro-tai-159-phung-khoang-va-68-trieu-khuc-day-du-noi-that-gia-2-7-trieu-thang-pr648195.html,phongtro123.com,2026-07-05T15:12:08.751577+00:00,2.7,25.0,Thanh Xuân,phong_tro,0,0,0,0,1,0,0,0,0,0,1,0.108
"Cho thuê phòng trọ ban công thoáng tại Bùi Xương Trạch, DT 45m2, giá 7 triệu/tháng",7000000,45.0,"358 Đường Bùi Xương Trạch, Phường Khương Đình, Hà Nội","Địa chỉ: Ngõ 358 Bùi Xương Trạch, có thể dọn vào ở đầu tháng 4 Diện tích: 45m2 Thiết kế: 1 phòng khách, 1 phòng… - 648193",0982867081,https://pt123.cdn.static123.com/images/thumbs/450x300/fit/2024/03/07/cho-thue-phong-tro-co-ban-cong-thoang-mat-thanh-xuan-1_1709782623.jpg,https://phongtro123.com/cho-thue-phong-tro-ban-cong-thoang-tai-bui-xuong-trach-dt-45m2-gia-7-trieu-thang-pr648193.html,phongtro123.com,2026-07-05T15:12:08.751577+00:00,7.0,45.0,Khương Đình,phong_tro,0,0,1,0,0,0,0,0,0,0,1,0.1555555555555555
"Cho thuê phòng trọ Homestay Thanh Xuân, đầy đủ tiện nghi, xách vali vào ở, giá từ 1,5 tr",1500000,20.0,"390 Đường Nguyễn Trãi, Phường Thanh Xuân, Hà Nội","Cho thuê phòng trọ Homestay tại Thanh Xuân trang bị đầy đủ tiện ích, chỉ dọn vali vào ở luôn. Các phòng được… - 648101",0907213888,https://pt123.cdn.static123.com/images/thumbs/450x300/fit/2024/03/06/cho-thue-phong-tro-homestay-thanh-xuan-gia-re-du-tien-nghi-1_1709706299.jpg,https://phongtro123.com/cho-thue-phong-tro-homestay-thanh-xuan-day-du-tien-nghi-xach-vali-vao-o-gia-tu-1-5-tr-pr648101.html,phongtro123.com,2026-07-05T15:12:08.751577+00:00,1.5,20.0,Thanh Xuân,phong_tro,0,0,0,0,0,0,0,0,0,0,0,0.075
"Cho thuê phòng trọ Khương Trung, DT 25m2, gần Ngã Tư Sở, ngõ ô tô, giá 3,3 triệu/tháng",3300000,25.0,"211 Đường Khương Trung, Phường Khương Đình, Hà Nội","Cho thuê phòng trọ nằm trong ngõ 211 Khương Trung, 500m ra cầu vượt Ngã Tư Sở, ngõ thông thoáng, ô tô qua lại dễ dàng,… - 648090",0936388948,https://pt123.cdn.static123.com/images/thumbs/450x300/fit/2024/03/06/cho-thue-phong-tro-khuong-trung-gan-nga-tu-so-du-tien-nghi-1_1709699148.jpg,https://phongtro123.com/cho-thue-phong-tro-khuong-trung-dt-25m2-gan-nga-tu-so-ngo-o-to-gia-3-3-trieu-thang-pr648090.html,phongtro123.com,2026-07-05T15:12:08.751577+00:00,3.3,25.0,Khương Đình,phong_tro,0,0,0,0,0,0,0,0,0,0,0,0.132
"Cho thuê phòng trọ 482 Kim Giang, DT 18m2, đầy đủ tiện nghi cao cấp, giá chỉ 3,5 triệu/tháng, LH 0948279555",3500000,18.0,"482 Đường Kim Giang, Phường Khương Đình, Hà Nội","Phòng trọ nằm trong ngõ 482 Kim Giang, gần Cầu Dậu. Giao thông thuận tiện, khu vực an ninh tốt. Gần các trường đại… - 648085",0948279555,https://pt123.cdn.static123.com/images/thumbs/450x300/fit/2024/03/06/phong-tro-duong-kim-giang-thanh-xuan-ha-noi-1_1709698115.jpg,https://phongtro123.com/cho-thue-phong-tro-482-kim-giang-dt-18m2-day-du-tien-nghi-cao-cap-gia-chi-3-5-trieu-thang-lh-0948279555-pr648085.html,phongtro123.com,2026-07-05T15:12:08.751577+00:00,3.5,18.0,Khương Đình,phong_tro,0,0,0,0,0,0,0,0,0,0,0,0.1944444444444444
"Cho thuê phòng trọ Thanh Xuân, DT 25m2, gần ngõ Tân Triều, Triều Khúc, giá 3,7 triệu/tháng",3700000,25.0,"286 Đường Nguyễn Xiển, Phường Thanh Xuân, Hà Nội","Cho thuê phòng trọ gần ngõ 98 Tân Triều, ngõ 147 Triều Khúc, cách 500m ra ngõ 300 Nguyễn Xiển, vị trí gần tòa… - 648082",0356824451,https://pt123.cdn.static123.com/images/thumbs/450x300/fit/2024/03/06/cho-thue-phong-tro-thanh-xuan-gan-ngo-300-nguyen-xien-1_1709697418.jpg,https://phongtro123.com/cho-thue-phong-tro-thanh-xuan-dt-25m2-gan-ngo-tan-trieu-trieu-khuc-gia-3-7-trieu-thang-pr648082.html,phongtro123.com,2026-07-05T15:12:08.751577+00:00,3.7,25.0,Thanh Xuân,phong_tro,0,0,0,0,0,0,0,0,0,0,0,0.148
Phòng 20m2 (full đồ) + WC tầng 2 trong khu biệt thự Nguyễn Huy Tưởng,2700000,20.0,"96 Đường Nguyễn Huy Tưởng, Phường Thanh Xuân, Hà Nội","Khu biệt thự 96B Nguyễn Huy Tưởng, Thanh Xuân Không chung chủ, đi lại tự do 24/24, sạch sẽ, dân trí cao Miễn phí… - 647282",0984169798,https://pt123.cdn.static123.com/images/thumbs/450x300/fit/2024/02/25/ww_1708840768.jpg,https://phongtro123.com/phong-20m2-full-do-wc-tang-2-trong-khu-biet-thu-nguyen-huy-tuong-pr647282.html,phongtro123.com,2026-07-05T15:12:08.751577+00:00,2.7,20.0,Thanh Xuân,phong_tro,0,0,0,0,1,0,0,0,0,0,1,0.135
Cho thuê phòng trọ nhà mới full tiện ích,4200000,19.0,"Đường Cù Chính Lan, Phường Phương Liệt, Hà Nội","Mình cho thuê CĂN NHÀ MỚI FULL TIỆN ÍCH GIÁ, PHÍ: + 3.5tr - 5tr/phòng 16m2 - 25m2 + Phí dịch vụ 200k/người (k giặt… - 646568",0977778735,https://pt123.cdn.static123.com/images/thumbs/450x300/fit/2024/02/13/img-9201_1707808750.jpg,https://phongtro123.com/cho-thue-phong-tro-nha-moi-full-tien-ich-pr646568.html,phongtro123.com,2026-07-05T15:12:08.751577+00:00,4.2,19.0,Phương Liệt,phong_tro,0,0,0,0,0,0,0,0,0,0,0,0.2210526315789474
"Cho thuê phòng trong CCMN full nội thất tại Triều Khúc, Thanh Xuân, Hà Nội",3000000,20.0,"111 Đường Triều Khúc, Phường Thanh Xuân, Hà Nội","- Nhà đẹp full nội thất - Chỉ việc mang vali vào ở. - Phòng đẹp, sạch sẽ thoáng mát gần các trường ĐH: CNGTVT,… - 586776",0988367162,https://pt123.cdn.static123.com/images/thumbs/450x300/fit/2021/05/05/z2452406741789-5180ec28b4d733b19fed25eff6af89a2_1620188293.jpg,https://phongtro123.com/cho-thue-phong-trong-ccmn-full-noi-that-tai-trieu-khuc-thanh-xuan-ha-noi-pr586776.html,phongtro123.com,2026-07-05T15:12:08.751577+00:00,3.0,20.0,Thanh Xuân,can_ho_mini,0,0,0,0,1,0,0,0,0,0,1,0.15
CĂN HỘ FULL TIỆN ÍCH 4.8 TRIỆU,4800000,28.0,"Số 3 ngách 10 ngõ 30 Đường Phan Đình Giót, Phường Phương Liệt, Hà Nội","20m ra mặt phố Phan Đình Giót, gần khu vực Bách Kinh Xây DTSD: 28m2 (sàn 19m2, xép 9m2) Điện: 3.8k Nhà mới, thang… - 646602",0812643583,https://pt123.cdn.static123.com/images/thumbs/450x300/fit/2024/02/13/img-1706513583146-1706513592863_1707819845.jpg,https://phongtro123.com/can-ho-full-tien-ich-4-8-trieu-2-pr646602.html,phongtro123.com,2026-07-05T15:12:08.751577+00:00,4.8,28.0,Phương Liệt,can_ho,0,0,0,0,0,0,0,0,0,0,0,0.1714285714285714
"Cho thuê phòng tại Triều Khúc 50m2 ( cách hồ Triều Khúc 50m) không chung chủ, vskk",5500000,50.0,"Đường Triều Khúc, Phường Thanh Xuân, Hà Nội","Cho thuê phòng tại Triều Khúc ( cách hồ Triều Khúc 50m) không chung chủ, vskk Diện tích 50m² chia 1 pk + 1pn Có đủ… - 646629",0355065533,https://pt123.cdn.static123.com/images/thumbs/450x300/fit/2024/02/15/z5115616934747-119d49fc98d1ede07b9c654264ae2438_1707964918.jpg,https://phongtro123.com/cho-thue-phong-tai-trieu-khuc-50m2-cach-ho-trieu-khuc-50m-khong-chung-chu-vskk-pr646629.html,phongtro123.com,2026-07-05T15:12:08.752577+00:00,5.5,50.0,Thanh Xuân,phong_tro,0,0,0,0,0,0,0,0,0,0,0,0.11
"Cho thuê phòng gần cầu Tó, đối diện KĐT Đại Thanh",3600000,25.0,"Đường Kim Giang, Phường Khương Đình, Hà Nội",- Khai trương tòa mới - Cách cầu Tó chỉ 20m - Taxi vào tận cửa - Có bãi trông oto cạnh nhà - Địa chỉ: Đầu ngõ 250… - 644810,0866077261,https://pt123.cdn.static123.com/images/thumbs/450x300/fit/2024/01/05/0_1704439171.jpg,https://phongtro123.com/cho-thue-phong-tro-toa-moi-xay-ngay-gan-cau-to-full-do-oto-do-cua-pr644810.html,phongtro123.com,2026-07-05T15:12:08.752577+00:00,3.6,25.0,Khương Đình,phong_tro,0,0,0,0,0,0,0,0,0,0,0,0.144
Chính chủ Cho thuê phòng trọ đầy đủ nội thất,3300000,20.0,"8b hẻm 420/24/20 khương đình Đường Khương Đình, Phường Khương Đình, Hà Nội",Chính chủ cho thuê mình có phòng 20m2 ngõ 420 khương đình thoáng mát sạch sẽ - phòng tầng 4 giá 3tr3 ( có thể chuyển… - 646410,0378859878,https://pt123.cdn.static123.com/images/thumbs/450x300/fit/2024/01/31/img-2482_1706648627.jpg,https://phongtro123.com/chinh-chu-cho-thue-phong-tro-day-du-noi-that-3-pr646410.html,phongtro123.com,2026-07-05T15:12:08.752577+00:00,3.3,20.0,Khương Đình,phong_tro,0,0,0,0,1,0,0,0,0,0,1,0.1649999999999999
Cho Thuê Phòng Trọ Khép Kín Ngõ 192 Lê Trọng Tấn,2800000,25.0,"Phố Lê Trọng Tấn, Phường Phương Liệt, Hà Nội","Gia đình cần cho thuê phòng tại ngõ 192 đường Lê Trọng Tấn, Phường Khương Mai, Quận Thanh Xuân, Hà Nội Phòng có… - 646212",0971114816,https://pt123.cdn.static123.com/images/thumbs/450x300/fit/2024/01/25/z5106013588741-422d699c72f7da4c819a018bb11ed80b_1706194131.jpg,https://phongtro123.com/cho-thue-phong-tro-khep-kin-ngo-192-le-trong-tan-pr646212.html,phongtro123.com,2026-07-05T15:12:08.752577+00:00,2.8,25.0,Phương Liệt,phong_tro,0,1,0,0,0,0,0,0,0,0,1,0.1119999999999999
"TingTong - Phòng trọ full đồ tủ lạnh, giá tốt, 500m mặt đường Nguyễn Trãi, Thanh Xuân",3950000,25.0,"Đường Triều Khúc, Phường Thanh Xuân, Hà Nội","- Cho thuê CCMN Ting Tong cơ sở ở Ngõ 68 Triều Khúc, Thanh Xuân Thuộc cơ sở TingTong số 69 (rất gần mặt đường… - 623764",0869550121,https://pt123.cdn.static123.com/images/thumbs/450x300/fit/2023/05/04/7_1683133274.jpg,https://phongtro123.com/tingtong-phong-tro-full-do-tu-lanh-gia-tot-500m-mat-duong-nguyen-trai-thanh-xuan-pr623764.html,phongtro123.com,2026-07-05T15:12:08.752577+00:00,3.95,25.0,Thanh Xuân,can_ho_mini,0,0,0,0,1,0,0,0,0,0,1,0.158
Cho thuê phòng khép kín full đồ ở được luôn,3200000,24.0,"6 nghách 9 Đường Bùi Xương Trạch, Phường Khương Đình, Hà Nội","Cho thuê phòng khép kín full đồ điều hòa nóng lạnh, tủ lạnh, bếp nấu ăn, ban công, gác xép vệ sinh khép kín, máy… - 644816",0971161975,https://pt123.cdn.static123.com/images/thumbs/450x300/fit/2024/01/05/screenshot-20240104-034114-gallery-1704441319_1704445438.jpg,https://phongtro123.com/cho-thue-phong-khep-kin-pull-do-o-duoc-luon-pr644816.html,phongtro123.com,2026-07-05T15:12:08.752577+00:00,3.2,24.0,Khương Đình,phong_tro,1,1,1,0,1,1,0,1,0,0,6,0.1333333333333333
"Cho thuê phòng trọ tại Khương Đình, Phường Hạ Đình, Quận Thanh Xuân, Hà Nội",3000000,20.0,"Đường Khương Đình, Phường Khương Đình, Hà Nội","CHO THUÊ PHÒNG Vị trí: Khương Đình - Thanh Xuân. Phòng full nội thất (giường, tủ qa, bàn trang điểm, điều hòa,… - 597194",0347517498,https://pt123.cdn.static123.com/images/thumbs/450x300/fit/2022/03/08/20220308-081848_1646705456.jpg,https://phongtro123.com/cho-thue-phong-khu-vuc-thanh-xuan-pr597194.html,phongtro123.com,2026-07-05T15:12:08.752577+00:00,3.0,20.0,Khương Đình,phong_tro,1,0,0,0,1,0,0,0,0,0,2,0.15
Cho thuê phòng đủ đồ tại ngõ 73 Hoàng Ngân,4700000,22.0,"40C Đường Hoàng Ngân, Phường Thanh Xuân, Hà Nội","CCMN xây mới, phòng đủ đồ, có thang máy, cửa vân tay, không chung chủ, ngõ trước nhà rộng rãi, sạch sẽ, thoáng… - 641931",0988451286,https://pt123.cdn.static123.com/images/thumbs/450x300/fit/2023/12/01/z4929978088790-1de67a81e5de48a48781dc9371ef2650-1701337876_1701397429.jpg,https://phongtro123.com/cho-thue-phong-du-do-tai-ngo-73-hoang-ngan-2-pr641931.html,phongtro123.com,2026-07-05T15:12:11.581499+00:00,4.7,22.0,Thanh Xuân,can_ho_mini,0,0,0,1,0,0,0,0,0,1,2,0.2136363636363636
Cần cho thuê phòng trọ tầng nhà mặt đường LTT,2500000,23.0,"Phố Lê Trọng Tấn, Phường Phương Liệt, Hà Nội",Mình còn 1 phòng tầng 3- 16m2(chỉ cho nữ thuê) vì các phòng khác m đều cho nữ thuê ko ở chung với chủ. Phòng như video… - 640506,0335599864,https://pt123.cdn.static123.com/images/thumbs/450x300/fit/2023/11/15/9ddb1978-669b-4173-8fc9-6a23dae85ad4_1700058573.jpg,https://phongtro123.com/can-cho-thue-phong-tro-tang-nha-mat-duong-ltt-pr640506.html,phongtro123.com,2026-07-05T15:12:11.581499+00:00,2.5,23.0,Phương Liệt,phong_tro,0,0,0,0,0,0,0,0,0,0,0,0.108695652173913
"Cho thuê phòng trọ Full điều hòa, Nóng lạnh, Máy giặt 2,5tr - 3,5tr Ngõ 482 Kim Giang, Hà Nội",2500000,15.0,"482 Đường Kim Giang, Phường Khương Đình, Hà Nội","Cho thuê phòng trọ full tiện ích ở ngõ 482 phố Kim Giang, quận Thanh Xuân, Hà Nội. Nhà xây 4 tầng có 07 phòng cho thuê,… - 639205",0976310688,https://pt123.cdn.static123.com/images/thumbs/450x300/fit/2023/10/31/z4834936462026-0258a2e60448e75fa343be3d2aa116c7_1698737629.jpg,https://phongtro123.com/cho-thue-phong-tro-full-dieu-hoa-nong-lanh-may-giat-2-5tr-3-5tr-ngo-482-kim-giang-ha-noi-pr639205.html,phongtro123.com,2026-07-05T15:12:11.581499+00:00,2.5,15.0,Khương Đình,phong_tro,1,0,0,0,0,0,1,1,0,0,3,0.1666666666666666
Chính chủ cho thuê CCMN tại 240 Lê trọng tấn thanh xuân,4500000,25.0,"240 Phố Lê Trọng Tấn, Phường Phương Liệt, Hà Nội","Chính chủ cho thuê CCMN tại 240 Lê trọng tấn thanh xuân. Oto đỗ cách nhà 50m Gần trường học, chợ, bệnh… - 637983",0961910838,https://pt123.cdn.static123.com/images/thumbs/450x300/fit/2023/10/17/z3272764746349-b89dd9274ae18c8fd7042197af1d34d8_1697515056.jpg,https://phongtro123.com/chinh-chu-cho-thue-ccmn-tai-240-le-trong-tan-thanh-xuan-pr637983.html,phongtro123.com,2026-07-05T15:12:11.581499+00:00,4.5,25.0,Phương Liệt,can_ho_mini,0,0,0,0,0,0,0,0,0,0,0,0.18
"Cho thuê phòng trọ ở Ngã tư Sở, đường Vương Thừa Vũ",2100000,14.0,"Đường Vương Thừa Vũ, Phường Khương Đình, Hà Nội","Phòng trọ Ngã tư Sở Tháng 8, mình còn 1 phòng trọ phố Vương Thừa Vũ, ngay gần ngã tư Sở: - Khu dân cư quân đội… - 632450",0966003636,https://pt123.cdn.static123.com/images/thumbs/450x300/fit/2023/08/07/3a6cbd8809f5fdaba4e4_1691395717.jpg,https://phongtro123.com/cho-thue-phong-tro-o-nga-tu-so-duong-vuong-thua-vu-pr632450.html,phongtro123.com,2026-07-05T15:12:11.581499+00:00,2.1,14.0,Khương Đình,phong_tro,0,0,0,0,0,0,0,0,0,0,0,0.15
Cho Thuê phòng trọ ngon bổ rẻ đối diện Royal City,5300000,26.0,"ngõ 129/12 Nguyễn Trãi Đường Nguyễn Trãi, Phường Thanh Xuân, Hà Nội","Cho thuê phòng trọ - Giảm ngay 500k cho tháng đầu tiên Đc: số 43 ngõ 129/12 Nguyễn Trãi, Thanh Xuân, Hà Nội. - Diện… - 631508",0966343342,https://pt123.cdn.static123.com/images/thumbs/450x300/fit/2023/07/27/z4550245804549-ea37a9adb874d71012848f0966c9a0b8_1690451970.jpg,https://phongtro123.com/cho-thue-phong-tro-ngon-bo-re-doi-dien-royal-city-pr631508.html,phongtro123.com,2026-07-05T15:12:11.581499+00:00,5.3,26.0,Thanh Xuân,phong_tro,0,0,0,0,0,0,0,0,0,0,0,0.2038461538461538
"Cho thuê phòng trọ 17m2, phố Hạ Đình",2000000,17.0,"Phố Hạ Đình, Phường Khương Đình, Hà Nội","Nhà mình còn 1 phòng 17 m2 ở phố Hạ Đình, có bình nóng lạnh, điều hòa, kệ bếp, gác xép, WC khép kín. Không gian… - 631411",0342519389,https://pt123.cdn.static123.com/images/thumbs/450x300/fit/2023/07/25/z4545979527950-fd0a0e621ac3083510ae8a1f4f65bfff-1_1690271175.jpg,https://phongtro123.com/cho-thue-phong-tro-17m2-pho-ha-dinh-pr631411.html,phongtro123.com,2026-07-05T15:12:11.581499+00:00,2.0,17.0,Khương Đình,phong_tro,1,1,0,0,0,1,0,1,0,0,4,0.1176470588235294
Cho thuê phòng trọ khu vực Ngã Tư Sở,2800000,22.0,"Số nhà 9 Ngõ 77/10 Bùi Xương Trạch, Khương Đình, Thanh Xuân, Hà Nội Đường Bùi Xương Trạch, Phường Khương Đình, Hà Nội",️[NHƯỢNG PHÒNG KHU VỰC NGÃ TƯ SỞ - KHÔNG CHUNG CHỦ]️ Do chuyển chỗ làm xa nên mình cần nhượng lại 1 phòng trọ… - 630916,0965168147,https://pt123.cdn.static123.com/images/thumbs/450x300/fit/2023/07/20/received-1832855543829681_1689827051.jpg,https://phongtro123.com/cho-thue-phong-tro-khu-vuc-nga-tu-so-2-pr630916.html,phongtro123.com,2026-07-05T15:12:11.581499+00:00,2.8,22.0,Khương Đình,phong_tro,0,0,0,0,0,0,0,0,0,0,0,0.1272727272727272
"Phòng trọ mới xây 22m2, gác lửng 8m2 chính chủ - Khu Bùi Xương Trạch - Thanh Xuân, gần Royal City",3100000,22.0,"Đường Bùi Xương Trạch, Phường Khương Đình, Hà Nội","Nhà tôi hiện có 8 phòng trọ mới xây cho thuê rộng 22m2, có gác lửng rộng 8m2, khép kín, chính chủ. Gần chợ, gần… - 274683",0904054183,https://pt123.cdn.static123.com/images/thumbs/450x300/fit/2018/12/31/tphong-sau-1_1546229660.jpg,https://phongtro123.com/tinh-thanh/ha-noi/phong-tro-moi-xay-22m2-gac-lung-8m2-chinh-chu-khu-bui-xuong-trach-thanh-xuan-gan-royal-city.html,phongtro123.com,2026-07-05T15:12:11.581499+00:00,3.1,22.0,Khương Đình,phong_tro,0,1,0,0,0,1,0,0,0,0,2,0.1409090909090909
"Phòng trọ khép kín giá rẻ khu vực Ngã Tư Sở, Khương Trung, Royal city",2500000,20.0,"Số 14 ngõ 47/12 Đường Khương Trung, Phường Khương Đình, Hà Nội","Cho thuê chung cư mini 5 tầng gần Ngã Tư sở : MỚI CÓ thêm 3 phòng hết hợp đồng, khép kín, chỗ để xe đầy đủ… - 630877",0944913579,https://phongtro123.com/images/thumb_default.svg,https://phongtro123.com/phong-tro-khep-kin-gia-re-khu-vuc-nga-tu-so-khuong-trung-royal-city-pr630877.html,phongtro123.com,2026-07-05T15:12:11.581499+00:00,2.5,20.0,Khương Đình,can_ho_mini,0,1,0,0,0,0,0,0,0,1,2,0.125
Cho thuê 3 phòng 25m2 và 2 phòng 20m2,2500000,25.0,"Phố Vũ Tông Phan, Phường Khương Đình, Hà Nội","Nhà 5 tầng cho thuê 5 phòng ngủ Địa chỉ : đường Vũ Tông Phan, Thanh Xuân, Hà Nội Diện tích phòng: 3 phòng có… - 629264",0912965860,https://pt123.cdn.static123.com/images/thumbs/450x300/fit/2023/07/02/20230702-092038_1688270630.jpg,https://phongtro123.com/cho-thue-3-phong-25m2-va-2-phong-20m2-pr629264.html,phongtro123.com,2026-07-05T15:12:11.581499+00:00,2.5,25.0,Khương Đình,phong_tro,0,0,0,0,0,0,0,0,0,0,0,0.1
"Cho Thuê CMMN giá rẻ, có điều hòa, nóng lạnh Quan Nhân, Ngã Tư Sở 25m2",3500000,25.0,"132E Phố Quan Nhân, Phường Thanh Xuân, Hà Nội","Nhà ở tầng 3/6 tầng. + Khu vực thoáng khí nhiều cây xanh mát mẻ mùa hè, mùa đông ấm áp + Sân để xe siêu rộng +… - 628943",0368266696,https://pt123.cdn.static123.com/images/thumbs/450x300/fit/2023/06/27/20200610135853-bf89-wm_1687856499.jpg,https://phongtro123.com/cho-thue-cmmn-gia-re-co-dieu-hoa-nong-lanh-quan-nhan-nga-tu-so-25m2-pr628943.html,phongtro123.com,2026-07-05T15:12:11.581499+00:00,3.5,25.0,Thanh Xuân,phong_tro,1,0,0,0,0,0,0,1,0,1,3,0.14
"Phòng trọ phố Phan Đình Giót, Giải Phóng, gần BK, XD, KTQD",2700000,20.0,"Đường Phan Đình Giót, Phường Phương Liệt, Hà Nội","Còn 1 phòng trọ cho thuê ở tầng 4, ngõ 22 Phan Đình Giót, Giải Phóng. Phòng 20m^2 có tủ, giường và bàn ghế, máy… - 628921",0356322204,https://pt123.cdn.static123.com/images/thumbs/450x300/fit/2023/06/27/20230627-104946_1687850424.jpg,https://phongtro123.com/phong-tro-pho-phan-dinh-giot-giai-phong-gan-bk-xd-ktqd-pr628921.html,phongtro123.com,2026-07-05T15:12:11.581499+00:00,2.7,20.0,Phương Liệt,phong_tro,0,0,0,0,0,0,0,0,0,0,0,0.135
"Cho thuê phòng tại 192 Lê Trọng Tấn, Thanh Xuân",5500000,30.0,"24 Phố Lê Trọng Tấn, Phường Phương Liệt, Hà Nội","Phòng studio có gác xép ban công iờ giấc tự do, full đồ máy giặt, tủ lạnh, giường sắt, đệm, tủ quần áo, điều… - 628908",0815508257,https://pt123.cdn.static123.com/images/thumbs/450x300/fit/2023/06/27/z4463647299732-52f08feeb57ea82d16ce6cfde1697b47_1687840475.jpg,https://phongtro123.com/cho-thue-phong-tai-192-le-trong-tan-thanh-xuan-pr628908.html,phongtro123.com,2026-07-05T15:12:11.581499+00:00,5.5,30.0,Phương Liệt,can_ho_mini,0,0,1,0,1,1,1,0,0,0,4,0.1833333333333333
chung cư mini sau royal giá cự rẻ,4200000,30.0,"72 Đường Nguyễn Trãi, Phường Khương Đình, Hà Nội",khai trương toà toà chung cư mini 42phong cao cấp tại 72 Nguyễn Trãi ( sau royal) -phong gác xếp khép kín -phòng không gác… - 626442,0379309222,https://pt123.cdn.static123.com/images/thumbs/450x300/fit/2023/05/30/d7f6b398-b163-4dad-ad21-5161ed31a86d_1685425456.jpg,https://phongtro123.com/chung-cu-mini-sau-royal-gia-cu-re-pr626442.html,phongtro123.com,2026-07-05T15:12:11.581499+00:00,4.2,30.0,Khương Đình,can_ho_mini,0,1,0,0,0,1,0,0,0,0,2,0.14
CCMN TingTong full đồ gần Ngã Tư Sở Bách Kinh Xây,3750000,25.0,"Phố Lê Trọng Tấn, Phường Phương Liệt, Hà Nội","TingTong 219 Định Công cách trung tâm Ngã Tư Sở 1,5km. Tòa nhà TingTong cơ sở 65 khai trương thuê ngay không lo về… - 625528",0967708710,https://pt123.cdn.static123.com/images/thumbs/450x300/fit/2023/05/20/cho-thue-phong-tro-tingtong-3-of-8-2_1684568759.jpg,https://phongtro123.com/ccmn-tingtong-full-do-gan-nga-tu-so-bach-kinh-xay-pr625528.html,phongtro123.com,2026-07-05T15:12:11.589059+00:00,3.75,25.0,Phương Liệt,can_ho_mini,0,0,0,0,1,0,0,0,0,0,1,0.15
TINGTONG - CCMN GẦN NGÃ TƯ SỞ FULL NỘI THẤT GỖ CAO CẤP,6950000,32.0,"Phường Khương Đình, Hà Nội","Tingtong cơ sở 168 Kim Giang studio full nội thất có bãi ô tô gần Ngã Tư Sở, nội thất gỗ cao cấp Tòa nhà TingTong… - 623761",0967708710,https://pt123.cdn.static123.com/images/thumbs/450x300/fit/2023/05/03/z4314956305718-dd72518bd999d21267dfe29f4a05c5ba_1683130750.jpg,https://phongtro123.com/tingtong-ccmn-gan-nga-tu-so-full-noi-that-go-cao-cap-pr623761.html,phongtro123.com,2026-07-05T15:12:11.589059+00:00,6.95,32.0,Khương Đình,can_ho_mini,0,0,0,0,1,0,0,0,0,0,1,0.2171875
"Cho thuê nhà trọ khu vực Khương Trung, Ngã Tư Sở",2200000,15.0,"Đường Khương Trung, Phường Khương Đình, Hà Nội","Mình có 1 phòng cho thuê ở khu vực Ngã tư Sở, + Diện tích 15 m2 giá 2,2 triệu/tháng/phòng + Tiền nước: 25k/số;… - 583403",0866059157,https://pt123.cdn.static123.com/images/thumbs/450x300/fit/2023/05/15/6936456a-6cbd-4318-8fa8-f2e06f2c83d6_1684141184.jpg,https://phongtro123.com/cho-thue-nha-tro-khu-vuc-khuong-trung-nga-tu-so-pr583403.html,phongtro123.com,2026-07-05T15:12:11.589059+00:00,2.2,15.0,Khương Đình,phong_tro,0,0,0,0,0,0,0,0,0,0,0,0.1466666666666666
"Cho thuê nhà số 28B, ngách 36/12 Phương Liệt, Thanh Xuân, Hà Nội (gần Ngã tư Vọng)",3600000,35.0,"28B ngách 36/12 Phố Phương Liệt, Phường Phương Liệt, Hà Nội","+ Diện tích 2 tầng tổng 35m2 riêng biệt, sàn gỗ. Có hành lang để được 3 xe máy. Điện nước theo công tơ nhà… - 624828",0388660853,https://pt123.cdn.static123.com/images/thumbs/450x300/fit/2023/05/14/tong-the_1684027407.jpg,https://phongtro123.com/cho-thue-nha-so-28b-ngach-36-12-phuong-liet-thanh-xuan-ha-noi-gan-nga-tu-vong-pr624828.html,phongtro123.com,2026-07-05T15:12:11.589059+00:00,3.6,35.0,Phương Liệt,phong_tro,0,0,0,0,0,0,0,0,0,0,0,0.1028571428571428
Trọ rẻ tại Hoàng Văn Thái( cách ngã tư sở 200m),3600099,30.0,"Đường Hoàng Văn Thái, Phường Khương Đình, Hà Nội",Chính chủ cần cho thuê các phòng 126 hoàng văn thái khép kín ban công- full đồ 30m2 151 hoàng văn thái Phòng khép kín… - 624786,0379309222,https://pt123.cdn.static123.com/images/thumbs/450x300/fit/2023/05/13/3f7d1faa-3d0e-4d58-b76a-e1f8360a2da1_1683978760.jpg,https://phongtro123.com/tro-re-tai-hoang-van-thai-cach-nga-tu-so-200m-pr624786.html,phongtro123.com,2026-07-05T15:12:14.398573+00:00,3.6,30.0,Khương Đình,phong_tro,0,1,1,0,1,0,0,0,0,0,3,0.12
TINGTONG - CƠ SỞ 51 CÓ PHÒNG FULL ĐỒ Ngay GẦN MẶT ĐƯỜNG NGUYỄN TRÃI,3850000,24.0,"Phường Thanh Xuân, Hà Nội","Cho thuê CCMN Ting Tong cơ sở ở Ngõ 138 Tân Triều , Thanh Xuân Thuộc cơ sở TingTong số 51 (rất gần mặt đường… - 624769",0967708710,https://pt123.cdn.static123.com/images/thumbs/450x300/fit/2023/05/13/z4341885500217-174df73be62701e8399ec855c1b15355_1683968938.jpg,https://phongtro123.com/tingtong-co-so-51-co-phong-full-do-ngay-gan-mat-duong-nguyen-trai-pr624769.html,phongtro123.com,2026-07-05T15:12:14.398573+00:00,3.85,24.0,Thanh Xuân,can_ho_mini,0,0,0,0,1,0,0,0,0,0,1,0.1604166666666666
Phòng trọ nhà 5 tầng phù hợp với người thích yên tĩnh,2000000,14.0,"số nhà 2a Đường Hoàng Văn Thái, Phường Khương Đình, Hà Nội","Nhà mình có căn nhà chỉ sử dụng 1 phòng , hiện muốn cho thuê 2 phòng . Thông tin như sau: - Phòng diện tích: 14m2 -… - 624355",0963874447,https://pt123.cdn.static123.com/images/thumbs/450x300/fit/2023/05/09/z4210321667916-3170d8d7eca59e978868fc8a4d86a915_1683648256.jpg,https://phongtro123.com/phong-tro-nha-5-tang-phu-hop-voi-nguoi-thich-yen-tinh-2-pr624355.html,phongtro123.com,2026-07-05T15:12:14.398573+00:00,2.0,14.0,Khương Đình,phong_tro,0,0,0,0,0,0,0,0,0,0,0,0.1428571428571428
Căn hộ chung cư khép kín full đồ tại 806 Kim Giang,4500000,40.0,"806 Đường Kim Giang, Phường Khương Đình, Hà Nội","CÒN MỘT PHÒNG DUY NHẤT TẠI ĐỊA CHỈ số 75 NGÕ 806 KIM GIANG Diện tích: 35-40m2 Nội thất: Điều hòa, nóng lạnh,… - 624079",0379309222,https://pt123.cdn.static123.com/images/thumbs/450x300/fit/2023/05/07/db0635bf-aeeb-4562-9bf0-73d556e1ac24_1683452536.jpg,https://phongtro123.com/can-ho-chung-cu-khep-kin-full-do-tai-806-kim-giang-pr624079.html,phongtro123.com,2026-07-05T15:12:14.398573+00:00,4.5,40.0,Khương Đình,can_ho,1,1,0,0,1,0,0,1,0,0,4,0.1125
Phòng khép kín full đồ- ban công 3tr4 tại Hoàng Văn Thái,3400000,28.0,"3 Đường Hoàng Văn Thái, Phường Khương Đình, Hà Nội",Chính chủ cần cho thuê phòng t2 nhà 5 tầng ngõ 183 Hoàng Văn Thái P có ban công rộng - kệ bếp - điều hoà -nóng lạnh… - 624078,0379309222,https://pt123.cdn.static123.com/images/thumbs/450x300/fit/2023/05/07/0c27c5e9-85f4-4ee5-8cdc-4ba79b083534_1683452304.jpg,https://phongtro123.com/phong-khep-kin-full-do-ban-cong-3tr4-tai-hoang-van-thai-pr624078.html,phongtro123.com,2026-07-05T15:12:14.398573+00:00,3.4,28.0,Khương Đình,phong_tro,1,1,1,0,1,0,0,1,0,0,5,0.1214285714285714
CHÍNH CHỦ CHO NỮ THUÊ PHÒNG Ở NGÃ TƯ SỞ,4500000,40.0,"103 Đường Cù Chính Lan, Phường Phương Liệt, Hà Nội","CHÍNH CHỦ CHO NỮ THUÊ PHÒNG Ở NGÃ TƯ SỞ Cho thuê phòng trong ngõ : Thông, thoáng, rộng, an ninh tốt. nhà gần ĐH Y HN,… - 623952",0948693078,https://pt123.cdn.static123.com/images/thumbs/450x300/fit/2023/05/05/344136531-915063503120267-3391686797486090953-n_1683286353.jpg,https://phongtro123.com/chinh-chu-cho-nu-thue-phong-o-nga-tu-so-pr623952.html,phongtro123.com,2026-07-05T15:12:14.398573+00:00,4.5,40.0,Phương Liệt,phong_tro,0,0,0,0,0,0,0,0,0,0,0,0.1125
Có phòng trọ cho thuê - số 49 ngõ 495 Nguyễn Trãi - phường Thanh Xuân Nam,1200000,15.0,"Số 49 ngõ 49 Đường Triều Khúc, Phường Thanh Xuân, Hà Nội","Cho thuê phòng trọ. Địa chỉ: Số 49, ngõ 495 Nguyễn Trãi, Thanh Xuân Nam, Thanh Xuân, Hà Nội. Đối tượng cho thuê: Là… - 605185",0982094466,https://phongtro123.com/images/thumb_default.svg,https://phongtro123.com/co-phong-tro-cho-thue-so-49-ngo-495-nguyen-trai-phuong-thanh-xuan-nam-pr605185.html,phongtro123.com,2026-07-05T15:12:14.398573+00:00,1.2,15.0,Thanh Xuân,phong_tro,0,0,0,0,0,0,0,0,0,0,0,0.08
"Cho thuê phòng trong chung cư , vệ sinh khép kín sạch đẹp,có bình nóng, điều hòa giá 2.1tr",2100000,14.0,"Ngõ 1, hẻm 1/62/23 Đường Bùi Xương Trạch, Phường Khương Đình, Hà Nội","Cho thuê phòng trong chung cư mini ở tầng 3 , vệ sinh khép kín sạch đẹp giá 2.1tr, ưu tiên ở 1 mình, điện: 4k/số,… - 290253",0982064208,https://pt123.cdn.static123.com/images/thumbs/450x300/fit/2023/04/18/z4273801233336-48f2aaee0f440d4ff5fe235c29b80e06_1681803415.jpg,https://phongtro123.com/tinh-thanh/ha-noi/cho-thue-phong-trong-chung-cu-mini-5-tang-ve-sinh-khep-kin-sach-dep-gia-13tr-uu-tien-o-1-minh.html,phongtro123.com,2026-07-05T15:12:14.398573+00:00,2.1,14.0,Khương Đình,can_ho_mini,1,1,0,0,0,0,0,1,0,0,3,0.15
2 phòng cho thuê khép kín thoải mái giờ giấc,3500000,30.0,"Số 14 ngách 29/17 ngõ 213 Đường Giáp Nhất, Phường Thanh Xuân, Hà Nội",2 phòng khép kín tầng 2 cho thuê giá 3tr500k chưa tính điện nước Có sẵn máy giặt và chỗ phơi. Cửa ra vào toà nhà… - 622237,0384589518,https://pt123.cdn.static123.com/images/thumbs/450x300/fit/2023/04/14/img-1681301690516-1681434112661_1681434135.jpg,https://phongtro123.com/2-phong-cho-thue-khep-kin-thoai-mai-gio-giac-pr622237.html,phongtro123.com,2026-07-05T15:12:14.398573+00:00,3.5,30.0,Thanh Xuân,phong_tro,0,1,0,0,0,0,1,0,0,0,2,0.1166666666666666
"Cho thuê phòng trọ yên tĩnh, mát mẻ cuối tháng 4 - tháng 5 chuyển vào",3000000,22.0,"Số 17 ngõ 136 Phố Phương Liệt, Phường Phương Liệt, Hà Nội","Cho thuê phòng tầng 2 địa chỉ Ngõ 136 Phương Liệt Gần các trường đại học Bách -Kinh-Xây - khu dân trí cao, yên… - 622028",0868859509,https://pt123.cdn.static123.com/images/thumbs/450x300/fit/2023/04/12/bb4e1060-5922-4f62-a924-76e626351b8e_1681267897.jpg,https://phongtro123.com/cho-thue-nha-cuoi-thang-4-thang5-chuyen-vao-pr622028.html,phongtro123.com,2026-07-05T15:12:14.398573+00:00,3.0,22.0,Phương Liệt,phong_tro,0,0,0,0,0,0,0,0,0,0,0,0.1363636363636363
"homestay giá rẻ tại thanh xuân chỉ từ 1,3- 1,5 full đồ phòng thoáng đẹp",1350000,25.0,"ngõ 1 Đường Bùi Xương Trạch, Phường Khương Đình, Hà Nội",Địa chỉ: ngõ 1 ngách 62 xương trạch - Thanh Xuân - Hà Nội. - Diện tích 25- 30 - Phòng ở từ 4- 8 người. - Nội… - 621293,0358978883,https://pt123.cdn.static123.com/images/thumbs/450x300/fit/2023/04/04/anh-homestay-phong-4_1680586144.jpg,https://phongtro123.com/homestay-gia-re-tai-thanh-xuan-chi-tu-1-3-1-5-full-do-phong-thoang-dep-pr621293.html,phongtro123.com,2026-07-05T15:12:14.399573+00:00,1.35,25.0,Khương Đình,phong_tro,0,0,0,0,1,0,0,0,0,0,1,0.054
phòng trọ giá rẻ tại thanh xuân - phòng rộng dãi cửa sổ thoáng full đồ,3200000,25.0,"ngõ 91 Đường Hoàng Văn Thái, Phường Phương Liệt, Hà Nội",ĐỊA CHỈ :Ngõ 93 Hoàng Văn Thái - Thanh Xuân - Hà Nội - Diện tích 25 mét phòng rộng dãi. - Cửa sổ thoáng vệ sinh… - 621282,0358978883,https://pt123.cdn.static123.com/images/thumbs/450x300/fit/2023/04/04/2_1680583413.jpg,https://phongtro123.com/phong-tro-gia-re-tai-thanh-xuan-phong-rong-dai-cua-so-thoang-full-do-pr621282.html,phongtro123.com,2026-07-05T15:12:14.399573+00:00,3.2,25.0,Phương Liệt,phong_tro,0,0,0,0,1,0,0,0,0,0,1,0.128
Phòng trọ quận TX Hoàng Văn Thái dưới 4tr hợp 2 ng,3200000,20.0,"Ngõ 93 Đường Hoàng Văn Thái, Phường Khương Đình, Hà Nội",Phòng trọ mới setup xong Hoàng Văn Thái Thanh Xuân còn *** 2p Giá 3tr2-4tr Diện tích: 20-30m Điện: 3.500/số Nước giá… - 621210,0862833239,https://pt123.cdn.static123.com/images/thumbs/450x300/fit/2023/04/03/img-1680509192929-1680510648941_1680510967.jpg,https://phongtro123.com/phong-tro-quan-tx-hoang-van-thai-duoi-4tr-hop-2-ng-pr621210.html,phongtro123.com,2026-07-05T15:12:14.399573+00:00,3.2,20.0,Khương Đình,phong_tro,0,0,0,0,0,0,0,0,0,0,0,0.16
Cho thuê phòng trong căn nhà nguyên căn,3750000,20.0,"303G4 Đường Nguyễn Trãi, Phường Thanh Xuân, Hà Nội","Mình còn 1 phòng trống trong căn nhà nguyên căn ngõ 477 Nguyễn Trãi. Phù hợp ở 2-3 người điện nước giá dân, không… - 620792",0779139215,https://pt123.cdn.static123.com/images/thumbs/450x300/fit/2023/03/29/2d4b83da-4faf-4d2b-ac5c-fbeadaa47a0c_1680104642.jpg,https://phongtro123.com/cho-thue-phong-trong-can-nha-nguyen-can-2-pr620792.html,phongtro123.com,2026-07-05T15:12:14.399573+00:00,3.75,20.0,Thanh Xuân,nha_nguyen_can,0,0,0,0,0,0,0,0,0,0,0,0.1875
Chung cư mini FULL NỘI THẤT DỌN ĐẾN LÀ Ở,4200000,23.0,"Đường Triều Khúc, Phường Thanh Xuân, Hà Nội","CHO THUÊ CCMN TRIỀU KHÚC - YÊN XÁ Đầy đủ điều hoà, máy giặt, nóng lạnh, wifi, bếp nấu ăn, tủ quần áo, bàn… - 616860",0335600363,https://pt123.cdn.static123.com/images/thumbs/450x300/fit/2023/03/20/3cebc284-d127-4f00-8c7a-013452f72b63_1679280907.jpg,https://phongtro123.com/chung-cu-mini-full-noi-that-don-den-la-o-pr616860.html,phongtro123.com,2026-07-05T15:12:14.399573+00:00,4.2,23.0,Thanh Xuân,can_ho_mini,1,0,0,0,1,0,1,1,1,0,5,0.1826086956521739
"PHÒNG ĐẸP,NGÃ TƯ SỞ, 3TR/THÁNG, PHÙ HỢP DÂN VĂN PHÒNG",3000000,28.0,"Số 16, ngách 22 ngõ 111 Cù Chính Lan Đường Cù Chính Lan, Phường Phương Liệt, Hà Nội","- Khu vực bộ đội an ninh siêu cao: Cù Chính Lan, Hoàng Văn Thái - Phòng: 28m2, vệ sinh khép kín, bình nóng lạnh, quạt,… - 616885",0966764521,https://pt123.cdn.static123.com/images/thumbs/450x300/fit/2023/02/21/1_1676970610.png,https://phongtro123.com/phong-dep-nga-tu-so-3tr-thang-phu-hop-dan-van-phong-pr616885.html,phongtro123.com,2026-07-05T15:12:14.399573+00:00,3.0,28.0,Phương Liệt,phong_tro,0,1,0,0,0,0,0,1,0,0,2,0.1071428571428571
"Cho thuê căn hộ mini, ful nội thất, giá bình dân ngay Chính Kinh, Phường Nhân Chính, Quận Thanh Xuân, Hà Nội",5000000,23.0,"28/72 Phố Chính Kinh, Phường Thanh Xuân, Hà Nội","Địa chỉ: 28/72 Chính Kinh, Phường Nhân Chính, Quận Thanh Xuân, Hà NộiTiện ích:  - Full nội thất: bếp, giường, kệ,… - 615965",0904057180,https://pt123.cdn.static123.com/images/thumbs/450x300/fit/2023/02/13/20230129-110528_1676245373.jpg,https://phongtro123.com/cho-thue-can-ho-moi-tinh-gia-re-pr615965.html,phongtro123.com,2026-07-05T15:12:14.399573+00:00,5.0,23.0,Thanh Xuân,can_ho_mini,0,0,0,0,1,0,0,0,0,0,1,0.217391304347826
Phòng Trọ Chung Cư Nhân Hoà Còn 1 Phòng Trống,6800000,40.0,"Ngõ 3 Phố Nhân Hòa, Hà Nội","Phòng 1N1K - Tầng 5 Thang máy Nội thất: Điều hòa Daikin, Nóng lạnh, Giường - tủ, Kệ bếp, Tủ lạnh, Sofa, Ban… - 615894",0934466052,https://pt123.cdn.static123.com/images/thumbs/450x300/fit/2023/02/11/z4101642596890-00e017709555fb9493ddb77ae94769f7_1676124533.jpg,https://phongtro123.com/phong-tro-chung-cu-nhan-hoa-con-1-phong-trong-pr615894.html,phongtro123.com,2026-07-05T15:12:14.399573+00:00,6.8,40.0,unknown,can_ho,1,0,0,1,0,0,0,1,0,1,4,0.1699999999999999
Cho thuê phòng trọ sinh viên không chung chủ,2000000,20.0,"1.3 Đường Phùng Khoang, Hà Nội","Cho thuê phòng trọ sinh viên, diện tích 20m2, giá 2tr/tháng tại Phùng Khoang Trung Văn, Bắc Từ Liêm. Liên hệ chị Thái… - 615540",0965956926,https://phongtro123.com/images/thumb_default.svg,https://phongtro123.com/cho-thue-phong-tro-sinh-vien-khong-chung-chu-pr615540.html,phongtro123.com,2026-07-05T15:12:14.399573+00:00,2.0,20.0,unknown,phong_tro,0,0,0,0,0,0,0,0,0,0,0,0.1
Phòng trọ giá rẻ Triều Khúc - Yên Xá,4200000,28.0,"Đường Triều Khúc, Phường Thanh Xuân, Hà Nội","Địa Chỉ : 68 TRIỀU KHÚC Nội Thất: Điều hòa, nóng lạnh , giường , tủ quần áo, bàn ghế ăn, chăn ga gối đệm,… - 614464",0335600363,https://pt123.cdn.static123.com/images/thumbs/450x300/fit/2023/01/13/453b6890-ee6d-4655-9801-4e383682c53b_1673574967.jpg,https://phongtro123.com/phong-tro-gia-re-trieu-khuc-yen-xa-pr614464.html,phongtro123.com,2026-07-05T15:12:14.399573+00:00,4.2,28.0,Thanh Xuân,phong_tro,1,0,0,0,0,0,0,1,0,0,2,0.15
Cho Thuê Phòng Trọ số nhà 19 ngách 85/42 Ngõ 85 Phố Hạ Đình,1500000,15.0,"số nhà 19 ngách 85/42 Ngõ 85 Phố Hạ Đình, Phường Thanh Xuân, Hà Nội","Cho thuê phòng trọ 15m2 khép kín số nhà 19 ngách 85/42 Ngõ 85 Phố Hạ Đình, Phường Thanh Xuân Trung, Quận Thanh Xuân, Hà Nội - 615489",0906216679,https://phongtro123.com/images/thumb_default.svg,https://phongtro123.com/cho-thue-phong-tro-so-nha-19-ngach-85-42-ngo-85-pho-ha-dinh-pr615489.html,phongtro123.com,2026-07-05T15:12:15.974772+00:00,1.5,15.0,Thanh Xuân,phong_tro,0,1,0,0,0,0,0,0,0,0,1,0.1
CHÍNH CHỦ CHO THUÊ CĂN HỘ CCMN ở KIM GIANG đối diện HH Linh Đàm,4600000,30.0,"634 Đường Kim Giang, Phường Khương Đình, Hà Nội","CHÍNH CHỦ CHO THUÊ CĂN HỘ CCMN ở KIM GIANG đối diện HH Linh Đàm, cách trường đại học Thăng Long 1km Thiết kế:… - 614829",0388796631,https://pt123.cdn.static123.com/images/thumbs/450x300/fit/2023/01/30/1_1675064075.jpg,https://phongtro123.com/chinh-chu-cho-thue-can-ho-ccmn-o-kim-giang-doi-dien-hh-linh-dam-pr614829.html,phongtro123.com,2026-07-05T15:12:15.974772+00:00,4.6,30.0,Khương Đình,can_ho_mini,0,0,0,0,0,0,0,0,0,0,0,0.1533333333333333
"Phòng trọ 22m2 đồ căn bản - gường, tủ, điều hòa, nóng lạnh",3999000,22.0,"Phố Ngụy Như Kon Tum, Phường Thanh Xuân, Hà Nội","Phòng trọ - diện tích 22m2 - đồ căn bản Phù hợp người đi làm Điều hòa, gường, tủ , bàn làm việc Wifi, điện… - 614669",0842165222,https://pt123.cdn.static123.com/images/thumbs/450x300/fit/2023/01/26/nha-32-ngo-20-my-dinh-3_1674718533.jpg,https://phongtro123.com/phong-tro-22m2-do-can-ban-guong-tu-dieu-hoa-nong-lanh-pr614669.html,phongtro123.com,2026-07-05T15:12:15.974772+00:00,3.999,22.0,Thanh Xuân,phong_tro,1,0,0,0,0,0,0,1,1,0,3,0.1817727272727272
"Phòng trọ 25m2 - Đồ cơ bản - tại ngõ Khuất Duy Tiến, gần Tố Hữu",3800000,25.0,"Đường Khuất Duy Tiến, Phường Thanh Xuân, Hà Nội","Hiện đang còn trống 2 phòng trọ tại Ngõ Khuất Duy Tiến, Thanh Xuân - Diện tích phòng 25m2, đồ cơ bản - Gường Tủ,… - 614667",0842165222,https://pt123.cdn.static123.com/images/thumbs/450x300/fit/2023/01/26/so-84-ngach-63-30-le-duc-tho-11_1674716983.jpg,https://phongtro123.com/phong-tro-25m2-do-co-ban-tai-ngo-khuat-duy-tien-gan-to-huu-pr614667.html,phongtro123.com,2026-07-05T15:12:15.974772+00:00,3.8,25.0,Thanh Xuân,phong_tro,0,0,0,0,0,0,0,0,0,0,0,0.152
"cho thuê phòng trọ , gác xép, thang máy, Dt rộng, khuyến mãi dùng Wfi, ở 4-6 người/ phòng, giá 4 tr.",4000000,22.0,"68 Đường Triều Khúc, Phường Thanh Xuân, Hà Nội","- Còn 3 phòng trọ cho sinh viên, người đi làm, hộ gia đình thuê ở thoải mái. 0988183187 zalo- Khuyến mãi dùng Wfi. - Nhà… - 614587",0944723177,https://pt123.cdn.static123.com/images/thumbs/450x300/fit/2023/01/17/z3785203364501-54b71be3232b64c460a0769db7b4c0aa_1673932208.jpg,https://phongtro123.com/cho-thue-phong-tro-gac-xep-thang-may-dt-rong-khuyen-mai-dung-wfi-o-4-6-nguoi-phong-gia-4-tr-pr614587.html,phongtro123.com,2026-07-05T15:12:15.974772+00:00,4.0,22.0,Thanh Xuân,phong_tro,0,0,0,1,0,1,0,0,0,1,3,0.1818181818181818
TÔI CÒN 2 PHÒNG TRỐNG CHO THUÊ SỐ 68 ĐƯỜNG TRIỀU KHÚC - HÀ ĐÔNG,3500000,28.0,"68 Đường Triều Khúc, Phường Thanh Xuân, Hà Nội","- Full nội thất như ảnh 100% - Xe nhà rộng rãi , không chung chủ - Khoá cổng vân tay an ninh đảm bảo Lh :… - 614272",0335600363,https://pt123.cdn.static123.com/images/thumbs/450x300/fit/2023/01/08/fb0ebb4f-c798-4558-ba03-5b49c5906d6c_1673148112.jpg,https://phongtro123.com/toi-con-2-phong-trong-cho-thue-so-68-duong-trieu-khuc-ha-dong-pr614272.html,phongtro123.com,2026-07-05T15:12:15.974772+00:00,3.5,28.0,Thanh Xuân,phong_tro,0,0,0,0,0,0,0,0,0,0,0,0.125
Thuê nhà đối diện trường đại học Khoa Học Xã Hội Và Nhân Văn.,3000000,20.5,"34, ngõ 263 Đường Nguyễn Trãi, Phường Thanh Xuân, Hà Nội","Mình còn 1 phòng trọ rộng (2 hoặc 3 người ở) cho thuê, đối diện trường đại học Khoa Học Xã Hội và Nhân Văn,… - 610894",0988336811,https://pt123.cdn.static123.com/images/thumbs/450x300/fit/2022/11/18/tang-3-1_1668786429.jpg,https://phongtro123.com/thue-nha-doi-dien-truong-dai-hoc-khoa-hoc-xa-hoi-va-nhan-van-pr610894.html,phongtro123.com,2026-07-05T15:12:15.974772+00:00,3.0,20.5,Thanh Xuân,phong_tro,0,0,0,0,0,0,0,0,0,0,0,0.1463414634146341
"Cho thuê phòng trọ ở ghép đầy đủ tiện ích tại Nhân Hòa, Phường Nhân Chính, Quận Thanh Xuân",1500000,30.0,"80 Phố Nhân Hòa, Phường Thanh Xuân, Hà Nội","CHO THUÊ PHÒNG TRỌ TIỆN TÍCH TẠI PHỐ NHÂN HOÀ-NHÂN CHÍNH - THANH XUÂN , KHU PHỐ CỰC TRUNG TÂM ,ĐẾN Ở NGAY Địa… - 610635",0378645936,https://pt123.cdn.static123.com/images/thumbs/450x300/fit/2022/11/15/z3872460190710-1d6cdb7c96b7c10630fe11bb27a0d059_1668485738.jpg,https://phongtro123.com/cho-theu-phong-tro-o-ghep-day-du-tien-ich-pr610635.html,phongtro123.com,2026-07-05T15:12:15.974772+00:00,1.5,30.0,Thanh Xuân,o_ghep,0,0,0,0,0,0,0,0,0,0,0,0.05
Cho thuê phòng trọ ngon bổ rẻ tại Bùi Xương Trạch Thanh Xuân Hà Nội,2000000,24.0,"Số nhà 70 ngõ 125 đường bùi xương trạch Đường Bùi Xương Trạch, Phường Khương Đình, Hà Nội",[Nhà trọ chính chủ khu vực Ngã Tư Sở] Nhà mình còn 2 phòng cho thuê có thể vào ở luôn Địa chỉ: số 70 ngõ 125… - 606615,0936338244,https://pt123.cdn.static123.com/images/thumbs/450x300/fit/2022/08/29/img-20220828-122827_1661775580.jpg,https://phongtro123.com/cho-thue-phong-tro-ngon-bo-re-tai-bui-xuong-trach-thanh-xuan-ha-noi-pr606615.html,phongtro123.com,2026-07-05T15:12:15.974772+00:00,2.0,24.0,Khương Đình,phong_tro,0,0,0,0,0,0,0,0,0,0,0,0.0833333333333333
Cần tìm 1-2 bạn Nam ở ghép tại Nguyễn Văn Trỗi,2000000,35.0,"Số 6 ngách 36 ngõ 12 Đường Nguyễn Văn Trỗi, Phường Phương Liệt, Hà Nội","Cần tìm 1-2 bạn Nam ở ghép tại Nguyễn Văn Trỗi, giá phòng 4tr7, điện 3k8, nước 50k/người, để xe thoải mái, đã… - 609113",0969740924,https://phongtro123.com/images/thumb_default.svg,https://phongtro123.com/can-tim-1-2-ban-nam-o-ghep-tai-nguyen-van-troi-pr609113.html,phongtro123.com,2026-07-05T15:12:15.974772+00:00,2.0,35.0,Phương Liệt,o_ghep,0,0,0,0,0,0,0,0,0,1,1,0.0571428571428571
Cho thuê phòng trọ cấp 4 độc lập cho sinh viên nữ. Liên hệ: 0904446930,1250000,12.0,"Đường Nguyễn Ngọc Nại, Phường Phương Liệt, Hà Nội","Phòng trọ độc lập không chung với chủ, khu vực an ninh tốt, gần nhiều trường ĐH. Cho sinh viên nữ thuê dài lâu.   - 607773",0904446930,https://phongtro123.com/images/thumb_default.svg,https://phongtro123.com/phong-tro-cap-4-doc-lap-cho-sv-nu-thue-pr607773.html,phongtro123.com,2026-07-05T15:12:15.974772+00:00,1.25,12.0,Phương Liệt,phong_tro,0,0,0,0,0,0,0,0,0,0,0,0.1041666666666666
Cho thuê phòng trọ đủ đồ 27m2 khu Trường Chinh Thanh Xuân- Liên hệ: 0867703862,3200000,27.0,"Đường Trường Chinh, Phường Phương Liệt, Hà Nội","Chính chủ cho thuê phòng trọ trong nhà 4 tầng, phòng đẹp full đồ, khu Trường Chinh Thanh Xuân. Nằm ở vị trí trung… - 596888",0867703862,https://pt123.cdn.static123.com/images/thumbs/450x300/fit/2022/03/01/1anh1_1646149536.jpg,https://phongtro123.com/cho-thue-phong-tro-du-do-27m2-khu-vuc-truong-chinh-thanh-xuan-lien-he-0867703862-pr596888.html,phongtro123.com,2026-07-05T15:12:15.974772+00:00,3.2,27.0,Phương Liệt,phong_tro,0,0,0,0,1,0,0,0,0,0,1,0.1185185185185185
Cần nhượng lại phòng siêu thoáng full đồ tại Bùi Xương Trạch,4000000,35.0,"26B ngõ 125 Đường Bùi Xương Trạch, Phường Khương Đình, Hà Nội",Mình chuẩn bị chuyển vào Sài Gòn công tác nên cần nhượng lại phòng tại 26B ngõ 125 Bùi Xương Trạch. Mình đã ở… - 607391,0966569026,https://pt123.cdn.static123.com/images/thumbs/450x300/fit/2022/09/17/6a720413fd9332cd6b82-1648266497_1663396653.jpg,https://phongtro123.com/can-nhuong-lai-phong-sieu-thoang-full-do-tai-bui-xuong-trach-pr607391.html,phongtro123.com,2026-07-05T15:12:15.974772+00:00,4.0,35.0,Khương Đình,phong_tro,0,0,0,0,1,0,0,0,0,0,1,0.1142857142857142
CCMN thiết kế thông minh full đồ tại 144 Quan Nhân,5200000,25.0,"20c/8/144 Phố Quan Nhân, Phường Thanh Xuân, Hà Nội","- nhà thiết kế thông minh, có gác xép - nội thất đầy đủ (giường, đệm, tủ quần áo,điều hoà, nóng lạnh, bàn… - 605969",0971049353,https://pt123.cdn.static123.com/images/thumbs/450x300/fit/2022/08/16/z3541759951443-96270273e137537b4cffac9d87432dc1_1660616389.jpg,https://phongtro123.com/ccmn-thiet-ke-thong-minh-full-do-tai-144-quan-nhan-pr605969.html,phongtro123.com,2026-07-05T15:12:15.974772+00:00,5.2,25.0,Thanh Xuân,can_ho_mini,1,0,0,0,1,1,0,1,0,0,4,0.208
"cho thuê phòng trọ, CCMN FULL đồ ở 286 nguyễn xiển thanh xuân hà nội",4200000,30.0,"286 Đường Nguyễn Xiển, Phường Thanh Xuân, Hà Nội","Chình chủ cho thuê CCMN FULL ĐỒ ở 286 nguyễn xiển Vị trí thuật tiện. Gần chợ, gần các trường đại học CNGTVT,… - 605840",0876208989,https://pt123.cdn.static123.com/images/thumbs/450x300/fit/2022/08/13/970678bc2ba1deff87b074_1660359518.jpg,https://phongtro123.com/cho-thue-phong-tro-ccmn-full-do-o-286-nguyen-xien-thanh-xuan-ha-noi-pr605840.html,phongtro123.com,2026-07-05T15:12:15.974772+00:00,4.2,30.0,Thanh Xuân,can_ho_mini,0,0,0,0,1,0,0,0,0,0,1,0.14
CCMN đầy đủ nội thất - 40 Chính Kinh - Nhân Chính,4600000,25.0,"40 Phố Chính Kinh, Phường Thanh Xuân, Hà Nội","Vị trí trung tâm ngã tư sở, cách royal city 500m, điểm buýt 150m, Ga tàu điện 300m,... Cách chợ 100m _Gần các trường… - 605566",0779345111,https://pt123.cdn.static123.com/images/thumbs/450x300/fit/2022/08/09/z3630112057518-dc0f4b3b16f9c088751c87e6a28c02f8_1660035985.jpg,https://phongtro123.com/ccmn-day-du-noi-that-40-chinh-kinh-nhan-chinh-pr605566.html,phongtro123.com,2026-07-05T15:12:15.974772+00:00,4.6,25.0,Thanh Xuân,can_ho_mini,0,0,0,0,1,0,0,0,0,0,1,0.184
"phòng 30m2,ban công, full nội thất tại Ngã Tư Sở giá chỉ 2,4 triệu",2400000,30.0,"14 ngõ 326 Phố Lê Trọng Tấn, Phường Phương Liệt, Hà Nội","Chính chủ cho thuê phòng ngõ 326 Lê Trọng Tấn, cạnh Ngã TƯ Sở, Giải Phóng, Giáp Bát Ngõ rộng, nông, ô tô vào tận… - 604800",0374720699,https://pt123.cdn.static123.com/images/thumbs/450x300/fit/2022/07/24/z3586879520853-5a1dd6c395e8f53b020282da12d1f23b_1658635832.jpg,https://phongtro123.com/phong-30m2-ban-cong-full-noi-that-tai-nga-tu-so-gia-chi-2-4-trieu-pr604800.html,phongtro123.com,2026-07-05T15:12:15.974772+00:00,2.4,30.0,Phương Liệt,phong_tro,0,0,1,0,1,0,0,0,0,0,2,0.08
Cho thuê nhà 2 tầng khép kín từng tầng phố Bùi Xương Trạch (3tr/tháng),3000000,60.0,"261 Đường Bùi Xương Trạch, Phường Khương Đình, Hà Nội","Nhà 2 tầng, mỗi tầng có bếp và vs riêng. Không gian thoáng mát, chỗ để xe rộng rãi, mặt phố tiện giao… - 604657",0379419615,https://phongtro123.com/images/thumb_default.svg,https://phongtro123.com/cho-thue-nha-2-tang-khep-kin-tung-tang-pho-bui-xuong-trach-3tr-thang-pr604657.html,phongtro123.com,2026-07-05T15:12:15.974772+00:00,3.0,60.0,Khương Đình,phong_tro,0,1,0,0,0,0,0,0,0,1,2,0.05
Cho thuê phòng trọ khép kín 25m2 tầng 3,2200000,25.0,"Số 26 ngõ 213/20 Đường Giáp Nhất, Phường Thanh Xuân, Hà Nội",Hiện tôi có nhà cho thuê tại số 26 ngõ 213/29 Giáp Nhất Nhân Chính Thanh Xuân Hà Nội. -Nhà 6 tầng mỗi tầng của… - 604437,0936137937,https://pt123.cdn.static123.com/images/thumbs/450x300/fit/2022/07/18/dfd47bb1-ea27-4aed-a5a2-38e87f79b99b_1658127836.jpg,https://phongtro123.com/cho-thue-phong-tro-khep-kin-25m2-tang-3-pr604437.html,phongtro123.com,2026-07-05T15:12:18.531790+00:00,2.2,25.0,Thanh Xuân,phong_tro,0,1,0,0,0,0,0,0,0,0,1,0.088
"Cho thuê phòng trọ tại ngõ 93 ngách 28 nhà số 09 Hoàng Văn Thái, Phường Khương Đình, Thanh Xuân",1800000,18.0,"09 Đường Hoàng Văn Thái, Phường Khương Đình, Hà Nội","Phòng trọ 18m2 + 6m2 gác xép có nhiều cửa , gần hồ rất mát , yên tĩnh , an ninh tuyệt vời, nhà có 4 phòng tầng 1 ,… - 603842",0913532267,https://pt123.cdn.static123.com/images/thumbs/450x300/fit/2022/07/08/1_1657252019.jpg,https://phongtro123.com/cho-thue-phong-tro-tai-ngo-93-ngach-28-nha-so-09-pr603842.html,phongtro123.com,2026-07-05T15:12:18.531790+00:00,1.8,18.0,Khương Đình,phong_tro,0,0,0,0,0,1,0,0,0,0,1,0.1
Cho thuê phòng trọ tại 262B Nguyễn Trãi gần Đh KHXH & NV,2100000,15.0,"3/44/262b Đường Nguyễn Trãi, Hà Nội","Chính chủ cho thuê nhà trọ tại ngõ 262b Nguyễn Trãi - Diện tích 12-15m - Gần chợ, bến xe bus, tàu điện trên cao,… - 602356",0983374498,https://phongtro123.com/images/thumb_default.svg,https://phongtro123.com/cho-thue-phong-tro-tai-262b-nguyen-trai-gan-dh-khxh-nv-pr602356.html,phongtro123.com,2026-07-05T15:12:18.531790+00:00,2.1,15.0,unknown,phong_tro,0,0,0,0,0,0,0,0,0,0,0,0.14
"Cho thuê phòng trọ, CCMN FULL đồ ở 180 Triều Khúc, Thanh Xuân, Hà Nội",4200000,27.0,"180 Đường Triều Khúc, Phường Thanh Xuân, Hà Nội","Cho thuê CCMN FULL ĐỒ ở 180 Triều khúc Vị trí thuật tiện. Gần chợ, gần các trường đại học CNGTVT, ĐH Hà Nội,… - 602536",0845281702,https://pt123.cdn.static123.com/images/thumbs/450x300/fit/2022/06/16/z3494198640713-acd658da432989bb2576a0dd09b5f035_1655354531.jpg,https://phongtro123.com/cho-thue-phong-tro-ccmn-full-do-o-180-trieu-khuc-thanh-xuan-ha-noi-pr602536.html,phongtro123.com,2026-07-05T15:12:18.531790+00:00,4.2,27.0,Thanh Xuân,can_ho_mini,0,0,0,0,1,0,0,0,0,0,1,0.1555555555555555
"Phòng cách đh y 500m, ktqd, hvnh, bách khoa tại Lê Trọng Tấn, Phường Khương Mai, Quận Thanh Xuân",2600000,20.0,"Số 6 ngõ 134/15/16 Phố Lê Trọng Tấn, Phường Phương Liệt, Hà Nội","Cho thuê phòng chính chủ: ở tầng 3, 4 Khoảng 15m2, 20m2 cùng chủ nhà. - Khu phòng khép kín khu WC, phòng ngủ riêng có ban… - 601851",0986614247,https://pt123.cdn.static123.com/images/thumbs/450x300/fit/2022/06/04/20210403-112729-2_1654312164.jpg,https://phongtro123.com/phong-cach-dh-y-500m-ktqd-hvnh-bach-khoa-tai-le-trong-tan-pr601851.html,phongtro123.com,2026-07-05T15:12:18.531790+00:00,2.6,20.0,Phương Liệt,phong_tro,0,1,0,0,0,0,0,0,0,0,1,0.13
"Còn duy nhất 2 phong. Địa chỉ: 356 Nguyễn Huy Tưởng, Thanh Xuân Bắc, Quận Thanh Xuân, Hà Nội",3000000,35.0,"356 Đường Nguyễn Huy Tưởng, Phường Thanh Xuân, Hà Nội","Còn duy nhất 2 phong Địa chỉ: 356 Nguyễn Huy Tưởng Giá 3tr5 phòng to (35m2 có ban công ) , 3tr phòng nhỏ ( 25m2 ) Thiện… - 600488",0367985241,https://pt123.cdn.static123.com/images/thumbs/450x300/fit/2022/05/11/ac58d72b-bc9b-4bf1-992d-ee22429372d0_1652251944.jpg,https://phongtro123.com/con-duy-nhat-2-phong-dia-chi-356-nguyen-huy-tuong-pr600488.html,phongtro123.com,2026-07-05T15:12:18.531790+00:00,3.0,35.0,Thanh Xuân,phong_tro,0,0,1,0,0,0,0,0,0,0,1,0.0857142857142857
"Cho thuê phòng trọ giá rẻ tại khu vực Cù Chính Lan, Thanh Xuân",1500000,12.0,"số 35, ngách 111/22 Đường Cù Chính Lan, Phường Phương Liệt, Hà Nội","Cho thuê phòng: diện tích 12m² chưa kể công trình phụ, có chỗ để xe riêng giá 1.500.000 đ/ phòng. Ưu điểm thoáng mát.… - 599509",0944281716,https://pt123.cdn.static123.com/images/thumbs/450x300/fit/2022/04/23/anhpogntro1_1650679016.jpg,https://phongtro123.com/cho-thue-phong-tro-gia-re-tai-khu-vuc-cu-chinh-lan-thanh-xuan-pr599509.html,phongtro123.com,2026-07-05T15:12:18.531790+00:00,1.5,12.0,Phương Liệt,phong_tro,0,0,0,0,0,0,0,0,0,1,1,0.125
"Chính chủ cho thuê phòng khép kín tại ngõ 97 phố Khương Trung (Ngã tư sở), Đống Đa, Hà Nội",2800000,25.0,"ngõ 97 Đường Khương Trung, Phường Khương Đình, Hà Nội","Giao nhà ngay - Địa chỉ: ngõ 97 phố Khương Trung (Ngã tư sở), Đống Đa, Hà Nội - Tổng diện tích khoảng hơn 25m2,… - 598524",0947579498,https://phongtro123.com/images/thumb_default.svg,https://phongtro123.com/chinh-chu-can-cho-thue-phong-khep-kin-pr598524.html,phongtro123.com,2026-07-05T15:12:18.531790+00:00,2.8,25.0,Khương Đình,phong_tro,0,1,0,0,0,0,0,0,0,0,1,0.1119999999999999
"Cho thuê căn hộ tập thể tại ngõ 164 Đường Vương Thừa Vũ, Thanh Xuân, Hà Nội. Diện tích 40m2, giá thuê 4 Triệu",4000000,40.0,"số 55 ngõ 164 Đường Vương Thừa Vũ, Phường Khương Đình, Hà Nội","Cho thuê căn hộ tập thể tại số 55 ngõ 164 Đường Vương Thừa Vũ, Phường Khương Trung, Quận Thanh Xuân, Hà… - 598087",0944486991,https://pt123.cdn.static123.com/images/thumbs/450x300/fit/2022/03/26/z3291353889155-a436d7a46e424ebcba358b9b787ef95a_1648270247.jpg,https://phongtro123.com/cho-thue-can-ho-tap-the-tai-ngo-164-duong-vuong-thua-vu-thanh-xuan-ha-noi-dien-tich-40m2-gia-thue-4-trieu-pr598087.html,phongtro123.com,2026-07-05T15:12:18.531790+00:00,4.0,40.0,Khương Đình,can_ho,0,0,0,0,0,0,0,0,0,0,0,0.1
Cần nhượng lại phòng cực thoáng full đồ tại Bùi Xương Trạch,4000000,35.0,"26B/125 Đường Bùi Xương Trạch, Phường Khương Đình, Hà Nội",Mình chuẩn bị chuyển vào Sài Gòn công tác nên cần nhượng lại phòng tại 26B ngõ 125 Bùi Xương Trạch. Mình đã ở… - 598082,0339578963,https://pt123.cdn.static123.com/images/thumbs/450x300/fit/2022/03/26/8f62f91c009ccfc2968d_1648266498.jpg,https://phongtro123.com/can-nhuong-lai-phong-cuc-thoang-full-do-tai-bui-xuong-trach-pr598082.html,phongtro123.com,2026-07-05T15:12:18.531790+00:00,4.0,35.0,Khương Đình,phong_tro,0,0,0,0,1,0,0,0,0,0,1,0.1142857142857142
"Chỉnh chủ cho thuê hộ gia đình tại Ngách 101 ngõ 460 Đường Khương Đình, Phường Hạ Đình, Quận Thanh Xuân, Hà Nội",3500000,45.0,"Ngách 101 ngõ 460 Đường Khương Đình, Phường Khương Đình, Hà Nội","- Diện tích: 22m2/tầng * 2 tầng; - Điện nước: Tính theo giá nhà nước; - Tiện nghi: Bình nóng lạnh, Vòi hoa sen, điều… - 597764",0966050609,https://pt123.cdn.static123.com/images/thumbs/450x300/fit/2022/03/20/cca3b52493df5c8105ce_1647789028.jpg,https://phongtro123.com/chinh-chu-cho-thue-ho-gia-dinh-pr597764.html,phongtro123.com,2026-07-05T15:12:18.531790+00:00,3.5,45.0,Khương Đình,phong_tro,0,0,0,0,0,0,0,1,0,0,1,0.0777777777777777
"Cho thuê nhà ở hoặc kinh doanh tại 101E A10 Khương Trung, Phường Khương Trung, Quận Thanh Xuân, Hà Nội",4500000,35.0,"101E A10 Đường Khương Trung, Phường Khương Đình, Hà Nội",Số phòng ngủ:2 Số phòng vệ sinh:1 Hướng cửa chính: Đông Nam Giấy tờ pháp lí: Đã có sổ Số tiền… - 597595,0945009290,https://pt123.cdn.static123.com/images/thumbs/450x300/fit/2022/03/16/259450991-1195327647944851-8999977894375809587-n_1647437893.jpg,https://phongtro123.com/cho-thue-nha-o-hoac-kinh-doanh-pr597595.html,phongtro123.com,2026-07-05T15:12:18.531790+00:00,4.5,35.0,Khương Đình,phong_tro,0,0,0,0,0,0,0,0,0,0,0,0.1285714285714285
"Cho thuê nhà trọ 330 Vũ Hữu, Phường Thanh Xuân Bắc, Quận Thanh Xuân, Hà Nội",4000000,40.0,"Phố Vũ Hữu, Phường Thanh Xuân, Hà Nội","Cho thuê nhà trọ Vũ Hữu, Phường Thanh Xuân Bắc, Quận Thanh Xuân, Hà Nội Phòng diện tích 40m2 .1 phòng khách, 1 phòng… - 597238",0965139230,https://phongtro123.com/images/thumb_default.svg,https://phongtro123.com/cho-thue-nha-tro-duong-330-vu-huu-quan-thanh-xuan-pr597238.html,phongtro123.com,2026-07-05T15:12:18.531790+00:00,4.0,40.0,Thanh Xuân,phong_tro,0,0,0,0,0,0,0,0,0,0,0,0.1
"Cho thuê phòng Full đồ khép kín mới 100% tại 110 Quan Nhân, gần hồ, gần chợ Quan Nhân",3700000,27.0,"110 Phố Quan Nhân, Phường Thanh Xuân, Hà Nội","CHÍNH CHỦ CHO THUÊ PHÒNG FULL ĐỒ khép kín 110 Quan Nhân mới tinh 100% Gần hồ Quan Nhân, Chợ quan nhân, * Mô tả chung -… - 596978",0877828666,https://pt123.cdn.static123.com/images/thumbs/450x300/fit/2022/03/03/6a47f5f8336dff33a67c18_1646293639.jpg,https://phongtro123.com/cho-thue-phong-full-do-khep-kin-moi-100-tai-110-quan-nhan-gan-ho-gan-cho-quan-nhan-pr596978.html,phongtro123.com,2026-07-05T15:12:18.531790+00:00,3.7,27.0,Thanh Xuân,phong_tro,0,1,0,0,1,0,0,0,0,0,2,0.137037037037037
"Cho thuê nhà tập thể tầng 1, hiện kinh doanh tốt",5000000,25.0,"Đường Nguyễn Trãi, Phường Thanh Xuân, Hà Nội","Cho thuê nhà tập thể tầng 1 ngõ 477 nguyễn trãi, thanh xuân. Nhà tầng 1 kinh doanh tốt cách trường cấp 3 10m, vị trí… - 596844",0333989575,https://phongtro123.com/images/thumb_default.svg,https://phongtro123.com/cho-thue-nha-tap-the-tang-1-hien-kinh-doanh-tot-pr596844.html,phongtro123.com,2026-07-05T15:12:18.531790+00:00,5.0,25.0,Thanh Xuân,phong_tro,0,0,0,0,0,0,0,0,0,0,0,0.2
"Cho thuê phòng khép kín, đh, nóng lạnh tại 7/128 Vũ Trọng Phụng, Thanh Xuân Trung, Quận Thanh Xuân",2200000,15.0,"7/128 Đường Vũ Trọng Phụng, Phường Thanh Xuân, Hà Nội","Cho thuê phòng nhà trọ khép kín , riêng chủ , diện tích xử dụng 15m2, phòng có gác xép , khu dân trí cao, tiện lợi ,… - 596254",0904523881,https://phongtro123.com/images/thumb_default.svg,https://phongtro123.com/cho-thue-phong-khep-kin-dh-nong-lanh-pr596254.html,phongtro123.com,2026-07-05T15:12:18.531790+00:00,2.2,15.0,Thanh Xuân,phong_tro,0,1,0,0,0,1,0,1,0,0,3,0.1466666666666666
"Cho thuê phòng ở rộng 16 m2 năm mới 2022 ở đường Khương Đình ,quận Thanh Xuân ,Hà Nội",1400000,16.0,"Đường Khương Đình, Phường Khương Đình, Hà Nội","CHO THUÊ PHÒNG TRỌ, PHÒNG Ở RỘNG 16 M2 Ở SỐ 9 NGÕ 32 NGÕ 236 ĐƯỜNG KHƯƠNG ĐÌNH, QUẬN THANH XUÂN, HÀ NỘI NHƯ SAU… - 596207",0904380420,https://pt123.cdn.static123.com/images/thumbs/450x300/fit/2022/02/15/phong-tro-8_1644888015.jpg,https://phongtro123.com/cho-thue-phong-o-rong-16-m2-nam-moi-2022-o-duong-khuong-dinh-quan-thanh-xuan-ha-noi-pr596207.html,phongtro123.com,2026-07-05T15:12:18.531790+00:00,1.4,16.0,Khương Đình,phong_tro,0,0,0,0,0,0,0,0,0,0,0,0.0875
"Cho thuê phòng trọ Full Lê Trọng Tấn, Phương Liệt, Thanh Xuân 2.3Triệu.",2300000,30.0,"Phố Lê Trọng Tấn, Phường Phương Liệt, Hà Nội","Mô tả: + Phòng thuộc khu vực quân đội Lê Trọng Tấn, an ninh tuyệt đối đảm bảo. + OTO đỗ thoải mái, giao thông… - 596158",0963087403,https://pt123.cdn.static123.com/images/thumbs/450x300/fit/2022/02/14/4bb89a284835b16be824_1644808041.jpg,https://phongtro123.com/cho-thue-phong-full-le-trong-tan-phuong-liet-thanh-xuan-2-3trieu-pr596158.html,phongtro123.com,2026-07-05T15:12:18.531790+00:00,2.3,30.0,Phương Liệt,phong_tro,0,0,0,0,0,0,0,0,0,0,0,0.0766666666666666
"CC Cho thuê phòng full đồ, khép kín ở 420 Khương Đình, Ngã tư sở",3300000,25.0,"420 Đường Khương Đình, Phường Khương Đình, Hà Nội","Chính chủ còn duy nhất 1 phòng full đồ, khép kín ở 420 Khương Đình, ngã tư sở Nội thất: giường, tủ, điều hoà,… - 304843",0877828666,https://pt123.cdn.static123.com/images/thumbs/450x300/fit/2022/01/12/3044bf100a65c73b9e749_1641957808.jpg,https://phongtro123.com/cc-cho-thue-phong-full-do-khep-kin-o-420-khuong-dinh-nga-tu-so-pr304843.html,phongtro123.com,2026-07-05T15:12:18.531790+00:00,3.3,25.0,Khương Đình,phong_tro,1,1,0,0,1,0,0,0,0,0,3,0.132
"Cho thuê phòng trọ, CCMN FULL đồ ở 300 nguyễn xiển thanh xuân",3500000,25.0,"300 Đường Nguyễn Xiển, Phường Thanh Xuân, Hà Nội",CHÍNH CHỦ cho thuê phòng trọ CCMN ở 300 nguyễn xiển thanh xuân Vị trí thuận tiện gần chợ gần các trường ĐH… - 595991,0845281702,https://pt123.cdn.static123.com/images/thumbs/450x300/fit/2022/02/10/z2994242584839-dbe115971f9c34e8f21b6c5b88a9c2b2_1644466878.jpg,https://phongtro123.com/cho-thue-phong-tro-ccmn-full-do-o-300-nguyen-xien-thanh-xuan-pr595991.html,phongtro123.com,2026-07-05T15:12:21.032906+00:00,3.5,25.0,Thanh Xuân,can_ho_mini,0,0,0,0,1,0,0,0,0,0,1,0.14
"cho thuê phòng trọ, CCMN FULL đồ khép kín ở 300 nguyễn xiển thanh xuân hà nội",3200000,25.0,"300 Đường Nguyễn Xiển, Phường Thanh Xuân, Hà Nội",CHÍNH CHỦ cho thuê phòng trọ CCMN ở 300 nguyễn xiển thanh xuân Vị trí thuận tiện gần chợ gần các trường ĐH… - 594096,0845281702,https://pt123.cdn.static123.com/images/thumbs/450x300/fit/2022/02/10/z3012393702657-5d165e6f633c1a41a760fe55ecc73b36_1644466706.jpg,https://phongtro123.com/cho-thue-phong-tro-ccmn-full-do-khep-kin-o-300-nguyen-xien-thanh-xuan-ha-noi-pr594096.html,phongtro123.com,2026-07-05T15:12:21.032906+00:00,3.2,25.0,Thanh Xuân,can_ho_mini,0,1,0,0,1,0,0,0,0,0,2,0.128
"1/3 Phòng chính chủ Khương Trung 30m2, có nóng lạnh, máy giặt, ban công",2500000,30.0,"31 Đường Tân Hồng, Phường Khương Đình, Hà Nội",Phòng chính chủ cuối tháng 2 ở được các bạn nhé. Chính chủ cho thuê phòng trọ 31 Tân Hồng cách đại học Bách… - 595939,0868267026,https://pt123.cdn.static123.com/images/thumbs/450x300/fit/2022/02/09/z2942369029899-b4046138af1878b8144494d2c53d0f4f_1644381804.jpg,https://phongtro123.com/1-3-phong-chinh-chu-khuong-trung-30m2-co-nong-lanh-may-giat-ban-cong-pr595939.html,phongtro123.com,2026-07-05T15:12:21.032906+00:00,2.5,30.0,Khương Đình,phong_tro,0,0,1,0,0,0,1,1,0,0,3,0.0833333333333333
"Phòng trọ cho thuê chính chủ giá trẻ tại Số 17 ngõ 68/51 Triều Khúc, Thanh Xuân",2300000,20.0,"Số 17 ngõ 68/51 Đường Triều Khúc, Phường Thanh Xuân, Hà Nội","Phòng trọ khép kín, có chỗ nấu ăn, điều hòa, nóng lạnh, wifi, camera an ninh, gần các các trường Đại học, Chợ… - 595893",0962113331,https://pt123.cdn.static123.com/images/thumbs/450x300/fit/2022/02/08/z3159455950085-7818ec5d60b5eb3f790924e51396393f_1644306082.jpg,https://phongtro123.com/phong-tro-cho-thue-chinh-chu-gia-tre-pr595893.html,phongtro123.com,2026-07-05T15:12:21.032906+00:00,2.3,20.0,Thanh Xuân,phong_tro,1,1,0,0,0,0,0,1,1,0,4,0.1149999999999999
"Phòng trọ chính chủ Ngã Tư Sở, Full đồ",3000000,20.0,"Số 23 ngõ 47 Đường Khương Trung, Phường Khương Đình, Hà Nội","Chính chủ cho thuê phòng trọ full đồ ngã tư sở + Phòng trọ đẹp cách chân cầu vượt 50m đi bộ, gần khu Vip royal… - 299577",0982254153,https://pt123.cdn.static123.com/images/thumbs/450x300/fit/2020/03/09/121_1583735115.jpg,https://phongtro123.com/tinh-thanh/ha-noi/phong-tro-dep-nga-tu-so-full-do.html,phongtro123.com,2026-07-05T15:12:21.032906+00:00,3.0,20.0,Khương Đình,phong_tro,0,0,0,0,1,0,0,0,0,0,1,0.15
"Phòng tại Phùng Khoang ấm áp, sạch sẽ, tiện nghi, ô tô đỗ cửa. LH 0383332947",3200000,30.0,"137 Đường Phùng Khoang, Phường Thanh Xuân, Hà Nội","Tôi còn căn phòng tại địa chỉ : Ngõ 137 PHÙNG KHOANG Rất gần chợ Phùng Khoang và nhà thờ phùng khoang, oto đỗ cửa,… - 595560",0383332947,https://pt123.cdn.static123.com/images/thumbs/450x300/fit/2022/01/18/cc6b09dd-c879-4d90-8d55-ce440e19fe98_1642465939.jpg,https://phongtro123.com/phong-tai-phung-khoang-am-ap-sach-se-tien-nghi-oto-do-cua-lh-0383332947-pr595560.html,phongtro123.com,2026-07-05T15:12:21.032906+00:00,3.2,30.0,Thanh Xuân,phong_tro,0,0,0,0,0,0,0,0,0,0,0,0.1066666666666666
"Cho thuê phòng trọ, Ngõ 420 Khương Đình, Thanh Xuân, 25m2",3000000,25.0,"số 8 Ngõ 420 Đường Khương Đình, Phường Khương Đình, Hà Nội","Chính chủ cho thuê - CCMN Khép kín - Khương Đình Địa chỉ: Ngõ 420 Khương Đình-Thanh Xuân (Khu Ngã tư sở, gần đường… - 284315",0335649789,https://phongtro123.com/images/thumb_default.svg,https://phongtro123.com/tinh-thanh/ha-noi/cho-thue-phong-tro-ngo-420-khuong-dinh-thanh-xuan-25m2.html,phongtro123.com,2026-07-05T15:12:21.032906+00:00,3.0,25.0,Khương Đình,can_ho_mini,0,1,0,0,0,0,0,0,0,0,1,0.12
"Cho thuê phòng dạng căn hộ studio như hình, có thang máy chỉ 3tr4",3400000,28.0,"2C ngõ 583 Đường Khương Hạ Mới, Phường Khương Đình, Hà Nội","Nhà Mình có phòng dạng căn hộ studio như hình ( ảnh thật của phòng) , đầy đủ đồ: Điều hòa, nóng lạnh, giường… - 595096",0877795889,https://pt123.cdn.static123.com/images/thumbs/450x300/fit/2022/01/11/z3082404138423-2498eea8d53892ee9d2039c2939b2879_1641886944.jpg,https://phongtro123.com/cho-thue-phong-dang-can-ho-studio-nhu-hinh-co-thang-may-chi-3tr5-pr595096.html,phongtro123.com,2026-07-05T15:12:21.032906+00:00,3.4,28.0,Khương Đình,can_ho_mini,1,0,0,1,0,0,0,1,0,1,4,0.1214285714285714
"Phòng trọ tại Bùi Xương Trạch nhà mới đầy đủ tiện nghi, khép kín cho gia đình sinh viên, phòng có gác xép rộng 26m",2800000,26.0,"6 ngách 9 ngõ 77 bùi xương trach thanh xuân Đường Bùi Xương Trạch, Phường Khương Đình, Hà Nội",Nhà mới xây đầy đủ tiện nghi khép kín bếp đun vệ sinh riêng biệt ban công phơi quần áo điều hoà nóng lạnh tủ … - 300500,0971161975,https://pt123.cdn.static123.com/images/thumbs/450x300/fit/2020/03/25/20190520-104730-1584350686_1585126182.jpg,https://phongtro123.com/tinh-thanh/ha-noi/phong-tro-tai-bui-xuong-trach-nha-moi-day-du-tien-nghi-khep-kin-cho-gia-dinh-sinh-vien-phong-co-gac-xep-rong-26m.html,phongtro123.com,2026-07-05T15:12:21.032906+00:00,2.8,26.0,Khương Đình,phong_tro,1,1,1,0,0,1,0,1,0,0,5,0.1076923076923076
Chính chủ cho thuê phòng trọ giá rẻ Hoàng Văn Thái chỉ từ 1 triệu/th,1200000,13.0,"71/56 Đường Hoàng Văn Thái, Phường Khương Đình, Hà Nội",Phòng tầng 1. 1.200.000/tháng vệ sinh chung. 1.400.000/ tháng vệ sinh chung. Tầng 2. 2.200.000/ tháng khép kín. Tầng… - 595070,0985368506,https://pt123.cdn.static123.com/images/thumbs/450x300/fit/2021/12/29/1fe05b2b818063de3a91_1640766750.jpg,https://phongtro123.com/chinh-chu-cho-thue-phong-tro-gia-re-hoang-van-thai-chi-tu-1-trieu-th-pr595070.html,phongtro123.com,2026-07-05T15:12:21.032906+00:00,1.2,13.0,Khương Đình,phong_tro,0,1,0,0,0,0,0,0,0,0,1,0.0923076923076923
Mình cần nhượng lại 1 căn CCMN gần Royal City - Ngã Tư Sở,4500000,25.0,"Ngõ 109 Phố Quan Nhân, Phường Thanh Xuân, Hà Nội","CHÍNH CHỦ CHO THUÊ CCMN tại ngõ 109 Quan Nhân - Thanh Xuân Full: Giường, tủ quần áo, điều hoà, nóng lạnh, tủ bếp,… - 594961",0369766176,https://pt123.cdn.static123.com/images/thumbs/450x300/fit/2021/12/27/a3f2924fe59b2fc5768a_1640581115.jpg,https://phongtro123.com/minh-can-nhuong-lai-1-can-ccmn-gan-royal-city-nga-tu-so-pr594961.html,phongtro123.com,2026-07-05T15:12:21.032906+00:00,4.5,25.0,Thanh Xuân,can_ho_mini,1,0,0,0,0,0,0,1,0,0,2,0.18
Cho Thuê Phòng Trọ KV Ngã Tư Sở( Khương Đình),3000000,25.0,Hà Nội,"CCMN khép kín - Khương Đình - Liên hệ: 0988367162. Địa chỉ: Số 8B/24 ngõ 420 Khương Đình - Thanh Xuân (khu Ngã Tư Sở,… - 285465",0988367162,https://pt123.cdn.static123.com/images/thumbs/450x300/fit/2021/10/27/z2059618736998-0d67fb44f7f7877a9d039ebf50dab04b_1635299071.jpg,https://phongtro123.com/tinh-thanh/ha-noi/cho-thue-phong-tro-kv-nga-tu-so-khuong-dinh.html,phongtro123.com,2026-07-05T15:12:21.032906+00:00,3.0,25.0,unknown,can_ho_mini,0,1,0,0,0,0,0,0,0,0,1,0.12
cho thuê phòng trọ ở nguyễn xiển thanh xuân hà nội,3300000,20.0,"286 Đường Nguyễn Xiển, Phường Thanh Xuân, Hà Nội","CHÍNH CHỦ cho thuê phòng trọ CCMN ở nguyễnxiển thanhxuân Vị trí thuận tiện gần chợ gần các trường ĐH CNGTVT,… - 592831",0845281702,https://pt123.cdn.static123.com/images/thumbs/450x300/fit/2021/11/18/201-nha-16-gian-dan-1_1637208692.jpg,https://phongtro123.com/cho-thue-phong-tro-o-nguyen-xien-thanh-xuan-ha-noi-pr592831.html,phongtro123.com,2026-07-05T15:12:21.032906+00:00,3.3,20.0,Thanh Xuân,can_ho_mini,0,0,0,0,0,0,0,0,0,0,0,0.1649999999999999
Cho thuê phòng trọ ở triều khúc thanh xuân hà nội,3500000,25.0,"111 Đường Triều Khúc, Phường Thanh Xuân, Hà Nội",CHÍNH CHỦ cho thuê phòng trọ #CCMN ở #triềukhúc #nguyễnxiển #thanhxuân Vị trí thuận tiện gần chợ gần các trường… - 592830,0845281702,https://pt123.cdn.static123.com/images/thumbs/450x300/fit/2021/11/18/z2935506593457-6520bcbedc4dd3bb491338e7083fe44f_1637208547.jpg,https://phongtro123.com/cho-thue-phong-tro-o-trieu-khuc-thanh-xuan-ha-noi-pr592830.html,phongtro123.com,2026-07-05T15:12:21.032906+00:00,3.5,25.0,Thanh Xuân,can_ho_mini,0,0,0,0,0,0,0,0,0,0,0,0.14
"cho thuê phòng trọ, CCMN FULL đồ ở 66 triều khúc thanh xuân hà nội",3000000,30.0,"66 Đường Triều Khúc, Phường Thanh Xuân, Hà Nội","CHÍNH CHỦ cho thuê phòng trọ CCMN ở 66 triều khúc, thanh xuân Vị trí thuận tiện gần chợ gần các trường ĐH CNGTVT,… - 593393",0845281702,https://pt123.cdn.static123.com/images/thumbs/450x300/fit/2021/11/27/z2864745062893-afb798563b79b1e5c5e2f2af65d88478_1637982845.jpg,https://phongtro123.com/cho-thue-phong-tro-ccmn-full-do-o-66-trieu-khuc-thanh-xuan-ha-noi-pr593393.html,phongtro123.com,2026-07-05T15:12:21.032906+00:00,3.0,30.0,Thanh Xuân,can_ho_mini,0,0,0,0,1,0,0,0,0,0,1,0.1
Cho thuê phòng trọ ngõ 230 Định Công hạ số nhà 113,1500000,18.0,"Ngõ 230 Định Công hạ số nhà 113, Phường Khương Đình, Hà Nội","Địa chỉ: Số nhà 113 ngõ 230 Định Công hạ Quận Thanh Xuân, Hà Nội 1tr5. Đến 2tr5 triệu/tháng 18m2. Trong phòng có… - 594180",0374118463,https://pt123.cdn.static123.com/images/thumbs/450x300/fit/2021/12/10/screenshot-20211210-181641_1639135464.jpg,https://phongtro123.com/cho-thue-phong-tro-ngo-230-dinh-cong-ha-so-nha-113-pr594180.html,phongtro123.com,2026-07-05T15:12:21.032906+00:00,1.5,18.0,Khương Đình,phong_tro,0,0,0,0,0,0,0,0,0,0,0,0.0833333333333333
"Cho thuê phòng trọ, CCMN FULL đồ ở 300 Nguyễn Xiển Thanh Xuân Hà Nội",3300000,25.0,"300 Đường Nguyễn Xiển, Phường Thanh Xuân, Hà Nội","CHÍNH CHỦ cho thuê phòng trọ CCMN ở 300 nguyễnxiển thanhxuân Vị trí thuận tiện gần chợ gần các trường ĐH CNGTVT,… - 593395",0845281702,https://pt123.cdn.static123.com/images/thumbs/450x300/fit/2021/11/27/2_1637982977.jpg,https://phongtro123.com/cho-thue-phong-tro-ccmn-full-do-o-300-nguyen-xien-thanh-xuan-ha-noi-pr593395.html,phongtro123.com,2026-07-05T15:12:21.032906+00:00,3.3,25.0,Thanh Xuân,can_ho_mini,0,0,0,0,1,0,0,0,0,0,1,0.132
"Phòng trọ Khương Trung không chung chủ, điện nước giá dân",1800000,18.0,"Đường Khương Trung, Phường Khương Đình, Hà Nội","PHÒNG TRỌ NGÕ 250 KHƯƠNG TRUNG, GẦN NGÃ TƯ SỞ, KHÔNG CHUNG CHỦ, ĐIỆN NƯỚC GIÁ DÂN Mình còn 1 phòng trọ tại ngõ 250… - 593751",0582743353,https://pt123.cdn.static123.com/images/thumbs/450x300/fit/2021/12/03/a1_1638503976.jpg,https://phongtro123.com/phong-tro-khuong-trung-khong-chung-chu-dien-nuoc-gia-dan-pr593751.html,phongtro123.com,2026-07-05T15:12:21.032906+00:00,1.8,18.0,Khương Đình,phong_tro,0,0,0,0,0,0,0,0,0,0,0,0.1
"Cho thuê nhà trọ tại số 2 ngõ 320 phố Định Công, Hà Nội gần ĐH Kinh Tế, ĐH Xây Dựng, ĐH Bách Khoa",3400000,54.0,"số 2 ngõ 320 Đường Định Công, Phường Phương Liệt, Hà Nội","Gia đình tôi có căn nhà cấp 4 số 2 ngõ 320 Định Công, cần cho gia đình hoặc sinh viên thuê. Diện tích nhà + sân,… - 278934",0829907192,https://pt123.cdn.static123.com/images/thumbs/450x300/fit/2021/11/30/nha-2_1638264934.jpg,https://phongtro123.com/tinh-thanh/ha-noi/cho-thue-nha-tro-tai-so-2-ngo-320-pho-dinh-cong-ha-noi-gan-dh-kinh-te-dh-xay-dung-dh-bach-khoa.html,phongtro123.com,2026-07-05T15:12:21.032906+00:00,3.4,54.0,Phương Liệt,phong_tro,0,0,0,0,0,0,0,0,0,0,0,0.0629629629629629
Cho thuê phòng trọ tại Nguyễn Quý Đức giá thuê 2tr7/tháng rộng 20m2,2700000,20.0,"số 8 Đường Nguyễn Quý Đức, Phường Thanh Xuân, Hà Nội","Cho thuê phòng trọ khép kín tầng 2 hoặc tầng 3 gần các trường ĐH KHXH-NV, Tự nhiên, Hà Nội, Công nghệ Giao thông… - 593430",0352516102,https://pt123.cdn.static123.com/images/thumbs/450x300/fit/2021/11/27/244688314-262645002292196-2733965634864651576-n_1638010018.jpg,https://phongtro123.com/cho-thue-phong-tro-nguyen-quy-duc-pr593430.html,phongtro123.com,2026-07-05T15:12:23.913091+00:00,2.7,20.0,Thanh Xuân,phong_tro,0,1,0,0,0,0,0,0,0,0,1,0.135
"Phòng full đồ 312 Đường Kim Giang, Phường Kim Giang, Quận Thanh Xuân",2600000,30.0,"312 Đường Kim Giang, Phường Khương Đình, Hà Nội","- Đồ đạc như hình gồm: kệ bếp nấu nướng, giường tủ, điều hoà, nóng lạnh…. - 1 phòng ngủ, wc khép kín, bếp… - 593315",0778282729,https://phongtro123.com/images/thumb_default.svg,https://phongtro123.com/phong-full-do-kim-giang-thanh-xuan-pr593315.html,phongtro123.com,2026-07-05T15:12:23.913091+00:00,2.6,30.0,Khương Đình,phong_tro,1,1,0,0,1,0,0,1,0,0,4,0.0866666666666666
Cho thuê 1 ngủ 1 khách FULL đồ ở 111 triều khúc thanh xuân hà nội,4800000,40.0,"111 Đường Triều Khúc, Phường Thanh Xuân, Hà Nội",CHÍNH CHỦ cho thuê phòng trọ CCMN 1 ngủ 1 khách ở 111 triều khúc thông 286 nguyễn xiển thanh xuân Vị trí thuận tiện… - 593306,0845281702,https://pt123.cdn.static123.com/images/thumbs/450x300/fit/2021/11/25/z2417934892647-a77a963fb85ba02a1cf5fb0e7419238a_1637828155.jpg,https://phongtro123.com/cho-thue-1-ngu-1-khach-full-do-o-111-trieu-khuc-thanh-xuan-ha-noi-pr593306.html,phongtro123.com,2026-07-05T15:12:23.913091+00:00,4.8,40.0,Thanh Xuân,can_ho_mini,0,0,0,0,1,0,0,0,0,0,1,0.12
"Phòng trọ full nội thất tại 111 Triều Khúc, Phường Thanh Xuân Nam, Quận Thanh Xuân",3700000,35.0,"111 Đường Triều Khúc, Phường Thanh Xuân, Hà Nội","- Đồ đạc như hình gồm: Bếp nấu nướng, kệ bát sạch sẽ, giường tủ, điều hoà, nóng lạnh…. - 1 phòng ngủ, wc… - 593132",0778282729,https://pt123.cdn.static123.com/images/thumbs/450x300/fit/2021/11/22/1_1637594074.jpg,https://phongtro123.com/phong-full-do-trieu-khuc-thanh-xuan-pr593132.html,phongtro123.com,2026-07-05T15:12:23.913091+00:00,3.7,35.0,Thanh Xuân,phong_tro,1,0,0,0,1,0,0,1,0,0,3,0.1057142857142857
Cho thuê phòng giá rẻ 1.4tr ở chính kinh,1400000,10.0,"Số 25 ngõ 90 Phố Chính Kinh, Phường Thanh Xuân, Hà Nội","Cho thuê phòng 1tr4/tháng, 1tr5, 1tr7 gần ngã tư Sở Phòng 12m2. Địa chỉ: số ngõ 90 phố Chính Kinh, Thanh Xuân. Phòng… - 583618",0852954283,https://pt123.cdn.static123.com/images/thumbs/450x300/fit/2021/03/07/6f681eff-9290-47ca-8449-266413eab049_1615102760.jpg,https://phongtro123.com/cho-thue-phong-gia-re-1-4tr-o-chinh-kinh-pr583618.html,phongtro123.com,2026-07-05T15:12:23.913091+00:00,1.4,10.0,Thanh Xuân,phong_tro,0,0,0,0,0,0,0,0,0,0,0,0.1399999999999999
"E còn duy nhất 1 phòng có ban công ở 73 Đường Kim Giang, Phường Kim Giang, Quận Thanh Xuân",3500000,20.0,"73 Đường Kim Giang, Phường Khương Đình, Hà Nội","Tại ngõ 250 73 Đường Kim Giang, Phường Kim Giang, Quận Thanh Xuân Có phòng siêu xịn sò, có gác xép Nội thất đầy… - 592485",0941599657,https://pt123.cdn.static123.com/images/thumbs/450x300/fit/2021/11/12/received-321378002740865_1636718812.jpg,https://phongtro123.com/e-con-duy-nhat-1-phong-co-ban-cong-o-kim-giang-pr592485.html,phongtro123.com,2026-07-05T15:12:23.913091+00:00,3.5,20.0,Khương Đình,phong_tro,0,0,1,0,0,1,0,0,0,0,2,0.175
"Cho thuê phòng trọ đầy đủ nội thất giường, tủ, bàn ghế, nóng lạnh điều hòa, máy giặt, intenet. Giá 2.5tr/tháng",2500000,20.0,"Đường Kim Giang, Phường Khương Đình, Hà Nội","Mình mới setup xong căn nhà 4 tầng 6 phòng ngủ.Nhà đẹp lung linh đầy đủ nội thất nóng lạnh, điều hòa, máy giặt,… - 293721",0961643556,https://pt123.cdn.static123.com/images/thumbs/450x300/fit/2019/12/25/4f27cf8fbc0e45501c1f_1577269901.jpg,https://phongtro123.com/tinh-thanh/ha-noi/cho-thue-phong-tro-day-du-noi-that-giuong-tu-ban-ghe-nong-lanh-dieu-hoa-may-giat-intenet-gia-2-5tr-thang.html,phongtro123.com,2026-07-05T15:12:23.913091+00:00,2.5,20.0,Khương Đình,phong_tro,1,0,0,0,1,0,1,1,0,0,4,0.125
"Cho nữ thuê phòng trọ chính chủ tại Phố Chính Kinh, Phường Nhân Chính, Quận Thanh Xuân",2500000,22.0,"Phố Chính Kinh, Phường Thanh Xuân, Hà Nội","Có 1 phòng tầng 3 đủ đồ, giường, tủ, bàn ghế, tủ lạnh, máy giặt nóng lạnh Nấu ăn riêng ngoài ban công thoáng… - 592001",0984100255,https://pt123.cdn.static123.com/images/thumbs/450x300/fit/2021/11/04/248006050-1204669793375717-290164318736378007-n_1636014992.jpg,https://phongtro123.com/cho-nu-thue-phong-tro-chinh-chu-2-pr592001.html,phongtro123.com,2026-07-05T15:12:23.913091+00:00,2.5,22.0,Thanh Xuân,phong_tro,0,0,1,0,0,0,1,1,0,0,3,0.1136363636363636
"Cho thuê phòng trọ đầy đủ tiện nghi, diện tích 25m2, giá rẻ tại Số 2 ngõ 144/2 Quan Nhân, Thanh Xuân, Hà Nội",4200000,25.0,"Số 2 ngõ 144/2 Phố Quan Nhân, Phường Thanh Xuân, Hà Nội","PHÒNG Ở GIÁ RẺ Địa chỉ: Số 2 ngõ 144/2 Quan Nhân,Thanh Xuân,Hà Nội Đầy đủ tiện nghi Gường,điều hòa,nóng… - 591983",0335639606,https://pt123.cdn.static123.com/images/thumbs/450x300/fit/2021/11/04/188367075-3696139637158140-3505715050348171673-n_1635998909.jpg,https://phongtro123.com/cho-thue-phong-tro-gia-re-tai-thanh-xuan-ha-noi-pr591983.html,phongtro123.com,2026-07-05T15:12:23.913091+00:00,4.2,25.0,Thanh Xuân,phong_tro,1,0,0,0,0,0,0,0,0,0,1,0.168
"Phòng trọ full đồ ngã tư sở full đồ có cửa sổ 20m2 tại Ngõ 97 Phố Chính Kinh, Phường Nhân Chính, Quận Thanh Xuân",3200000,20.0,"Ngõ 97 Phố Chính Kinh, Phường Thanh Xuân, Hà Nội","Phòng full đồ 97 Chính Kinh cách mặt đường Nguyễn Trãi 80m, NTS 500m Đầy đủ đồ cơ bản: Điều hòa, nóng… - 591908",0396960963,https://pt123.cdn.static123.com/images/thumbs/450x300/fit/2021/11/02/01_1635866291.jpg,https://phongtro123.com/phong-tro-full-do-nga-tu-so-full-do-co-cua-so-20m2-pr591908.html,phongtro123.com,2026-07-05T15:12:23.913091+00:00,3.2,20.0,Thanh Xuân,phong_tro,1,0,0,0,1,0,0,0,0,0,2,0.16
"Cho Thuê Phòng Trọ Đẹp Mặt Phố Bùi Xương Trạch. Liên hệ cô Loan: 0989812516, miễn trung gian.",2500000,25.0,"Đường Bùi Xương Trạch, Phường Khương Đình, Hà Nội","Cho thuê phòng ở đẹp. an toàn, tại tầng 3 nhà mặt phố Bùi Xương Trạch Diện tích 25m2, đầy đủ giường tủ, bàn,… - 591801",0989812516,https://pt123.cdn.static123.com/images/thumbs/450x300/fit/2021/11/01/2_1635732450.jpg,https://phongtro123.com/cho-thue-phong-tro-dep-mat-pho-bui-xuong-trach-pr591801.html,phongtro123.com,2026-07-05T15:12:23.913091+00:00,2.5,25.0,Khương Đình,phong_tro,0,0,0,0,0,0,0,0,0,0,0,0.1
"Phòng 18m2, đủ điều hòa, nóng lạnh, đối diện hồ Đầm hồng, cạnh ngã tư sở chỉ 2.1 triệu",2100000,18.0,"số 39 đường Đầm hồng ngõ 93 Hoàng Văn Thái Đường Hoàng Văn Thái, Phường Phương Liệt, Hà Nội","Cho thuê phòng 18m2, cửa sổ thông thoáng Địa chỉ: số nhà 39, Hồ Đầm Hồng ngõ 93 Hoàng Văn Thái, Thanh Xuân Nhà… - 591705",0374720699,https://pt123.cdn.static123.com/images/thumbs/450x300/fit/2021/10/29/z2448213414952-d16160d7d2ad2b3e101e674eb2fbdf9d_1635478904.jpg,https://phongtro123.com/phong-18m2-du-dieu-hoa-nong-lanh-doi-dien-ho-dam-hong-canh-nga-tu-so-chi-2-1-trieu-pr591705.html,phongtro123.com,2026-07-05T15:12:23.913091+00:00,2.1,18.0,Phương Liệt,phong_tro,1,0,0,0,0,0,0,1,0,0,2,0.1166666666666666
Siêu phẩm CCMN mới tinh- phòng đơn- phòng 1khách 1ngủ đủ cả đồ sịn- Cùng nhau bóc tem thôi!,3600000,30.0,"Đường Kim Giang, Phường Khương Đình, Hà Nội",HÃY LÀ NGƯỜI ĐẦU TIÊN TRẢI NGHIỆM CẢM GIÁC “BÓC TEM” loạt phòng Cao Cấp- Phòng nào cũng có ban công-1 Khách 1… - 591424,0982037480,https://pt123.cdn.static123.com/images/thumbs/450x300/fit/2021/10/23/b576b245-3121-4765-8843-17356b4353e9_1634927001.jpg,https://phongtro123.com/sieu-pham-ccmn-moi-tinh-phong-don-phong-1khach-1ngu-du-ca-do-sin-cung-nhau-boc-tem-thoi-pr591424.html,phongtro123.com,2026-07-05T15:12:23.913091+00:00,3.6,30.0,Khương Đình,can_ho_mini,0,0,1,0,0,0,0,0,0,0,1,0.12
"Cho Thuê Tại Phùng Khoang 30m2 Đủ Đồ, Điện Giá Dân Giá Chỉ 2,7tr",2700000,30.0,"Phường Thanh Xuân, Hà Nội",Cho Thuê Phòng Tại Phùng Khoang- Nguyễn Trãi phòng mới tinh sạch sẽ. ----------------------------------------- Thiết kế… - 585670,0983549191,https://pt123.cdn.static123.com/images/thumbs/450x300/fit/2021/04/17/87153094-1797469590388126-8146784839970848768-o_1618626005.jpg,https://phongtro123.com/cho-thue-tai-phung-khoang-30m2-du-do-dien-gia-dan-gia-chi-2-7tr-pr585670.html,phongtro123.com,2026-07-05T15:12:23.914091+00:00,2.7,30.0,Thanh Xuân,phong_tro,0,0,0,0,0,0,0,0,0,0,0,0.09
Cho Thuê Phòng Trọ Chính Chủ tại Bùi Xương Trạch,2500000,25.0,"169 Đường Bùi Xương Trạch, Phường Khương Đình, Hà Nội","Cho thuê phòng ở đẹp. an toàn, tại tầng 3 nhà mặt phố Bùi Xương Trạch Diện tích 25m2, đầy đủ giường tủ, bàn,… - 591310",0974932902,https://pt123.cdn.static123.com/images/thumbs/450x300/fit/2021/10/20/96292d95-2d66-4f6e-b841-d5fe28bf7e45_1634718759.jpg,https://phongtro123.com/cho-thue-phong-tro-chinh-chu-tai-bui-xuong-trach-pr591310.html,phongtro123.com,2026-07-05T15:12:23.914091+00:00,2.5,25.0,Khương Đình,phong_tro,0,0,0,0,0,0,0,0,0,0,0,0.1
Phòng gác xép gần Ngã Tư Sở phố Chính Kinh 20m2 giá thuê 2tr8/tháng,2800000,20.0,"Ngõ 97 Phố Chính Kinh, Phường Thanh Xuân, Hà Nội",Nhà 1D ngõ 97 Chính Kinh - Gần Ngã Tư Sở mình còn 1p duy nhất đầy đủ đồ cơ bản Giá 2tr8/tháng Trang bị đầy… - 591136,0396960963,https://pt123.cdn.static123.com/images/thumbs/450x300/fit/2021/10/17/0_1634441376.jpg,https://phongtro123.com/phong-gac-xep-gan-nga-tu-so-pho-chinh-kinh-20m2-pr591136.html,phongtro123.com,2026-07-05T15:12:23.914091+00:00,2.8,20.0,Thanh Xuân,phong_tro,0,0,0,0,0,1,0,0,0,0,1,0.1399999999999999
Phòng đầy đủ ngõ 190 Nguyễn Trãi giá sinh viên ở không cần CỌC,4000000,25.0,"Đường Nguyễn Trãi, Phường Thanh Xuân, Hà Nội","Ở KHÔNG CẦN CỌC Phòng FULL đồ ở ngõ 190 Nguyễn Trãi gần Royal City - Ngã Tư Sở Gần các trường đại học KHTN,… - 591049",0396960963,https://pt123.cdn.static123.com/images/thumbs/450x300/fit/2021/10/15/z2560185231411-073e6aca1716576900f177c41fce991a_1634271351.jpg,https://phongtro123.com/phong-day-du-ngo-190-nguyen-trai-gia-sinh-vien-o-khong-can-coc-pr591049.html,phongtro123.com,2026-07-05T15:12:23.914091+00:00,4.0,25.0,Thanh Xuân,phong_tro,0,0,0,0,1,0,0,0,0,0,1,0.16
"Nguyễn Tuân cho thuê phòng trọ. Giá 2 triệu-3 triệu,có fix cho ai ở lâu dài. Chi tiết lh: 0984688556 gặp Chí",2000000,20.0,"Đường Nguyễn Tuân, Phường Thanh Xuân, Hà Nội","Mình còn 3 phòng cho thuê.phòng sạch sẽ đầy đủ giường tủ,điều hòa,máy giặt sân phơi quần áo,phòng vệ sinh 2… - 590977",0984688556,https://phongtro123.com/images/thumb_default.svg,https://phongtro123.com/nguyen-tuan-cho-thue-phong-tro-pr590977.html,phongtro123.com,2026-07-05T15:12:23.914091+00:00,2.0,20.0,Thanh Xuân,phong_tro,1,0,0,0,0,0,1,0,0,0,2,0.1
"CHO THUÊ PHÒNG GẦN KHƯƠNG TRUNG, GẦN HOÀNG VĂN THÁI, 20M, CÓ NÓNG LẠNH, CÓ BAN CÔNG.LH 086826726",2000000,20.0,"31 Đường Tân Hồng, Phường Khương Đình, Hà Nội","Chính chủ cho thuê phòng trọ 31 tân hồng, Khương Trung, Thanh Xuân. Gần Ngã tư sở gần nhiều trường Đại Học Ưu… - 315559",0868267026,https://pt123.cdn.static123.com/images/thumbs/450x300/fit/2021/10/12/244420481-560872695241580-964635951310649381-n_1634027686.jpg,https://phongtro123.com/cho-thue-phong-gan-khuog-trung-gan-hoang-van-thai-30m-co-nong-lanh-co-ban-cong-lh-086826726-pr315559.html,phongtro123.com,2026-07-05T15:12:23.914091+00:00,2.0,20.0,Khương Đình,phong_tro,0,0,1,0,0,0,0,1,0,0,2,0.1
Phòng VIP full đồ ngõ 190 Nguyễn Trãi có gác xép,4000000,25.0,"Ngõ 190 Đường Nguyễn Trãi, Phường Khương Đình, Hà Nội",[Hỗ trợ giảm giá lên đến 1tr6] ở không cần cọc Phòng FULL đồ ở ngõ 190 Nguyễn Trãi gần Royal City - Ngã Tư… - 590237,0396960963,https://pt123.cdn.static123.com/images/thumbs/450x300/fit/2021/09/18/00_1631948789.jpg,https://phongtro123.com/phong-vip-full-do-ngo-190-nguyen-trai-co-gac-xep-pr590237.html,phongtro123.com,2026-07-05T15:12:23.914091+00:00,4.0,25.0,Khương Đình,phong_tro,0,0,0,0,1,1,0,0,0,0,2,0.16
"CCMN Ngã Tư Sở mới xây, đầy đủ đồ, siêu đẹp còn 3 phòng trống từ 3tr2, 3tr4 và 3tr5/tháng",3200000,25.0,"Số nhà 7A, ngõ 213/29/17 Đường Giáp Nhất, Phường Thanh Xuân, Hà Nội","Hiện tại mình TRỐNG 3 phòng: 3TR2 - 3TR4 - 3TR5 . Điều hoà, Nóng lạnh, Giường tủ quần áo, có gác xép,máy giặt chung,… - 590469",0914855299,https://pt123.cdn.static123.com/images/thumbs/450x300/fit/2021/10/01/0c46e068-67cf-42ef-9115-813cb18d2291_1633103971.jpg,https://phongtro123.com/ccmn-nga-4-so-moi-xay-du-do-sieu-dep-4-pr590469.html,phongtro123.com,2026-07-05T15:12:25.997439+00:00,3.2,25.0,Thanh Xuân,can_ho_mini,1,0,0,0,0,1,1,1,0,0,4,0.128
CCMN 1n1k full đồ khép kín ở 111 triều khúc chính chủ cho thuê,5000000,45.0,"111 Đường Triều Khúc, Phường Thanh Xuân, Hà Nội","Gần các trường ĐH Thăng Long, ĐH Công nghệ GTVT, Chung cư Ecogreen Nguyễn Xiển CHÍNH CHỦ CHO THUÊ - Xem phòng không mất… - 590294",0829040088,https://pt123.cdn.static123.com/images/thumbs/450x300/fit/2021/09/24/z2417934842661-ffd8a10b4fb1117af5598cefe35a273f-copy_1632475845.jpg,https://phongtro123.com/ccmn-1n1k-full-do-khep-kin-o-111-trieu-khuc-chinh-chu-cho-thue-pr590294.html,phongtro123.com,2026-07-05T15:12:25.997439+00:00,5.0,45.0,Thanh Xuân,can_ho_mini,0,1,0,0,1,0,0,0,0,0,2,0.1111111111111111
"Cho thuê phòng trong chung cư mini 6 tầng tiện ích đầy đủ tại Số 50 ngõ 53 Phố Quan Nhân, Quận Thanh Xuân",3500000,22.0,"Số 50 ngõ 53 Phố Quan Nhân, Phường Thanh Xuân, Hà Nội","Còn vài phòng cho thuê tại ngõ 53 Quan Nhân. - Phòng thoáng mát có ban công riêng, không đi chung chủ, khoá vân tay - full… - 589859",0846248333,https://pt123.cdn.static123.com/images/thumbs/450x300/fit/2021/07/19/212845505-3875266289250145-2753007370823055084-n_1626664677.jpg,https://phongtro123.com/cho-thue-phong-trong-chung-cu-mini-6-tang-tien-ich-day-du-pr589859.html,phongtro123.com,2026-07-05T15:12:25.997439+00:00,3.5,22.0,Thanh Xuân,can_ho_mini,0,0,1,0,0,0,0,0,0,0,1,0.1590909090909091
"Phòng trọ Số 5 ngõ 128 Vũ Trọng Phụng- Thanh Xuân. Đầy đủ nội thất chung, nội thất phòng",4800000,35.0,"5 Đường Vũ Trọng Phụng, Phường Thanh Xuân, Hà Nội",Điện: 4.0k/số Nước: 100k/ng Mạng 50k trên người Nội thất chung đầy đủ Nội thất phòng đầy đủ Giá… - 589775,0917189905,https://pt123.cdn.static123.com/images/thumbs/450x300/fit/2021/07/14/z2336875101029-61fff55b5cad5cb5f39eb1a7b04a1a73_1626270224.jpg,https://phongtro123.com/phong-tro-so-5-ngo-128-vu-trong-phung-thanh-xuan-day-du-noi-that-chung-noi-that-phong-pr589775.html,phongtro123.com,2026-07-05T15:12:25.997439+00:00,4.8,35.0,Thanh Xuân,phong_tro,0,0,0,0,1,0,0,0,1,0,2,0.1371428571428571
"CHÍNH CHỦ CHO THUÊ PHÒNG ĐỦ ĐỔ KHÉP KÍN, Ô TÔ ĐỖ CỬA 2.6TR",2500000,18.0,"126a/509 Phố Vũ Tông Phan, Phường Khương Đình, Hà Nội","Phòng khép kín đủ đồ giá 2,6tr Mình có phòng vệ sinh khép kín có đủ đồ: điều hòa, nóng lạnh, giường, máy… - 586311",0978990985,https://pt123.cdn.static123.com/images/thumbs/450x300/fit/2021/04/24/z2452225430981-19befb3be779923d996c816b5feb27c9_1619250116.jpg,https://phongtro123.com/chinh-chu-cho-thue-phong-du-do-khep-kin-o-to-do-cua-2-6tr-pr586311.html,phongtro123.com,2026-07-05T15:12:25.997439+00:00,2.5,18.0,Khương Đình,phong_tro,1,1,0,0,0,0,0,1,0,0,3,0.1388888888888889
"CHÍNH CHỦ CHO THUÊ CHUNG CƯ MINI KHÉP KÍN ĐỦ ĐỒ, THANG MÁY 3.9tr",3900000,30.0,"Số 2c ngõ 583 Phố Vũ Tông Phan, Phường Khương Đình, Hà Nội","CÒN 1 PHÒNG TRONG NHÀ 7 TẦNG THANG MÁY GIÁ 3.9tr CCMN 30m2 full đồ, thang máy, mặt ngõ 2 ô tô đỗ số 2c ngõ 583 Vũ Tông… - 304895",0978990985,https://pt123.cdn.static123.com/images/thumbs/450x300/fit/2021/04/09/z2296996015209-2b37d8c5356f5eb01b2754c37f57ae87_1617956400.jpg,https://phongtro123.com/chinh-chu-cho-thue-chung-cu-mini-khep-kin-du-do-thang-may-nga-tu-so-pr304895.html,phongtro123.com,2026-07-05T15:12:25.997439+00:00,3.9,30.0,Khương Đình,can_ho_mini,0,1,0,1,1,0,0,0,0,1,4,0.13
CHO THUÊ PHÒNG CCMN 45M2 1KHÁCH BẾP+ 1 NGỦ NGAY NGÃ TƯ SỞ 4.3TR,4200000,45.0,"16/183 Đường Hoàng Văn Thái, Phường Khương Đình, Hà Nội","Mình có 1 Phòng CCMN 45m2 bếp riêng, ngủ riêng full đồ, đẹp tiện nghi ( video và hình thật của phòng). Đầy đủ… - 586310",0978990985,https://pt123.cdn.static123.com/images/thumbs/450x300/fit/2021/04/24/124750b77dd98587dcc8_1619249027.jpg,https://phongtro123.com/cho-thue-phong-ccmn-30m2-1khach-bep-1-ngu-ngay-nga-tu-so-3-6tr-pr586310.html,phongtro123.com,2026-07-05T15:12:25.997439+00:00,4.2,45.0,Khương Đình,can_ho_mini,0,0,0,0,1,0,0,0,0,0,1,0.0933333333333333
"Cho thuê phòng ban công, View đẹp, nội thất đầy đủ tại ngã tư sở chỉ từ 2.1 triệu/tháng",2400000,30.0,"39 ngõ 93 Đường Hoàng Văn Thái, Phường Phương Liệt, Hà Nội","Hiện tại còn 2 phòng cho thuê tại số số 39 đường Đầm Hồng ngõ 93 Hoàng Văn Thái cạnh ngã tư sở, Lê Trọng… - 289953",0374720699,https://pt123.cdn.static123.com/images/thumbs/450x300/fit/2019/10/22/2fbabd4e427aa424fd6b_1571716045.jpg,https://phongtro123.com/tinh-thanh/ha-noi/cho-thue-phong-ban-cong-view-depnoi-that-day-du-tai-nga-tu-so-gia-chi-tu-24-trieu-thang.html,phongtro123.com,2026-07-05T15:12:25.997439+00:00,2.4,30.0,Phương Liệt,phong_tro,0,0,1,0,1,0,0,0,0,0,2,0.08
"Phòng trọ an toàn tại ngõ 262 Khương Đình, Hạ Đình, Thanh Xuân",2200000,17.0,"262 Đường Khương Đình, Phường Khương Đình, Hà Nội","Địa chỉ: Trong ngõ 262 Khương Đình, Hạ Đình, Thanh Xuân, Hà Nội SĐT liên hệ: 098.410.4721 (Chú Tuyên - chính chủ)** -… - 589387",0934623810,https://pt123.cdn.static123.com/images/thumbs/450x300/fit/2021/06/29/1_1624968836.jpg,https://phongtro123.com/phong-tro-an-toan-khuong-dinh-thanh-xuan-pr589387.html,phongtro123.com,2026-07-05T15:12:25.997439+00:00,2.2,17.0,Khương Đình,phong_tro,0,0,0,0,0,0,0,0,0,0,0,0.1294117647058823
Cho thuê phòng chung cư mini đầy đủ đồ trong tòa nhà mới hoàn thiện ngay đầu Lê Văn Lương,3000000,30.0,"6 ngõ 1 Phố Lê Văn Thiêm, Phường Thanh Xuân, Hà Nội",MÌNH CÓ 1 TÒA CHUNG CƯ MINI MỚI HOÀN THIỆN TẠI 6 NGÕ 1 LÊ VĂN THIÊM ( ĐỐI DIỆN SEN HOTEL- NGAY CHỖ NGÃ TƯ GIAO VỚI LÊ… - 589120,0978990985,https://pt123.cdn.static123.com/images/thumbs/450x300/fit/2021/06/22/z2559770102056-c8716a10a45deebc68613ff1069863f3_1624362566.jpg,https://phongtro123.com/cho-thue-phong-chung-cu-mini-day-du-do-trong-toa-nha-moi-hoan-thien-ngay-dau-le-van-luong-pr589120.html,phongtro123.com,2026-07-05T15:12:25.998603+00:00,3.0,30.0,Thanh Xuân,can_ho_mini,0,0,0,0,0,0,0,0,0,0,0,0.1
"Chính chủ cho thuê nhà trọ tại Tô Vĩnh Diện, Khương Trung, Thanh Xuân",3000000,20.0,"Số 47/86/16 Đường Tô Vĩnh Diện, Phường Khương Đình, Hà Nội","Chính chủ cho thuê nhà trọ 20m2, có gác xép, vệ sinh và bếp khép kín, có lối đi riêng, nhà 2 mặt ngõ ở Tô Vĩnh… - 589044",0904636268,https://phongtro123.com/images/thumb_default.svg,https://phongtro123.com/chinh-chu-cho-thue-nha-tro-tai-to-vinh-dien-khuong-trung-thanh-xuan-pr589044.html,phongtro123.com,2026-07-05T15:12:25.998603+00:00,3.0,20.0,Khương Đình,phong_tro,0,1,0,0,0,1,0,0,0,0,2,0.15
"Cho thuê phòng trong nhà 5 tầng Ngõ 295 Bùi Xương Trạch 2,5 triệu/tháng",2500000,20.0,"29/295 Đường Bùi Xương Trạch, Phường Khương Đình, Hà Nội","Cần cho thuê phòng trong nhà 5 tầng tại phố Bùi Xương Trạch Phường Khương Đình, Quận Thanh Xuân, Hà Nội Còn 2… - 304665",0945931616,https://phongtro123.com/images/thumb_default.svg,https://phongtro123.com/cho-thue-phong-trong-nha-5-tang-ngo-295-bui-xuong-trach-2-5trieu-thang-pr304665.html,phongtro123.com,2026-07-05T15:12:25.998603+00:00,2.5,20.0,Khương Đình,phong_tro,0,0,0,0,0,0,0,0,0,0,0,0.125
"CC cho thuê phòng gần HV Mật Mã, full đồ, khép kín, có ban công",3200000,27.0,"18N04 Đường Triều Khúc, Phường Thanh Xuân, Hà Nội","Chính chủ cho thuê phòng, CCMN trong tòa nhà 5 tầng mới 100% ngay 66A TRIỀU KHÚC, Văn Quán, Hà Đông ***Vị trí: - Gần… - 588819",0583287962,https://pt123.cdn.static123.com/images/thumbs/450x300/fit/2021/06/14/b72e357f6e629b3cc27313_1623664400.jpg,https://phongtro123.com/cc-cho-thue-phong-gan-hv-mat-ma-full-do-khep-kin-co-ban-cong-pr588819.html,phongtro123.com,2026-07-05T15:12:25.998603+00:00,3.2,27.0,Thanh Xuân,can_ho_mini,0,1,1,0,1,0,0,0,0,0,3,0.1185185185185185
"Phòng trọ cho thuê khu vực 4 Khương Trung, Phường Khương Trung, Quận Thanh Xuân ngay Ngã Tư Sở",2000000,13.0,"4 Đường Khương Trung, Phường Khương Đình, Hà Nội","Mình có 1 phòng cho thuê ở khu vực Ngã tư Sở, + Diện tích 13 m2 giá 2 triệu/tháng + Tiền nước: 25k/số; Điện:… - 588540",0866059157,https://pt123.cdn.static123.com/images/thumbs/450x300/fit/2021/06/06/b577dd51-11a5-46cc-b96b-6f1038a7be91_1622957719.jpg,https://phongtro123.com/phong-tro-cho-thue-khu-vuc-nga-tu-so-pr588540.html,phongtro123.com,2026-07-05T15:12:25.998603+00:00,2.0,13.0,Khương Đình,phong_tro,0,0,0,0,0,0,0,0,0,0,0,0.1538461538461538
CCMN Khép Kín Full Đồ tại Nguyễn Xiển - Thanh Xuân,5500000,30.0,"75 Đường Nguyễn Xiển, Phường Khương Đình, Hà Nội","CHO THUÊ CCMN 1k1n VỪA HOÀN THIỆN. Ngoài ra còn có phòng đơn gác xép, phòng 2n2wc. - Vị trí: 75 Nguyễn Xiển, ngay… - 588448",0343020788,https://pt123.cdn.static123.com/images/thumbs/450x300/fit/2021/06/03/1_1622695640.jpg,https://phongtro123.com/ccmn-khep-kin-full-do-tai-nguyen-xien-thanh-xuan-pr588448.html,phongtro123.com,2026-07-05T15:12:25.998603+00:00,5.5,30.0,Khương Đình,can_ho_mini,0,1,0,0,1,1,0,0,0,0,3,0.1833333333333333
"Phòng 55m2 Quận Thanh Xuân, khu văn phòng và nhiều tiện ích. Liên hệ xem phòng: 0848063777",6000000,55.0,"18 ngõ 90 Phố Ngụy Như Kon Tum, Phường Thanh Xuân, Hà Nội","Cho thuê văn phòng tại số 18 ngõ 90 Nguỵ Như Kon Tum Diện tích 55m2 gồm 1 phòng khách, 2 phòng ngủ, 1 wc. 2 điều hoà,… - 588638",0848063777,https://pt123.cdn.static123.com/images/thumbs/450x300/fit/2021/06/09/z2542118565012-e7047de43fae718a8d8a73352dbac82b_1623227874.jpg,https://phongtro123.com/phong-55m2-quan-thanh-xuan-khu-van-phong-va-nhieu-tien-ich-pr588638.html,phongtro123.com,2026-07-05T15:12:25.998603+00:00,6.0,55.0,Thanh Xuân,phong_tro,1,0,0,0,0,0,0,0,0,0,1,0.109090909090909
"Phòng khép kín, full đồ, không chung chủ ngõ 192 Lê Trọng Tấn giá 2.6 triệu",2600000,22.0,"192/236 Phố Lê Trọng Tấn, Phường Phương Liệt, Hà Nội","- Phòng 22m2 vệ sinh khép kín, không chung chủ, tầng 1 để xe free, gần đường chính, ô tô đỗ cửa nhà. - Bán kính… - 588597",0989411098,https://pt123.cdn.static123.com/images/thumbs/450x300/fit/2021/06/08/z2338532501640-62b967cc8ac3ee0a81c441042a15172d_1623131367.jpg,https://phongtro123.com/phong-khep-kin-full-do-khong-chung-chu-ngo-192-le-trong-tan-gia-2-6-trieu-pr588597.html,phongtro123.com,2026-07-05T15:12:25.998603+00:00,2.6,22.0,Phương Liệt,phong_tro,0,1,0,0,1,0,0,0,0,1,3,0.1181818181818181
Căn Hộ Mini 30m2 Full Nội Thất Cao Cấp Đối Diện Royal City-Chính Chủ Có Thể Ở Ngay,4000000,30.0,"ngõ 181 Đường Nguyễn Trãi, Phường Khương Đình, Hà Nội","Chính chủ còn phòng trong tòa CCMN 5 Tầng Địa chỉ:Ngõ 181 Nguyễn Trãi,Cách ngã tư sở chỉ 300m Nhà mới xây Full nội… - 588590",0987216507,https://pt123.cdn.static123.com/images/thumbs/450x300/fit/2021/06/08/110314675-537643376959911-4757356166627047066-n_1623120000.jpg,https://phongtro123.com/can-ho-mini-30m2-full-noi-that-cao-cap-doi-dien-royal-city-chinh-chu-co-the-o-ngay-pr588590.html,phongtro123.com,2026-07-05T15:12:25.998603+00:00,4.0,30.0,Khương Đình,can_ho_mini,0,0,0,0,1,0,0,0,0,0,1,0.1333333333333333
Cho thuê căn hộ 30m ngõ 387 Vũ Tông Phan nhà liền kề mới xây,4000000,30.0,"Ngõ 387 Phố Vũ Tông Phan, Phường Khương Đình, Hà Nội","Cho thuê căn hộ khép kín diện tích 30m2 (1 căn hộ/tầng/6tầng), view thoáng mát, ngõ rộng ô tô đỗ cửa; cách đường… - 588546",0385166248,https://pt123.cdn.static123.com/images/thumbs/450x300/fit/2021/06/06/094b3e75-8be4-4946-a374-2b04432f2af2_1622963974.jpg,https://phongtro123.com/cho-thue-can-ho-30m-ngo-387-vu-tong-phan-nha-lien-ke-moi-xay-pr588546.html,phongtro123.com,2026-07-05T15:12:25.998603+00:00,4.0,30.0,Khương Đình,can_ho,0,1,0,0,0,0,0,0,0,0,1,0.1333333333333333
"Cho thuê CCMN Khép Kín Full Đồ tại ngõ 75 Nguyễn Xiển, Thanh Xuân phòng 30m2 giá thuê chỉ 3tr5/tháng",3600000,30.0,"ngõ 75 Đường Nguyễn Xiển, Phường Khương Đình, Hà Nội","CHO THUÊ CCMN 1k1n VỪA HOÀN THIỆN. Ngoài ra còn có phòng đơn gác xép, phòng 2n2wc. - Vị trí: 75 Nguyễn Xiển, ngay… - 587967",0343020788,https://pt123.cdn.static123.com/images/thumbs/450x300/fit/2021/05/24/z2485569336749-d1c891f25308ca888e67899d520d452b_1621836288.jpg,https://phongtro123.com/cho-thue-ccmn-khep-kin-full-do-tai-nguyen-xien-thanh-xuan-pr587967.html,phongtro123.com,2026-07-05T15:12:25.998603+00:00,3.6,30.0,Khương Đình,can_ho_mini,0,1,0,0,1,1,0,0,0,0,3,0.12
"Căn hộ mini chính chủ cho thuê rộng 30m2 gần Ngã Tư Sở, Giá chỉ từ 3tr-3tr5, diện tích từ 25-30m2",3000000,30.0,"04 Phố Vũ Tông Phan, Phường Khương Đình, Hà Nội",-CCMN CHÍNH CHỦ CÁCH NGÃ TƯ SỞ 500M -ĐC:Ngõ 481 Phố Vũ Tông Phan -Giá chỉ từ 3tr-3tr5 -Diện tích từ 25-30m2 cửa sổ… - 588376,0987216507,https://pt123.cdn.static123.com/images/thumbs/450x300/fit/2021/06/01/118579381-640374823254542-7015804052840208828-n_1622530784.jpg,https://phongtro123.com/ccmn-chinh-chu-30m2-full-do-gan-nga-tu-so-pr588376.html,phongtro123.com,2026-07-05T15:12:27.879581+00:00,3.0,30.0,Khương Đình,can_ho_mini,0,0,0,0,0,0,0,0,0,0,0,0.1
Tìm bạn nam sinh viên ở ghép để đỡ phí trọ tại nhà số 9 nghách 102 ngõ 192 Phố Lê Trọng Tấn,1300000,25.0,"nhà số 9 nghách 102 ngõ 192 Phố Lê Trọng Tấn, Phường Phương Liệt, Hà Nội","Mình đang TÌM BẠN 1 NAM Ở GHÉP ( phòng ở 2 người, mình sv neu) trong ngõ 192 lê trọng tấn , có điều hòa rộng 25m2,… - 588351",0849307289,https://pt123.cdn.static123.com/images/thumbs/450x300/fit/2021/06/01/d555995172cd8793dedc_1622487833.jpg,https://phongtro123.com/tim-ban-nam-sinh-vien-o-ghep-de-do-phi-pr588351.html,phongtro123.com,2026-07-05T15:12:27.879581+00:00,1.3,25.0,Phương Liệt,o_ghep,1,0,0,0,0,0,0,0,0,0,1,0.052
"Cho thuê phòng trong nhà 5 tầng tại 119 Bùi Xương Trạch. 25m2 - Giá 2tr không điều hoà, Giá 2,5tr có điều hoà",2000000,25.0,"119 Đường Bùi Xương Trạch, Phường Khương Đình, Hà Nội","Cho thuê phòng trong nhà 5 tầng tại 119 Bùi Xương Trạch, Thanh Xuân, Hà Nội. 25m2 - Giá 2tr không điều hoà - Giá… - 587882",0912344007,https://pt123.cdn.static123.com/images/thumbs/450x300/fit/2021/05/22/z2506470214917-6810316a5b53f0b94ddb67d23d9d4dad_1621680013.jpg,https://phongtro123.com/cho-thue-phong-trong-nha-5-tang-tai-119-bui-xu-o-ng-trach-pr587882.html,phongtro123.com,2026-07-05T15:12:27.879581+00:00,2.0,25.0,Khương Đình,phong_tro,1,0,0,0,0,0,0,0,0,0,1,0.08
"Cho thuê phòng có quạt hơi nước . Giá từ 1.3tr, tầng 2,,điện: 4k/ số, nước máy: 25k/khối",1300000,15.0,"115/1/623 Bùi xương trạch Thanh Xuân Hà Nội Đường Bùi Xương Trạch, Phường Khương Đình, Hà Nội",Cho thuê phòng trọ Mimi khép kín nhà tầng 2 ưu tiên ở một mình công trình phụ khép kín gần chợ gần trường học - 291268,0982064208,https://pt123.cdn.static123.com/images/thumbs/450x300/fit/2019/11/30/phong_1575105407.jpg,https://phongtro123.com/tinh-thanh/ha-noi/cho-thue-phong-tro-mimi-khep-kin-tang-4-gia-1300000.html,phongtro123.com,2026-07-05T15:12:27.879581+00:00,1.3,15.0,Khương Đình,phong_tro,0,1,0,0,0,0,0,0,0,0,1,0.0866666666666666
"Chính chủ cho thuê phòng khép kín ở ngõ 106 Nguyễn Ngọc Nại, giá 3,1 triệu/tháng",3100000,35.0,"Đường Nguyễn Ngọc Nại, Phường Phương Liệt, Hà Nội","  Chính chủ cho thuê phòng khép kín ở ngõ 106 Nguyễn Ngọc Nại, giá 3,2 triệu/tháng. Phòng rộng 35m2, có cữa sổ,có… - 136941",0945931616,https://phongtro123.com/images/thumb_default.svg,https://phongtro123.com/tinh-thanh/ha-noi/chinh-chu-cho-thue-phong-khep-kin-o-ngo-106-nguyen-ngoc-nai-gia-27-trieuthang-2.html,phongtro123.com,2026-07-05T15:12:27.879581+00:00,3.1,35.0,Phương Liệt,phong_tro,0,1,0,0,0,0,0,0,0,0,1,0.0885714285714285
"Chính chủ cho thuê phòng khép kín ở ngõ 106 Nguyễn Ngọc Nại. Giá 2,8 triệu/tháng",2800000,30.0,"24/106 Đường Nguyễn Ngọc Nại, Phường Phương Liệt, Hà Nội","Chính chủ cho thuê phòng khép kín ở ngõ 106 Nguyễn Ngọc Nại, giá 2,8 triệu/tháng. Phòng rộng 30m2, có cữa sổ, có… - 120978",0945931616,https://phongtro123.com/images/thumb_default.svg,https://phongtro123.com/tinh-thanh/ha-noi/chinh-chu-cho-thue-phong-khep-kin-o-ngo-106-nguyen-ngoc-nai-gia-27-trieuthang.html,phongtro123.com,2026-07-05T15:12:27.879581+00:00,2.8,30.0,Phương Liệt,phong_tro,0,1,0,0,0,0,0,0,0,0,1,0.0933333333333333
"Cho thuê 5/481 Vũ Tông Phan, full đồ, có điều hòa( 1,25tr/người)",1250000,25.0,"5/481 Phố Vũ Tông Phan, Phường Khương Đình, Hà Nội","Địa chỉ: Nhà số 5 ngõ 481 Vũ Tông Phan, Thanh Xuân, Hà Nội. Đi ra Ngã Tư Sở rất gần và thuận tiện. + Căn nhà nằm… - 310120",0916628786,https://pt123.cdn.static123.com/images/thumbs/450x300/fit/2020/09/02/1_1599024307.png,https://phongtro123.com/cho-thue-5-481-vu-tong-phan-full-do-co-dieu-hoa-1-25tr-nguoi-pr310120.html,phongtro123.com,2026-07-05T15:12:27.879581+00:00,1.25,25.0,Khương Đình,phong_tro,1,0,0,0,1,0,0,0,0,0,2,0.05
Cho thuê phòng trọ khép kín 14A Ngõ 212 Đường Khương Đình - Thanh Xuân,3000000,42.0,"14 Đường Khương Đình, Phường Khương Đình, Hà Nội","Cho thuê phòng trọ khép kín 42 mét vuông tại 14A Ngõ 212 Đường Khương Đình , Quận Thanh Xuân; không ở chung với chủ… - 587157",0904928869,https://phongtro123.com/images/thumb_default.svg,https://phongtro123.com/cho-thue-phong-tro-khep-kin-14a-ngo-212-duong-khuong-dinh-thanh-xuan-pr587157.html,phongtro123.com,2026-07-05T15:12:27.879581+00:00,3.0,42.0,Khương Đình,phong_tro,0,1,0,0,0,0,0,0,0,0,1,0.0714285714285714
"Cho thuê phòng ở ghép ở chung cư cao cấp Golden West, đầy đủ nội thất chỉ việc vào ở",4000000,40.0,"2 Phố Lê Văn Thiêm, Phường Thanh Xuân, Hà Nội",- Phòng đẹp phù hợp cho người đi làm độc thân - Vị trí trung tâm. dễ dàng di chuyển thuận lợi. - Nằm tại khu… - 583354,0362195435,https://pt123.cdn.static123.com/images/thumbs/450x300/fit/2021/03/03/e948ebaf439cb2c2eb8d_1614738188.jpg,https://phongtro123.com/cho-thue-phong-o-ghep-o-chung-cu-cao-cap-golden-west-day-du-noi-that-chi-viec-vao-o-pr583354.html,phongtro123.com,2026-07-05T15:12:27.879581+00:00,4.0,40.0,Thanh Xuân,o_ghep,0,0,0,0,1,0,0,0,0,0,1,0.1
111 Triều Khúc - Full nội thất - Phòng đẹp,3000000,25.0,"111 Đường Triều Khúc, Phường Thanh Xuân, Hà Nội","Chung cư mini 111 Triều Khúc - Gần ĐH Công nghệ GTVT Nhà thiết kế 5 tầng, các căn hộ khép kín, nội thất đầy… - 584035",0868783866,https://pt123.cdn.static123.com/images/thumbs/450x300/fit/2021/04/13/e5a4d6b6-ae29-4cdd-9183-597e8fa1b4f1-1-201-a_1618305547.jpg,https://phongtro123.com/111-trieu-khuc-full-noi-that-phong-dep-pr584035.html,phongtro123.com,2026-07-05T15:12:27.879581+00:00,3.0,25.0,Thanh Xuân,can_ho_mini,0,1,0,0,1,0,0,0,0,0,2,0.12
"Cho thuê phòng trọ kép kín, sạch đẹp, độc lập.",2300000,20.0,"9/29/62 Phố Khương Hạ, Phường Khương Đình, Hà Nội","Cho thuê phòng trọ kép kín, dt: 20m2( có gác xép), độc lập. Đầy đủ điều hoà , nóng lạnh. Gần chợ, gần trường… - 586553",0963570618,https://pt123.cdn.static123.com/images/thumbs/450x300/fit/2021/04/30/42ff6101-01c3-45fa-b5dc-ce0fcc58abc6_1619748948.jpg,https://phongtro123.com/cho-thue-phong-tro-kep-kin-sach-dep-doc-lap-pr586553.html,phongtro123.com,2026-07-05T15:12:27.879581+00:00,2.3,20.0,Khương Đình,phong_tro,1,0,0,0,0,1,0,1,0,0,3,0.1149999999999999
Số nhà 7B Ngõ 250 ngách 51 Kim Giang.,2800000,23.0,"7B Đường Kim Giang, Phường Khương Đình, Hà Nội","Sn 7B Ngõ 250 ngách 51 Kim Giang. Giá thuê từ 2,8 -3,2tr / tháng : P202 - giá 2,9tr P303 - giá 3,2tr P301 - giá 3,0tr P304 - giá… - 586366",0396353413,https://pt123.cdn.static123.com/images/thumbs/450x300/fit/2021/04/25/0ba644f8-6338-4195-8f84-b7cea8aaf567_1619363537.jpg,https://phongtro123.com/sn-7b-ngo-250-ngach-51-kim-giang-pr586366.html,phongtro123.com,2026-07-05T15:12:27.879581+00:00,2.8,23.0,Khương Đình,phong_tro,0,0,0,0,0,0,0,0,0,0,0,0.1217391304347826
Cho Thuê Phòng Trọ Khu Vực Triều Khúc Thanh Xuân,3200000,20.0,"Ngõ 111 Đường Triều Khúc, Phường Thanh Xuân, Hà Nội",Cho thuê chính chủ xem phòng Free : * Còn 1 phòng duy nhất Tầng 2 Địa chỉ : Ngõ 111 Triều Khúc Thanh Xuân Mô tả… - 586308,0335649789,https://pt123.cdn.static123.com/images/thumbs/450x300/fit/2021/04/24/39285d57713a8b64d22b7_1619247929.jpg,https://phongtro123.com/cho-thue-phong-tro-khu-vuc-trieu-khuc-thanh-xuan-pr586308.html,phongtro123.com,2026-07-05T15:12:27.879581+00:00,3.2,20.0,Thanh Xuân,phong_tro,0,0,0,0,0,0,0,0,0,0,0,0.16
"Phòng trọ giá rẻ ở Triều Khúc, Thanh Xuân, Hà Nội",3200000,25.0,"111 Đường Triều Khúc, Phường Thanh Xuân, Hà Nội","Địa điểm: Gần trường đại học Công Nghệ Giao Thông Vận Tải,... Nội thất: Giường, tủ quần áo, bàn làm việc,… - 586055",0332981090,https://pt123.cdn.static123.com/images/thumbs/450x300/fit/2021/04/20/39285d57713a8b64d22b7-copy_1618883072.jpg,https://phongtro123.com/phong-tro-gia-re-o-trieu-khuc-thanh-xuan-ha-noi-pr586055.html,phongtro123.com,2026-07-05T15:12:27.879581+00:00,3.2,25.0,Thanh Xuân,phong_tro,0,0,0,0,0,0,0,0,0,0,0,0.128
"Cho thuê phòng ở ngõ 295 Bùi Xương Trạch 2,5 triệu/tháng",2500000,20.0,"29/295 Đường Bùi Xương Trạch, Phường Khương Đình, Hà Nội","Cô có căn nhà 5 tầng tại số 29 ngõ 295 Bùi Xương Trạch cho thuê theo từng phòng hoặc từng tầng, phòng rộng 25m2, lát… - 312092",0945931616,https://pt123.cdn.static123.com/images/thumbs/450x300/fit/2020/10/05/img-4195_1601872443.jpg,https://phongtro123.com/cho-thue-phong-o-ngo-295-bui-xuong-trach-2-5-trieu-thang-pr312092.html,phongtro123.com,2026-07-05T15:12:27.879581+00:00,2.5,20.0,Khương Đình,phong_tro,0,0,0,0,0,0,0,0,0,0,0,0.125
CHO THUÊ PHÒNG KHU VỰC NGÃ TƯ SỞ,2000000,17.0,"213 Đường Giáp Nhất, Phường Thanh Xuân, Hà Nội","- Phòng khép kín 17m2 rộng rãi, thoáng mát. - Phòng có đầy đủ bình nóng lạnh, giường, bàn học, giá sách, tủ quần… - 585388",0369149003,https://pt123.cdn.static123.com/images/thumbs/450x300/fit/2021/04/08/94a0b4a1d78325dd7c92_1617861869.jpg,https://phongtro123.com/cho-thue-phong-khu-vuc-nga-tu-so-pr585388.html,phongtro123.com,2026-07-05T15:12:27.879581+00:00,2.0,17.0,Thanh Xuân,phong_tro,0,1,0,0,0,0,0,1,0,0,2,0.1176470588235294
"Cho thuê phòng khép kín, riêng biệt",2500000,25.0,"số 32 ngõ 360 Đường Khương Đình, Phường Khương Đình, Hà Nội","Phòng tầng 4, thoáng, sạch, 25 m2, khép kín riêng chủ, đủ tiện nghi. Liên hệ 0818136333 hoặc 0975578989 - 585170",0975578989,https://pt123.cdn.static123.com/images/thumbs/450x300/fit/2021/04/04/z2094228456333-18d3da29e8d6885e4579b6816bcf16e0-1601133052_1617519602.jpg,https://phongtro123.com/cho-thue-phong-khep-kin-rieng-biet-pr585170.html,phongtro123.com,2026-07-05T15:12:27.879581+00:00,2.5,25.0,Khương Đình,phong_tro,0,1,0,0,0,0,0,0,0,0,1,0.1
Cho thuê nhà khu ngã tư sở - nguyễn trãi,1500000,20.0,"133 Đường Nguyễn Trãi, Phường Khương Đình, Hà Nội","Cho thuê nhà chính chủ P236 Nhà A Tập thể Thuốc Lá Thăng Long - 133 Nguyễn Trãi, Thanh Xuân, Hà Nội. Nhà gồm 01 phòng, 01… - 584917",0914777467,https://phongtro123.com/images/thumb_default.svg,https://phongtro123.com/cho-thue-nha-khu-nga-tu-so-nguyen-trai-pr584917.html,phongtro123.com,2026-07-05T15:12:30.482904+00:00,1.5,20.0,Khương Đình,phong_tro,0,0,0,0,0,0,0,0,0,0,0,0.075
"Phòng 30m2 sạch sẽ, thoáng mát gần Ngã Tư Sở",3500000,30.0,"24, ngách 130, ngõ 162 Đường Khương Trung, Phường Khương Đình, Hà Nội","Cho thuê phòng rộng 30m2 gần Ngã Tư Sở - Phòng khép kín, đầy đủ tiện nghi: điều hòa, nóng lạnh, wifi, truyền hình… - 300549",0989062136,https://pt123.cdn.static123.com/images/thumbs/450x300/fit/2020/05/14/img1457_1589448287.jpg,https://phongtro123.com/tinh-thanh/ha-noi/phong-30m2-sach-se-thoang-mat-gan-nga-tu-so.html,phongtro123.com,2026-07-05T15:12:30.482904+00:00,3.5,30.0,Khương Đình,phong_tro,1,1,0,0,0,0,0,1,1,0,4,0.1166666666666666
"Cho thuê phòng Ngõ 140 Phố Vương Thừa Vũ, Thanh Xuân (gần ngã tư sở)",2700000,20.0,"14A Ngõ 140 Đường Vương Thừa Vũ, Phường Khương Đình, Hà Nội","- Còn 1 căn tầng 3 chung vệ sinh - Giá 3tr/tháng- ở được luôn Mô tả chung - Full nội thất điều hòa, nóng lạnh,… - 287370",0988367162,https://pt123.cdn.static123.com/images/thumbs/450x300/fit/2021/01/28/z2290739169982-ab5939d0d4ae78c70c3edc8b4e64de38_1611800083.jpg,https://phongtro123.com/tinh-thanh/ha-noi/cho-thue-phong-ngo-140-pho-vuong-thua-vuthanh-xuan-gan-nga-tu-so.html,phongtro123.com,2026-07-05T15:12:30.482904+00:00,2.7,20.0,Khương Đình,phong_tro,1,0,0,0,1,0,0,1,0,0,3,0.135
Phòng trọ khép kín đầy đủ tiện nghi nhà mới xây,2700000,26.0,"6 ngách 9 ngõ 77 bùi xương trach thanh xuân Đường Bùi Xương Trạch, Phường Khương Đình, Hà Nội",Phòng khép kín đầy đủ tiện nghi điều hoà nóng lạnh bếp đun ban công thoáng mát có tủ lanh tủ quần áo vệ sinh… - 301061,0971161975,https://pt123.cdn.static123.com/images/thumbs/450x300/fit/2021/03/09/20201009-223601_1615276299.jpg,https://phongtro123.com/tinh-thanh/ha-noi/phong-tro-khep-kin-day-du-tien-nghi-nha-moi-xay.html,phongtro123.com,2026-07-05T15:12:30.484098+00:00,2.7,26.0,Khương Đình,phong_tro,1,1,1,0,0,0,0,1,0,0,4,0.1038461538461538
"Cho thuê nhà trọ, còn 2 phòng tầng 2. phố Cự Lộc đường rộng, ô tô đi lại. 2 triệu/tháng",2000000,17.0,"Phố Cự Lộc, Phường Thanh Xuân, Hà Nội","cho thuê nhà trọ ngõ 20 Cự Lộc, Thanh Xuân hiện tại bên mình còn 2 phòng còn trống, ở tầng 2, đường đi lại… - 584278",0965388564,https://pt123.cdn.static123.com/images/thumbs/450x300/fit/2021/03/18/3bd7b35b93c1609f39d0_1616066227.jpg,https://phongtro123.com/cho-thue-nha-tro-con-2-phong-tang-2-pho-cu-loc-duong-rong-o-to-di-lai-2-trieu-thang-pr584278.html,phongtro123.com,2026-07-05T15:12:30.484098+00:00,2.0,17.0,Thanh Xuân,phong_tro,0,0,0,0,0,0,0,0,0,0,0,0.1176470588235294
"Cho thuê phòng triều khúc-tân triều, khương đình, lương thế vinh, nhà xây mới.15-20-25-30m2 điều hòa, nóng lạnh, đầy đủ.",2500000,30.0,"205 Đường Lương Thế Vinh, Phường Thanh Xuân, Hà Nội","+ Điều hòa, Nóng lạnh, Quạt trần, Tủ 3 cánh, Giường 1,8-2m. Ban công… + Máy Giặt…. + Cầu thang máy 50k/1 người,… - 584186",0823263888,https://pt123.cdn.static123.com/images/thumbs/450x300/fit/2021/03/17/1_1615948537.jpg,https://phongtro123.com/cho-thue-phong-trieu-khuc-tan-trieu-khuong-dinh-luong-the-vinh-nha-xay-moi-15-20-25-30m2-dieu-hoa-nong-lanh-day-du-pr584186.html,phongtro123.com,2026-07-05T15:12:30.484098+00:00,2.5,30.0,Thanh Xuân,phong_tro,1,0,1,1,0,0,1,1,0,1,6,0.0833333333333333
"CHO THUÊ PHÒNG TRỌ TẠI 208 LÊ TRỌNG TẤN, THANH XUÂN, HÀ NỘI",3000000,22.0,"3 Phố Lê Trọng Tấn, Phường Phương Liệt, Hà Nội","CHO THUÊ PHÒNG TRỌ (RIÊNG CHỦ) tại 208 LÊ TRỌNG TẤN, Thanh Xuân ( cách ĐẠI HỌC Y HÀ NỘI 500m ) Hiện nhà mình còn… - 584012",0921597888,https://pt123.cdn.static123.com/images/thumbs/450x300/fit/2021/03/14/8a77cc2c62d69188c8c7_1615688882.jpg,https://phongtro123.com/cho-thue-phong-tro-tai-208-le-trong-tan-thanh-xuan-ha-noi-pr584012.html,phongtro123.com,2026-07-05T15:12:30.484098+00:00,3.0,22.0,Phương Liệt,phong_tro,0,0,0,0,0,0,0,0,0,0,0,0.1363636363636363
Phòng Trọ kiểu CCMN MỚI 19m2 chỉ 2.7 tr Đủ Đồ triều khúc Thanh Xuân HN,2700000,19.0,"111 Đường Triều Khúc, Phường Thanh Xuân, Hà Nội","Nhà Trọ CCMN Khép kín Đủ Đồ mới 100% dt: 18 giá từ 2.7tr, Triều khúc TT,Thanh Xuân,HN Chính chủ cho thuê Phòng Trọ… - 583905",0904815983,https://pt123.cdn.static123.com/images/thumbs/450x300/fit/2021/03/12/0be4e46a41e5b2bbebf4_1615525464.jpg,https://phongtro123.com/phong-tro-kieu-ccmn-moi-19m2-chi-2-7-tr-du-do-trieu-khuc-thanh-xuan-hn-pr583905.html,phongtro123.com,2026-07-05T15:12:30.484098+00:00,2.7,19.0,Thanh Xuân,can_ho_mini,0,1,0,0,0,0,0,0,0,0,1,0.1421052631578947
Khai trương dãy nhà trọ vừa hoàn thiện tại Bùi Xương Trạch.,3000000,30.0,"126 ngõ 1/62/23 Đường Bùi Xương Trạch, Phường Khương Đình, Hà Nội","Chính chủ cho thuê dãy trọ 8 căn khép kín mới hoàn thiện tại 126 ngõ 1/62/23 phố Bùi Xương Trạch quận Thanh Xuân,… - 583412",0915836398,https://pt123.cdn.static123.com/images/thumbs/450x300/fit/2021/03/04/img-20210301-235754_1614823014.jpg,https://phongtro123.com/khai-truong-day-nha-tro-vua-hoan-thien-tai-bui-xuong-trach-pr583412.html,phongtro123.com,2026-07-05T15:12:30.484098+00:00,3.0,30.0,Khương Đình,phong_tro,0,1,0,0,0,0,0,0,0,0,1,0.1
"Phòng trọ siêu đẹp 3.5tr/tháng/tầng 45m2x 4 tầng, thang máy, xây mới, cách đường 20m tiện kinh doanh",3500000,45.0,"Số 12 ngõ 8 Đường Kim Giang, Phường Khương Đình, Hà Nội","Nhà mới xây cho thuê 4 tầng. Mỗi tầng 45m2 khép kín , CÓ THANG MÁY, đầy đủ điều hòa 2 chiều, nóng lạnh, bình năng… - 583608",0904987889,https://pt123.cdn.static123.com/images/thumbs/450x300/fit/2021/03/07/img-4965_1615089776.jpg,https://phongtro123.com/phong-tro-sieu-dep-3-5tr-thang-tang-45m2x-4-tang-thang-may-xay-moi-cach-duong-20m-tien-kinh-doanh-pr583608.html,phongtro123.com,2026-07-05T15:12:30.484098+00:00,3.5,45.0,Khương Đình,phong_tro,1,1,0,1,0,0,0,1,0,1,5,0.0777777777777777
"Nhà trọ khép kín, gác xép, nóng lạnh điều hoà",3000000,18.0,"14 144/8/19 Phố Quan Nhân, Phường Thanh Xuân, Hà Nội","Mình là chủ nhà. Hiện đang có 3 phòng trọ cho thuê khép kín. Không ở chung chủ Có nóng lạnh, điều hoà, giường tủ.… - 583294",0364646888,https://phongtro123.com/images/thumb_default.svg,https://phongtro123.com/nha-tro-khep-kin-gac-xep-nong-lanh-dieu-hoa-pr583294.html,phongtro123.com,2026-07-05T15:12:30.484098+00:00,3.0,18.0,Thanh Xuân,phong_tro,1,1,0,0,0,1,0,1,0,0,4,0.1666666666666666
Có Phòng trọ cho sinh viên hoặc người đi làm thuê,1100000,9.0,"12, Phường Khương Đình, Hà Nội","Nhà mình còn 2 phòng trọ cho thuê ở khu vực Ngã Tư Sở, phòng không khép kín, ở chung chủ, có chỗ nấu ăn ngay cạnh… - 583263",0945073486,https://pt123.cdn.static123.com/images/thumbs/450x300/fit/2021/03/01/1_1614579221.jpg,https://phongtro123.com/phong-tro-sinh-vien-hoac-nguoi-di-lam-thue-pr583263.html,phongtro123.com,2026-07-05T15:12:30.484098+00:00,1.1,9.0,Khương Đình,phong_tro,0,1,0,0,0,0,0,0,0,0,1,0.1222222222222222
"Phòng trọ chính chủ Ngã Tư Sở, Thanh Xuân, Hà Nội",3000000,22.0,"210 Phố Lê Trọng Tấn, Phường Phương Liệt, Hà Nội","Chính chủ cần cho thuê phòng trọ gần Ngã Tư Sở. Địa chỉ: 210 Lê Trọng Tấn, Thanh Xuân, Hà Nội. Nhà mặt ngõ… - 583146",0918918527,https://pt123.cdn.static123.com/images/thumbs/450x300/fit/2021/02/27/z2346154437653-170906ac817746b8321e1fbeca2c699a_1614403328.jpg,https://phongtro123.com/phong-tro-chinh-chu-nga-tu-so-thanh-xuan-ha-noi-pr583146.html,phongtro123.com,2026-07-05T15:12:30.484098+00:00,3.0,22.0,Phương Liệt,phong_tro,0,0,0,0,0,0,0,0,0,0,0,0.1363636363636363
Cho thuê phòng - chung cư mini,4500000,33.0,"Nhà số 4, ngõ 262 Đường Khương Đình, Phường Khương Đình, Hà Nội",Cho thuê CCMN- MỚI TOANH siêu đẹp tại số 4 ngõ 262 KHƯƠNG ĐÌNH (Cách Ngã Tư Sở chỉ 500m) Giá 4.000.000 - 5.500.000… - 582738,0989556109,https://pt123.cdn.static123.com/images/thumbs/450x300/fit/2021/02/20/708e9336-646c-4cbd-a880-7a2fb069f455_1613796473.jpg,https://phongtro123.com/cho-thue-phong-chung-cu-mini-31-pr582738.html,phongtro123.com,2026-07-05T15:12:30.484098+00:00,4.5,33.0,Khương Đình,can_ho_mini,0,0,0,0,0,0,0,0,0,0,0,0.1363636363636363
Phòng trọ khép khép kín đầy đủ tiện nghi nhà mới xây phố Bùi Xương Trạch Thanh Xuân,3500000,36.0,"Phường Khương Đình, Hà Nội",Phòng trọ khép kín đầy đủ tiện nghi điều hòa bình nóng lạnh phòng ăn ngủ riêng biệt 2 phòng .rường tủ quần áo… - 309654,0971161975,https://pt123.cdn.static123.com/images/thumbs/450x300/fit/2020/08/25/20200825-081543_1598321243.jpg,https://phongtro123.com/phong-tro-khep-khep-kin-day-du-tien-nghi-nha-moi-xay-pho-bui-bui-xuong-trach-thanh-xuan-pr309654.html,phongtro123.com,2026-07-05T15:12:30.484098+00:00,3.5,36.0,Khương Đình,phong_tro,1,1,0,0,0,0,0,1,0,0,3,0.0972222222222222
MÌNH CÓ PHÒNG THÔNG DẠNG STUDIO ĐỦ ĐỒ GẦN NGÃ TƯ SỞ,3900000,30.0,"2/583 Phố Vũ Tông Phan, Phường Khương Đình, Hà Nội","MÌNH CÓ 2 PHÒNG THÔNG DẠNG STUDIO ĐẦY ĐỦ ĐỒ NHƯ HÌNH - CHỈ VIỆC ĐẾN Ở PHÒNG TRONG TÒA NHÀ CÓ THANG MÁY, BAN CÔNG… - 580264",0886947898,https://pt123.cdn.static123.com/images/thumbs/450x300/fit/2021/01/27/z2296996018327-0244ef3d1c367df7d1f3a119d4cd14a5_1611737287.jpg,https://phongtro123.com/minh-co-phong-thong-dang-studio-du-do-gan-nga-tu-so-pr580264.html,phongtro123.com,2026-07-05T15:12:30.484098+00:00,3.9,30.0,Khương Đình,can_ho_mini,0,0,1,1,0,0,0,0,0,1,3,0.13
Cho Thuê Phòng Trọ - Vũ Hữu Thanh Xuân,2000000,18.0,"319 Phố Vũ Hữu, Phường Thanh Xuân, Hà Nội",Vũ Hữu Thanh Xuân còn phòng giá 2tr . Điện nước giá dân -Địa chỉ 319 Vũ Hữu (nhà mặt đường rất thuận tiện… - 580223,0989697264,https://pt123.cdn.static123.com/images/thumbs/450x300/fit/2021/01/25/131891880-142133797473628-2438798100640718074-n_1611566267.jpg,https://phongtro123.com/cho-thue-phong-tro-vu-huu-thanh-xuan-pr580223.html,phongtro123.com,2026-07-05T15:12:30.485578+00:00,2.0,18.0,Thanh Xuân,phong_tro,0,0,0,0,0,0,0,0,0,0,0,0.1111111111111111
Cho thuê phòng trọ giá rẻ 1.500.000₫,1500000,10.0,"Số 25 ngõ 90 chính kinh Phố Chính Kinh, Phường Thanh Xuân, Hà Nội","Còn trống 1 phòng trọ giá thuê 1,5 triệu phòng mới, thoáng mát, rộng rãi, Đầy đủ nội thất như: Giường, tủ, bàn… - 312950",0852954283,https://pt123.cdn.static123.com/images/thumbs/450x300/fit/2020/10/20/dfdad391-4156-42e0-bc6e-4e7f99384562_1603183411.jpg,https://phongtro123.com/cho-thue-phong-tro-gia-re-1-500-000-pr312950.html,phongtro123.com,2026-07-05T15:12:30.485578+00:00,1.5,10.0,Thanh Xuân,phong_tro,0,0,0,0,1,0,0,0,0,0,1,0.15
"Cho thuê phòng trọ chính chủ, 45m2, không chung chủ, gần Ngã Tư Sở, ở ngay.",4500000,45.0,"Ngõ 277, ngách 277/3, số nhà 6 Phố Vũ Tông Phan, Hà Nội","Phòng trọ rộng rãi, wc và bếp đầy đủ, điều hòa nóng lạnh, có cả đèn sưởi để tắm cho mùa đông lạnh, lối… - 317943",0912651529,https://pt123.cdn.static123.com/images/thumbs/450x300/fit/2021/01/20/56fbbd98408d533c4bbc2a3b249e350e_1611118401.jpg,https://phongtro123.com/cho-thue-phong-tro-chinh-chu-45m2-khong-chung-chu-gan-nga-tu-so-o-ngay-pr317943.html,phongtro123.com,2026-07-05T15:12:30.485578+00:00,4.5,45.0,unknown,phong_tro,1,0,0,0,0,0,0,1,0,0,2,0.1
Cho thuê phòng 25m2 full đồ không chung chủ ở ngay,2800000,25.0,"20 Đường Kim Giang, Phường Khương Đình, Hà Nội",Còn 1 phòng duy nhất cho thuê tại ngã tư sở- chính chủ- có thể ở ngay Địa chỉ : Ngõ 20 Kim giang ( 500m ra ngã tư… - 317831,0964528896,https://pt123.cdn.static123.com/images/thumbs/450x300/fit/2021/01/17/z2273181780398-45a47ff388d29be0581ed8e3a4e400d2_1610854386.jpg,https://phongtro123.com/cho-thue-phong-25m2-full-do-khong-chung-chu-o-ngay-pr317831.html,phongtro123.com,2026-07-05T15:12:32.331919+00:00,2.8,25.0,Khương Đình,phong_tro,0,0,0,0,1,0,0,0,0,0,1,0.1119999999999999
Cho thuê CCMN phố Lê Trọng Tấn full đồ giá 4tr,4200000,22.0,"Phố Lê Trọng Tấn, Phường Phương Liệt, Hà Nội","Cho thuê CCMN khép kín full đồ ở số 70 ngõ 192 đường Lê Trọng Tấn, cách Ngã Tư Sở 100m, gần Đại… - 317478",0354329898,https://pt123.cdn.static123.com/images/thumbs/450x300/fit/2021/01/08/136047644-1555998781256786-6627806272524328277-n_1610086279.jpg,https://phongtro123.com/cho-thue-ccmn-pho-le-trong-tan-full-do-gia-4tr-pr317478.html,phongtro123.com,2026-07-05T15:12:32.331919+00:00,4.2,22.0,Phương Liệt,can_ho_mini,0,1,0,0,1,0,0,0,0,0,2,0.1909090909090909
Cho thuê Phòng trọ giá rẻ gần BKX và Y ( Gần ngã tư sở),2500000,17.0,"31 Đường Nguyễn Văn Trỗi, Phường Phương Liệt, Hà Nội","Nhà mới sửa còn phòng cho thuê, có thể chuyển vào ở ngay đầu tháng 1.2021 Các tiện ích : Gần Bách - Kinh - Xây -… - 317390",0962288159,https://pt123.cdn.static123.com/images/thumbs/450x300/fit/2021/01/06/134920806-389851605606357-1776259898895026316-n_1609925042.jpg,https://phongtro123.com/cho-thue-phong-tro-gia-re-gan-bkx-va-y-gan-nga-tu-so-pr317390.html,phongtro123.com,2026-07-05T15:12:32.331919+00:00,2.5,17.0,Phương Liệt,phong_tro,0,0,0,0,0,0,0,0,0,0,0,0.1470588235294117
Cho thuê phòng đơn Ngã tư sở full điện nuớc,4000000,25.0,"4 Đường Cù Chính Lan, Phường Phương Liệt, Hà Nội","Chính chủ cho thuê phòng ngã tư sở, phòng đầy đủ tiện nghi: điều hòa, tủ lạnh, ti vi, nóng lạnh, ... Giá đã bao… - 317312",0354002952,https://pt123.cdn.static123.com/images/thumbs/450x300/fit/2021/01/05/z2263233349292-338fd943f623988cf7f8e9ada968a1e7_1609816445.jpg,https://phongtro123.com/cho-thue-phong-don-nga-tu-so-full-dien-nuoc-pr317312.html,phongtro123.com,2026-07-05T15:12:32.331919+00:00,4.0,25.0,Phương Liệt,phong_tro,1,0,0,0,0,0,0,1,0,0,2,0.16
Phòng Trọ Cho Người Đi Làm Thuê Tại Thanh Xuân,3000000,33.0,"số 5 ngách 111/22 Đường Cù Chính Lan, Phường Phương Liệt, Hà Nội",Nhà 4 tầng cho người đi làm và hộ gia đình thuê phòng. phòng ở tầng 1 diện tích 35m2 khép kín thoáng mát đầy đủ… - 312105,0912728493,https://pt123.cdn.static123.com/images/thumbs/450x300/fit/2020/10/05/5_1601890785.jpg,https://phongtro123.com/phong-tro-cho-nguoi-di-lam-thue-tai-thanh-xuan-pr312105.html,phongtro123.com,2026-07-05T15:12:32.331919+00:00,3.0,33.0,Phương Liệt,phong_tro,0,1,0,0,0,0,0,0,0,0,1,0.0909090909090909
"Phòng đẹp gần ngã tư sở, ở ngay, giảm giá",2000000,13.0,"207/11 Đường Bùi Xương Trạch, Phường Khương Đình, Hà Nội","Phòng ở tầng 3, đẹp thoáng, đủ điều hòa nóng lạnh mới. + Tầng 4 có máy giặt, có chỗ phơi đồ, tầng 1 để xe… - 316604",0979931996,https://pt123.cdn.static123.com/images/thumbs/450x300/fit/2020/12/20/bc61c4d20281ffdfa690_1608454135.jpg,https://phongtro123.com/phong-dep-gan-nga-tu-so-o-ngay-giam-gia-pr316604.html,phongtro123.com,2026-07-05T15:12:32.331919+00:00,2.0,13.0,Khương Đình,phong_tro,1,0,0,0,0,0,1,1,0,1,4,0.1538461538461538
"Cho thuê phòng trọ sạch sẽ, rộng 50m2, thoáng đãng",3200000,50.0,"Ngõ 116 Đường Lương Thế Vinh, Phường Thanh Xuân, Hà Nội","Còn 1 phòng trống tại 116 Lương Thế Vinh. Nhà ở sạch sẽ,rộng 50m2 , thoáng đãng,có ánh nắng tự nhiên. Ưu tiên các… - 316465",0965008995,https://pt123.cdn.static123.com/images/thumbs/450x300/fit/2020/12/17/992b800c-bea1-47d8-83bc-f2686c63906b_1608184082.jpg,https://phongtro123.com/cho-thue-phong-troxxxxxxxxxxxxx-pr316465.html,phongtro123.com,2026-07-05T15:12:32.331919+00:00,3.2,50.0,Thanh Xuân,phong_tro,0,0,0,0,0,0,0,0,0,0,0,0.064
CHO THUÊ NHÀ KHÉP KÍN CHÍNH CHỦ GẦN TRƯỜNG BKX,3700000,20.0,"Số 7, ngõ 31/7 Phan Đình Giót, Phương Liệt, Thanh Xuân, Hà Nội Đường Phan Đình Giót, Phường Phương Liệt, Hà Nội","Còn duy nhất 2 phòng trọ gần trường Bách Khoa - Kinh tế - Xây dựng đầy đủ tiện nghi khép kín, ko chung chủ. Phòng… - 316329",0866069999,https://pt123.cdn.static123.com/images/thumbs/450x300/fit/2020/12/15/0cc6c7441858e406bd49_1608004347.jpg,https://phongtro123.com/cho-thue-nha-khep-kin-chinh-chu-gan-truong-bkx-pr316329.html,phongtro123.com,2026-07-05T15:12:32.331919+00:00,3.7,20.0,Phương Liệt,phong_tro,0,1,0,0,0,0,0,0,0,0,1,0.185
"Cho thuê phòng chính chủ 1,7 triệu/tháng khương đình",1700000,20.0,"Đường Bùi Xương Trạch, Phường Khương Đình, Hà Nội","Cho thuê phòng khép kín diện tích 20m2 tại Ngõ 1 Bùi Xương Trạch khương đình thanh xuân Phòng có : Internet, truyền hình… - 316005",0915154036,https://pt123.cdn.static123.com/images/thumbs/450x300/fit/2020/12/09/201505102534-dsc00053_1607486078.jpg,https://phongtro123.com/cho-thue-phong-chinh-chu-1-7-trieu-thang-khuong-dinh-pr316005.html,phongtro123.com,2026-07-05T15:12:32.331919+00:00,1.7,20.0,Khương Đình,phong_tro,0,1,0,0,0,0,0,0,1,0,2,0.0849999999999999
Ngã Tư Sở - 160 Quan Nhân đến ở Nhà trọ chất lượng khách sạn 3*,1500000,25.0,"160 Phố Quan Nhân, Phường Thanh Xuân, Hà Nội","Tưng Bừng Khai Trương Homestay, phòng trọ mặt đường Quan Nhân ngay khu vực Ngã Tư Sở, quận Thanh Xuân Rất thích hợp… - 305422",0927618789,https://pt123.cdn.static123.com/images/thumbs/450x300/fit/2020/06/23/105032386-274350843800447-8491154670492888017-n_1592885527.png,https://phongtro123.com/nga-tu-so-160-quan-nhan-den-o-nha-tro-chat-luong-khach-san-3-pr305422.html,phongtro123.com,2026-07-05T15:12:32.331919+00:00,1.5,25.0,Thanh Xuân,phong_tro,0,0,0,0,0,0,0,0,0,0,0,0.06
"Cho thuê phòng trọ sạch sẽ, tiện nghi, có gác xép rộng rãi",2000000,18.0,"Ngõ 292 Đường Kim Giang, Phường Khương Đình, Hà Nội","Phòng rộng rãi, điện nước khép kín. Có bình nóng lạnh. Không chung chủ. Anh ninh tốt. Gần công an phường, . gác xép… - 315279",0913536234,https://phongtro123.com/images/thumb_default.svg,https://phongtro123.com/cho-thue-phong-tro-sach-se-tien-nghi-1-pr315279.html,phongtro123.com,2026-07-05T15:12:32.331919+00:00,2.0,18.0,Khương Đình,phong_tro,0,1,0,0,0,1,0,1,0,0,3,0.1111111111111111
Cho thuê phòng trọ khép kín mặt đường Nguyễn Trãi full đồ giá 3tr2/tháng,3200000,25.0,"420 Đường Nguyễn Trãi, Phường Thanh Xuân, Hà Nội","Gần đại học Hà Nội, CN GTVT,...đi 300m đến ngã tư Khuất Duy Tiến Tiện nghi có sẵn: Điều hòa , Nóng lạnh , Tủ… - 315235",0988986364,https://pt123.cdn.static123.com/images/thumbs/450x300/fit/2020/11/26/446-nguyen-trai-1_1606356328.jpg,https://phongtro123.com/cho-thue-phong-tro-khep-kin-mat-duong-nguyen-trai-full-do-gia-3tr2-thang-pr315235.html,phongtro123.com,2026-07-05T15:12:32.331919+00:00,3.2,25.0,Thanh Xuân,phong_tro,1,1,0,0,1,0,0,1,0,0,4,0.128
"Cho thuê hộ gia đình, nhà riêng _ khu dân trí cao, đất lành !",3000000,34.0,"Số nhà 20 - Hẻm 358/25/38 Đường Bùi Xương Trạch, Phường Khương Đình, Hà Nội","Nhà cao thoáng mát , sạch sẽ . Khu dân trí cao , hàng xóm quan chức , an ninh tốt . Trước nhà có sân chơi cho trẻ em ,… - 314634",0979981307,https://pt123.cdn.static123.com/images/thumbs/450x300/fit/2020/11/17/20201027-160745_1605589207.jpg,https://phongtro123.com/cho-thue-ho-gia-dinh-nha-rieng-khu-dan-tri-cao-dat-lanh-pr314634.html,phongtro123.com,2026-07-05T15:12:32.331919+00:00,3.0,34.0,Khương Đình,phong_tro,0,0,0,0,0,0,0,0,0,0,0,0.088235294117647
"Phòng trọ 15m2 - 2tr Điều Hòa, Nóng lạnh Khương Đình",2000000,15.0,"10 ngõ 162/28/12 Đường Khương Đình, Phường Khương Đình, Hà Nội","Cho thuê phòng khép kín, riêng biệt, Wc trong nhà 2tr Tại Khương Đình. Phòng có ĐIỀU HÒA và BÌNH NÓNG LẠNH Không gian… - 314632",0332326932,https://pt123.cdn.static123.com/images/thumbs/450x300/fit/2020/11/17/z2181726670445-2624a505a318349a7cdb93359b576397_1605588611.jpg,https://phongtro123.com/phong-tro-15m2-2tr-dieu-hoa-nong-lanh-khuong-dinh-pr314632.html,phongtro123.com,2026-07-05T15:12:32.331919+00:00,2.0,15.0,Khương Đình,phong_tro,1,1,0,0,0,0,0,1,0,0,3,0.1333333333333333
"Phòng đẹp gần phố Triều Khúc, đối diện chợ Phùng Khoang, full đồ.",2500000,22.0,"Đường Nguyễn Trãi, Phường Thanh Xuân, Hà Nội","Mô tả: - Phòng có đầy đủ nội thất tiện ích: điều hòa, nóng lạnh, giường, tủ quần áo, tủ lạnh, bàn bếp,… - 314218",0866077261,https://pt123.cdn.static123.com/images/thumbs/450x300/fit/2020/11/11/1_1605105680.jpg,https://phongtro123.com/phong-dep-gan-pho-trieu-khuc-doi-dien-cho-phung-khoang-full-do-pr314218.html,phongtro123.com,2026-07-05T15:12:32.331919+00:00,2.5,22.0,Thanh Xuân,phong_tro,1,0,0,0,1,0,0,1,0,0,3,0.1136363636363636
"Phòng full nội thất Khương Đình, Thanh Xuân, gần ngã tư Khuất Duy Tiến",3500000,25.0,"Đường Khương Đình, Phường Khương Đình, Hà Nội","- Chính chủ miễn môi giới - Nội thất: điều hòa, nóng lạnh, giường, tủ, kệ bếp, tủ lạnh, máy giặt.. - Cửa… - 312622",0866077261,https://pt123.cdn.static123.com/images/thumbs/450x300/fit/2020/10/14/2ff73c1e120eed50b41f_1602649870.jpg,https://phongtro123.com/phong-full-noi-that-khuong-dinh-thanh-xuan-gan-nga-tu-khuat-duy-tien-pr312622.html,phongtro123.com,2026-07-05T15:12:32.331919+00:00,3.5,25.0,Khương Đình,phong_tro,1,0,0,0,1,0,1,1,0,0,4,0.14
"Nhà trọ 2 tầng, Khương Đình, Thanh Xuân",2000000,25.0,"15 ngõ 65 Đường Khương Đình, Phường Khương Đình, Hà Nội","Cho thuê nhà 15 ngõ 65 khương đình, nhà 02 tầng, mỗi tầng 12m2, có sân trước nhà để được 2 xe máy, 02 phòng ngủ, 01… - 313396",0936605772,https://pt123.cdn.static123.com/images/thumbs/450x300/fit/2020/10/29/img-20201027-145659-144_1603940834.jpg,https://phongtro123.com/nha-tro-2-tang-khuong-dinh-thanh-xuan-pr313396.html,phongtro123.com,2026-07-05T15:12:33.887746+00:00,2.0,25.0,Khương Đình,phong_tro,0,0,0,0,0,0,0,0,0,0,0,0.08
[Góc Nhượng Phòng] CCMN ổn cho bạn nào cần,3200000,20.0,"Số 1A, ngõ 49 Đường Triều Khúc, Phường Thanh Xuân, Hà Nội","Mình đang muốn nhượng phòng ở số 1A ngõ 49 Triều Khúc ( ngay đầu đường, ngõ to thoáng, ô tô vào được) Phòng… - 313126",0397549296,https://pt123.cdn.static123.com/images/thumbs/450x300/fit/2020/10/23/received-683330382567551_1603445034.jpg,https://phongtro123.com/goc-nhuong-phong-ccmn-on-cho-ban-nao-can-pr313126.html,phongtro123.com,2026-07-05T15:12:33.887746+00:00,3.2,20.0,Thanh Xuân,can_ho_mini,0,0,0,0,0,0,0,0,0,0,0,0.16
"Cho thuê phòng trọ khu Khương Trung 1,5tr, ko chung chủ, có nóng lạnh, có chỗ để xe",1500000,12.0,"31 Đường Tân Hồng, Phường Khương Đình, Hà Nội","chính chủ cón duy nhất 1 phòng cho thuê Địa chỉ 31 tân hồng, gần khương trung, ngã tư sở, hoàng văn thái, gần đại… - 312948",0868267026,https://pt123.cdn.static123.com/images/thumbs/450x300/fit/2020/10/20/z2135712673107-6506db802feec5561532fade98d2bc51_1603182528.jpg,https://phongtro123.com/cho-thue-phong-tro-khu-khuong-trung-1-5tr-ko-chung-chu-co-nong-lanh-co-cho-de-xe-pr312948.html,phongtro123.com,2026-07-05T15:12:33.887746+00:00,1.5,12.0,Khương Đình,phong_tro,0,0,0,0,0,0,0,1,0,1,2,0.125
"Phòng đẹp Vương Thừa Vũ, Thanh Xuân, full đồ, có ban công",2800000,25.0,"Đường Vương Thừa Vũ, Phường Thanh Xuân, Hà Nội","- Full nội thất điều hòa, nóng lạnh, giường, tủ,bàn uống tra, để xe miễn phí, camera an ninh, máy giặt… - Chính… - 312621",0866077261,https://pt123.cdn.static123.com/images/thumbs/450x300/fit/2020/10/14/06f7e2c59a9e64c03d8f_1602649680.jpg,https://phongtro123.com/phong-dep-vuong-thua-vu-thanh-xuan-full-do-co-ban-cong-pr312621.html,phongtro123.com,2026-07-05T15:12:33.887746+00:00,2.8,25.0,Thanh Xuân,phong_tro,1,0,1,0,1,0,1,1,0,1,6,0.1119999999999999
"Cho thuê CCMN tại Ngã Tư Sở đầy đủ tiện nghi, full nội thất",5500000,35.0,"Đường Nguyễn Trãi, Phường Khương Đình, Hà Nội","Cho thuê phòng trọ tại Ngã Tư Sở Full đồ , full nội thất , Giá bình dân ,... Địa chỉ : Ngõ 211 Khương Trung hoặc… - 312301",0398064687,https://pt123.cdn.static123.com/images/thumbs/450x300/fit/2020/10/08/1_1602150440.jpg,https://phongtro123.com/cho-thue-ccmn-tai-nga-tu-so-pr312301.html,phongtro123.com,2026-07-05T15:12:33.887746+00:00,5.5,35.0,Khương Đình,can_ho_mini,0,0,0,0,1,0,0,0,0,0,1,0.1571428571428571
"Cho thuê Phòng khép kín, riêng chủ tại Đường Khương Đình, P.Kim Giang, Q.Thanh Xuân",2500000,30.0,"Số 32 ngõ 460 Đường Khương Đình, Phường Khương Đình, Hà Nội","Phòng khoảng 30m2,sách sẽ, khép kín, riêng chủ, điện nước theo quy dịnh. Số nhà 32, ngõ 460 Khương Đình- thanh Xuân.… - 311612",0975578989,https://pt123.cdn.static123.com/images/thumbs/450x300/fit/2020/09/26/z2094228456331-8a806add874f4f70aa3119ca078907e1_1601133052.jpg,https://phongtro123.com/cho-thue-phong-khep-kin-rieng-chu-pr311612.html,phongtro123.com,2026-07-05T15:12:33.888746+00:00,2.5,30.0,Khương Đình,phong_tro,0,1,0,0,0,0,0,0,0,0,1,0.0833333333333333
[Chính chủ] Cho thuê phòng trọ sinh viên không khép kín (ưu tiên nữ),1600000,10.0,"12 ngõ 109/72/6 Đường Hoàng Ngân, Phường Thanh Xuân, Hà Nội","-	Số lượng: 2 phòng -	Địa chỉ: số 12 ngõ 109/72/6 Hoàng Ngân, quận Thanh Xuân -	Phòng trọ chung chủ, thoáng mát, bảo… - 311503",0942378831,https://pt123.cdn.static123.com/images/thumbs/450x300/fit/2020/09/24/119951872-357233905638640-4165549319447738074-n_1600952486.jpg,https://phongtro123.com/chinh-chu-cho-thue-phong-tro-sinh-vien-khong-khep-kin-uu-tien-nu-pr311503.html,phongtro123.com,2026-07-05T15:12:33.888746+00:00,1.6,10.0,Thanh Xuân,phong_tro,0,1,0,0,0,0,0,0,0,0,1,0.16
Cần cho thuê gấp phòng Khép kín 35m tại Ngõ 67 đường Phùng Khoang Thanh Xuân Hà Nội,3300000,35.0,"Ngõ 67 Đường Phùng Khoang, Phường Thanh Xuân, Hà Nội",????????????????Cho thuê vào ở 25/09/2020 phòng tầng 4 trong nhà 6 tầng. - Không Chung Chủ. Khu vực Yên Tĩnh - Điện nước… - 311247,0904573383,https://pt123.cdn.static123.com/images/thumbs/450x300/fit/2020/09/20/img-20200920-123926_1600598581.jpg,https://phongtro123.com/can-cho-thue-gap-phong-khep-kin-35m-pr311247.html,phongtro123.com,2026-07-05T15:12:33.888746+00:00,3.3,35.0,Thanh Xuân,phong_tro,0,1,0,0,0,0,0,0,0,0,1,0.0942857142857142
"Chính chủ cho thuê phòng full đồ, có ban công 140 Vương Thừa Vũ, Ngã 4 Sở, Thanh Xuân",3000000,22.0,"140 Đường Vương Thừa Vũ, Phường Khương Đình, Hà Nội","Nhà m còn 1 phòng trống ở VƯƠNG THỪA VŨ, NGÃ TƯ SỞ có BAN CÔNG rộng -Phòng có đồ cơ bản: giường, tủ quần áo,… - 311173",0368837862,https://pt123.cdn.static123.com/images/thumbs/450x300/fit/2020/09/19/63eb4273ecbf16e14fae_1600487924.jpg,https://phongtro123.com/chinh-chu-cho-thue-phong-full-do-co-ban-cong-140-vuong-thua-vu-nga-4-so-thanh-xuan-pr311173.html,phongtro123.com,2026-07-05T15:12:33.888746+00:00,3.0,22.0,Khương Đình,phong_tro,0,0,1,0,1,0,0,0,0,0,2,0.1363636363636363
Cho thuê phòng trọ khu vực Ngã Tư Sở Hà Nội,2200000,15.0,"Đường Khương Trung, Phường Khương Đình, Hà Nội","Mình có 1 phòng cho thuê khép kín ở khu vực Ngã tư Sở, + Diện tích 15 m2 giá 2,2 triệu/tháng/phòng Có điều hòa,… - 311128",0386486562,https://pt123.cdn.static123.com/images/thumbs/450x300/fit/2020/09/18/38e7aad4-b08e-460e-81d1-3e50d8f12328_1600422054.jpg,https://phongtro123.com/cho-thue-phong-tro-khu-vuc-nga-tu-so-ha-noi-pr311128.html,phongtro123.com,2026-07-05T15:12:33.888746+00:00,2.2,15.0,Khương Đình,phong_tro,1,1,0,0,0,0,0,0,0,0,2,0.1466666666666666
Cho thuê phòng đẹp kiểu Chung cư mini khu vực Triều Khúc Thanh Xuân,2900000,28.0,"Đường Triều Khúc, Phường Thanh Xuân, Hà Nội","Thông tin mô tả Chính chủ cho thuê Phòng Trọ kiểu Chung Cư Mi Ni Khép Kín mới 100%,Nhà chính chủ không qua môi giới.… - 310890",0968581117,https://pt123.cdn.static123.com/images/thumbs/450x300/fit/2020/09/15/4a80d4fe2735d86b812412_1600135973.jpg,https://phongtro123.com/cho-thue-phong-dep-kieu-chung-cu-mini-khu-vuc-trieu-khuc-thanh-xuan-pr310890.html,phongtro123.com,2026-07-05T15:12:33.888746+00:00,2.9,28.0,Thanh Xuân,can_ho_mini,0,1,0,0,0,0,0,0,0,0,1,0.1035714285714285
"Cho thuê nhà tập thể cơ khí tại đường Nguyễn Trãi, Thanh Xuân, HN",3500000,40.0,"129 Đường Nguyễn Trãi, Phường Khương Đình, Hà Nội","Gia đình hiện có nhu cầu cho thuê 1 căn nhà tập thể tầng 4 A5, 129 Nguyễn Trãi đối diện Royal City. Diện tích sử… - 308775",0996660935,https://phongtro123.com/images/thumb_default.svg,https://phongtro123.com/cho-thue-nha-tap-the-co-khi-duong-nguyen-trai-thanh-xuan-hn-pr308775.html,phongtro123.com,2026-07-05T15:12:33.888746+00:00,3.5,40.0,Khương Đình,phong_tro,0,0,0,0,0,0,0,0,0,0,0,0.0875
"Phòng riêng cách Đại Học HANU 5ph đi bộ, ưu tiên các bạn nữ học HANU",1850000,10.0,"Đường Phùng Khoang, Hà Nội","Mình đang có phòng trọ ngay cạnh đại học HANU , cách HANU 100m đi bộ , đầu ngõ là nhà sách Minh Thuận. gần trường… - 310593",0372002439,https://pt123.cdn.static123.com/images/thumbs/450x300/fit/2020/09/09/118887921-328639551577830-7156304762472109696-n_1599652967.jpg,https://phongtro123.com/phong-rieng-cho-nu-uu-tien-cac-ban-nu-hoc-hanu-pr310593.html,phongtro123.com,2026-07-05T15:12:33.888746+00:00,1.85,10.0,unknown,phong_tro,0,0,0,0,0,0,0,0,0,0,0,0.185
"Cho thuê phòng trọ 40m gần Royal city, 3.5-4tr",3500000,40.0,"ngõ 55 Phố Chính Kinh, Phường Thanh Xuân, Hà Nội","Phòng trọ gồm 2 phòng nhỏ, rộng 13m/phòng + 01 WC 3m + 01 ban công 9m Ra khỏi ngõ gặp ngay chợ, siêu thị Đức Thành,… - 310586",0968699385,https://phongtro123.com/images/thumb_default.svg,https://phongtro123.com/cho-thue-phong-tro-40m-gan-royal-city-3-5-4tr-pr310586.html,phongtro123.com,2026-07-05T15:12:33.888746+00:00,3.5,40.0,Thanh Xuân,phong_tro,0,0,1,0,0,0,0,0,0,0,1,0.0875
"Cho thuê tầng 3 Quan Nhân,TX,HN sử dụng 80m2 mặt sàn",4500000,80.0,"29 Ngõ 145 Phố Quan Nhân, Phường Khương Đình, Hà Nội","tầng 3 số 29 ngõ 145, Phố quan nhân, Phường Thượng Đình, Quận Thanh Xuân, Hà Nội Có sẵn tủ quần áo Phòng ngủ,… - 310167",0934273636,https://pt123.cdn.static123.com/images/thumbs/450x300/fit/2020/09/03/cho-thue-29-ngo-145-quan-nhan-1_1599107764.jpg,https://phongtro123.com/cho-thue-tang-3-quan-nhan-tx-hn-su-dung-80m2-mat-san-pr310167.html,phongtro123.com,2026-07-05T15:12:33.888746+00:00,4.5,80.0,Khương Đình,phong_tro,0,0,0,0,0,0,0,0,0,0,0,0.05625
CHO THUÊ PHÒNG TRỌ-GIÁ RẺ- ĐẦY ĐỦ TIỆN NGHI-HOMESTAY-MINI-NGÃ TƯ SỞ,1250000,25.0,"460 Phố Vũ Tông Phan, Phường Khương Đình, Hà Nội",GIÁ SINH VIÊN 1.250K . ĐƯỜNG VŨ TÔNG PHAN- GẦN NGÃ TƯ SỞ -HOMSTAY- ĐẦY ĐỦ TIỆN ÍCH- Ở LUÔN … - 310083,0332992330,https://pt123.cdn.static123.com/images/thumbs/450x300/fit/2020/09/01/19_1598955713.png,https://phongtro123.com/cho-thue-phong-tro-gia-re-day-du-tien-nghi-homestay-mini-nga-tu-so-pr310083.html,phongtro123.com,2026-07-05T15:12:33.888746+00:00,1.25,25.0,Khương Đình,phong_tro,0,0,0,0,0,0,0,0,0,0,0,0.05
Còn 1 phòng cho thuê tầng 3: phòng 30.2 m2 giá : 3 triệu,3000000,30.2,"Số 16 ngõ 77/5 Đường Bùi Xương Trạch, Phường Khương Đình, Hà Nội","Cho thuê phòng giá 3tr/phòng điện,Nước theo giá dân wifi: 50k/phòng Phòng 3 người ở tối đa Có kệ bếp nấu nướng… - 309815",0977256285,https://pt123.cdn.static123.com/images/thumbs/450x300/fit/2020/08/27/z2040186997401-eee46a6ee0afac43089d9211cf489f5c_1598518222.jpg,https://phongtro123.com/con-1-phong-cho-thue-tang-3-phong-30-2-m2-gia-3-trieu-pr309815.html,phongtro123.com,2026-07-05T15:12:33.888746+00:00,3.0,30.2,Khương Đình,phong_tro,0,0,0,0,0,0,0,0,1,0,1,0.0993377483443708
"Phòng khép kín riêng chủ, đủ tiện nghi, điện giá dân ngay Ngã Tư Sở, HN",2800000,20.0,"Số 10, ngách 236/17/18, ngõ 236 Đường Khương Đình, Phường Khương Đình, Hà Nội","Mình còn phòng tầng 4, 20m2 thoáng rộng, cầu thang rộng, vệ sinh riêng. Vị trí chỉ cách Ngã Tư Sở 1 km, gần các… - 309669",0945698582,https://pt123.cdn.static123.com/images/thumbs/450x300/fit/2020/08/25/51babf75c63f3961602e6_1598327443.jpg,https://phongtro123.com/phong-khep-kin-rieng-chu-du-tien-nghi-dien-gia-dan-ngay-nga-tu-so-hn-pr309669.html,phongtro123.com,2026-07-05T15:12:33.888746+00:00,2.8,20.0,Khương Đình,phong_tro,0,1,0,0,0,0,0,0,0,0,1,0.1399999999999999
Cho Thuê Phòng CCMN Ngã Tư Sở Đẹp- 30m - Full Đồ tại Cự Lộc - Cạnh Royal City - Giá Chỉ 5 tr/th,5000000,30.0,"Phố Cự Lộc, Phường Thanh Xuân, Hà Nội",- Tôi cho Thuê phòng chung cư mini NGã Tư Sở. Tại Cự Lộc Thanh Xuân - Ngay cạnh Royal City. - Phòng đẹp - Diện tích 30m2.… - 308817,0963081485,https://pt123.cdn.static123.com/images/thumbs/450x300/fit/2020/08/18/z2007791375067-6433e1e1cd1e1f6d0fafa889e9cc2a47_1597739872.jpg,https://phongtro123.com/cho-thue-phong-ccmn-dep-30m-full-do-tai-cu-loc-ngay-canh-royal-city-gia-chi-5-tr-th-pr308817.html,phongtro123.com,2026-07-05T15:12:33.889739+00:00,5.0,30.0,Thanh Xuân,can_ho_mini,0,0,0,0,1,0,0,0,0,0,1,0.1666666666666666
CHO THUÊ PHÒNG TRỌ ĐỦ ĐỒ 30m2 KHU VỰC TRƯỜNG CHINH THANH XUÂN - LIÊN HỆ: 0339679605,3000000,30.0,"Đường Trường Chinh, Phường Phương Liệt, Hà Nội","Chính chủ cho thuê phòng trọ trong nhà 4 tầng, phòng đẹp full đồ, khu Trường Chinh Thanh Xuân. Nằm ở vị trí trung… - 309463",0339679605,https://pt123.cdn.static123.com/images/thumbs/450x300/fit/2020/08/22/11anh1_1598034250.jpg,https://phongtro123.com/cho-thue-phong-tro-du-do-30m2-khu-vuc-truong-chinh-thanh-xuan-lien-he-0339679605-pr309463.html,phongtro123.com,2026-07-05T15:12:35.407032+00:00,3.0,30.0,Phương Liệt,phong_tro,0,0,0,0,1,0,0,0,0,0,1,0.1
"Cho thuê phòng trọ CC mini từ 15m- 25m giá rẻ, chính chủ, khép kín, tiện giao thông",2000000,15.0,"47 Phố Chính Kinh, Phường Thanh Xuân, Hà Nội","CCMini diện tích từ 15m, 20m, 25m giá rẻ từ 2 triệu – 3,5 triệu Các phòng đều có VS khép kín, bếp riêng, sạch,… - 309262",0946573436,https://phongtro123.com/images/thumb_default.svg,https://phongtro123.com/cho-thue-phong-tro-cc-mini-tu-15m-25m-gia-re-chinh-chu-khep-kin-tien-giao-thong-pr309262.html,phongtro123.com,2026-07-05T15:12:35.407032+00:00,2.0,15.0,Thanh Xuân,phong_tro,0,1,0,0,0,0,0,0,0,0,1,0.1333333333333333
"Cho thuê phòng trọ số 1b, ngõ 102,khương trung",2500000,25.0,"1b, ngõ 102 Đường Khương Trung, Phường Khương Đình, Hà Nội",# phòng rộng 25m2(phòng Đôi) # phòng sáng - sạch - thoáng mát - tầng 2-3 # phuf hợp cho hộ gia đình trẻ hoặc ở ghép… - 309136,0379927962,https://pt123.cdn.static123.com/images/thumbs/450x300/fit/2020/08/17/img-1597633866756-1597633899930_1597635227.jpg,https://phongtro123.com/cho-thue-phong-tro-so-1b-ngo-102-khuong-trung-pr309136.html,phongtro123.com,2026-07-05T15:12:35.407032+00:00,2.5,25.0,Khương Đình,o_ghep,0,0,0,0,0,0,0,0,0,0,0,0.1
"Phòng trọ Ngã Tư Sở, diện tích 30m2 rộng rãi, mới đẹp full đồ",4000000,30.0,"Đường Vương Thừa Vũ, Phường Khương Đình, Hà Nội","Nhà mình còn phòng trọ tại Vương Thừa Vũ, ra Ngã Tư Sở 400m Phòng 30m có thể ở được hộ gia đình hoặc vài… - 308850",0931109569,https://pt123.cdn.static123.com/images/thumbs/450x300/fit/2020/08/12/z2009868779426-52a235d360062a7d3783bae0f99abe1b_1597248868.jpg,https://phongtro123.com/phong-tro-nga-tu-so-30m-rong-dep-full-do-pr308850.html,phongtro123.com,2026-07-05T15:12:35.407032+00:00,4.0,30.0,Khương Đình,phong_tro,0,0,0,0,1,0,0,0,0,0,1,0.1333333333333333
"Cho thuê căn hộ mini tại Triều Khúc, Thanh Xuân.",4500000,35.0,"Đường Triều Khúc, Phường Thanh Xuân, Hà Nội","- Chính chủ cho thuê CCMN ngõ 111 Triều Khúc,Thanh Xuân,Hà Nội. - Còn 1 căn 1 ngủ,1 khách tầng 2 vệ sinh khép kín. -… - 306494",0988367162,https://pt123.cdn.static123.com/images/thumbs/450x300/fit/2020/07/07/z1962500114832-7d2962e1a982c2b51eb35b97e427880a_1594111841.jpg,https://phongtro123.com/cho-thue-ccmn-tai-trieu-khuc-thanh-xuan-pr306494.html,phongtro123.com,2026-07-05T15:12:35.407032+00:00,4.5,35.0,Thanh Xuân,can_ho_mini,0,1,0,0,0,0,0,0,0,0,1,0.1285714285714285
"Cho thuê phòng trọ 1,4 triệu/tháng tại đường Khương Trung quận Thanh Xuân",1400000,12.0,"Số 17H, ngách 211/17, ngõ 211 Đường Khương Trung, Phường Khương Đình, Hà Nội","Liên hệ cô Biên - SĐT nhà riêng: 02435680531 Địa chỉ: số nhà 17H, ngách 211/17, ngõ 211, Khương Trung, Thanh Xuân (ngõ 211… - 308577",0904434690,https://pt123.cdn.static123.com/images/thumbs/450x300/fit/2020/08/08/5_1596871673.jpg,https://phongtro123.com/cho-thue-phong-tro-1tr4-quan-thanh-xuan-pr308577.html,phongtro123.com,2026-07-05T15:12:35.407032+00:00,1.4,12.0,Khương Đình,phong_tro,0,0,0,0,0,0,0,0,0,0,0,0.1166666666666666
"Phòng đẹp Triều Khúc, Thanh Xuân full đồ, phòng mới, ở được ngay",3200000,25.0,"Đường Triều Khúc, Phường Thanh Xuân, Hà Nội","Địa chỉ: 111 Triều Khúc, cách trường Công nghệ GTVT 50m Chính chủ, miễn môi giới Full đồ: điều hòa, nóng lạnh,… - 301580",0866077261,https://pt123.cdn.static123.com/images/thumbs/450x300/fit/2020/08/08/a3f85f0f7362893cd073_1596862354.jpg,https://phongtro123.com/tinh-thanh/ha-noi/111-trieu-khuc-ful-do-dieu-hoam-nong-lanh-giuong-tu-ban-bep-may-giat.html,phongtro123.com,2026-07-05T15:12:35.407032+00:00,3.2,25.0,Thanh Xuân,phong_tro,1,0,0,0,1,0,0,1,0,0,3,0.128
"CCMN 1 ngủ 1 khách Triều Khúc,Thanh Xuân, full đồ, phòng siêu đẹp",4500000,45.0,"111 Đường Triều Khúc, Phường Thanh Xuân, Hà Nội","CCMN 1 phòng ngủ 1 phòng khách. Địa chỉ: Ngõ 111 Triều Khúc, cách trường Công nghệ giao thông vận tải 100m. Cửa sổ… - 307123",0866077261,https://pt123.cdn.static123.com/images/thumbs/450x300/fit/2020/07/16/z1962500114832-7d2962e1a982c2b51eb35b97e427880a_1594868006.jpg,https://phongtro123.com/ccmn-1-ngu-1-khach-gia-5tr-dia-chi-111-trieu-khuc-full-do-pr307123.html,phongtro123.com,2026-07-05T15:12:35.407032+00:00,4.5,45.0,Thanh Xuân,can_ho_mini,0,0,0,0,1,0,0,0,0,0,1,0.1
CHÍNH CHỦ CẦN CHO THUÊ 8 PHÒNG ĐẦY ĐỦ TIỆN NGHI NGAY SAU ROYAL CITY,3000000,18.0,"2A Phố Quan Nhân, Phường Thanh Xuân, Hà Nội","GIA ĐÌNH CHUYỂN LÊN CHUNG CƯ Ở, CẦN CHO THUÊ 8 PHÒNG ĐẦY ĐỦ TIỆN NGHI NGAY SAU ROYAL CITY GIÁ TỪ 3 TRIỆU - Vị trí:… - 308419",0848889191,https://pt123.cdn.static123.com/images/thumbs/450x300/fit/2020/08/06/z2011258530795-32be33030e1b7d8cacef42943ffebe39_1596682304.jpg,https://phongtro123.com/chinh-chu-can-cho-thue-8-phong-day-du-tien-nghi-ngay-sau-royal-city-pr308419.html,phongtro123.com,2026-07-05T15:12:35.407032+00:00,3.0,18.0,Thanh Xuân,can_ho,0,0,0,0,0,0,0,0,0,0,0,0.1666666666666666
"Cho thuê phòng trọ CCMN, khép kín hiện đại có thang máy, NL + ĐH",2500000,20.0,"Phố Chính Kinh, Phường Thanh Xuân, Hà Nội","Cho thuê phòng CCMN 8 tầng có thang máy, khép kín có ĐH – BNL.  S 20 -> 25m, giá từ 2.5tr -> 3tr. LH: 0936398585  - 97878",0936398585,https://pt123.cdn.static123.com/images/thumbs/450x300/fit/2020/07/27/31c414eeec2611784837_1595820453.jpg,https://phongtro123.com/tinh-thanh/ha-noi/cho-thue-phong-tro-ccmn-khep-kin-hien-dai-co-thang-may-nl-dh.html,phongtro123.com,2026-07-05T15:12:35.407032+00:00,2.5,20.0,Thanh Xuân,can_ho_mini,0,1,0,1,0,0,0,0,0,1,3,0.125
CCMN MỚI XÂY trang bị đầy đủ nội thất vào ở ngay tại Quan Nhân,4700000,32.0,"Số nhà 14 ngõ 144/40 Phố Quan Nhân, Phường Thanh Xuân, Hà Nội","CHO THUÊ CĂN HỘ MỚI XÂY TẠI NGÕ 144 QUAN NHÂN Thuận tiện cho việc đi lại, gần khu văn phòng, hành chính, các… - 307999",0984503144,https://pt123.cdn.static123.com/images/thumbs/450x300/fit/2020/07/30/z1999484681360-166b35d5bdaff9e24b7819f5d3d69939_1596083127.jpg,https://phongtro123.com/ccmn-moi-xay-trang-bi-day-du-noi-that-vao-o-ngay-tai-quan-nhan-pr307999.html,phongtro123.com,2026-07-05T15:12:35.407032+00:00,4.7,32.0,Thanh Xuân,can_ho_mini,0,0,0,0,1,0,0,0,0,0,1,0.146875
"Cho thuê phòng khép kín Vũ Tông Phan 40m2 tầng 3, đủ điều hòa, nóng lạnh, giường tủ 2,5tr/tháng",2500000,40.0,"Ngõ 321 Phố Vũ Tông Phan, Phường Khương Đình, Hà Nội","Cho thuê phòng khép kín: - Địa chỉ: 321 Vũ Tông Phan, Khương Trung, Thanh Xuân, Hà Nội. - Diện tích: 40m2 tầng 3 (mỗi… - 307897",0967639291,https://pt123.cdn.static123.com/images/thumbs/450x300/fit/2020/07/29/1_1595989378.jpg,https://phongtro123.com/cho-thue-phong-khep-kin-vu-tong-phan-40m2-tang-3-du-dieu-hoa-nong-lanh-giuong-tu-2-5tr-thang-pr307897.html,phongtro123.com,2026-07-05T15:12:35.407032+00:00,2.5,40.0,Khương Đình,phong_tro,1,1,0,0,0,0,0,1,0,0,3,0.0625
Phòng như khách sạn mặt ngõ 68 Triều Khúc,2800000,18.0,"68 Đường Triều Khúc, Phường Thanh Xuân, Hà Nội","Cho thuê phòng đẹp, mới 100%, Full nội thất cao cấp gỗ Lim tương đương khách sạn 4*, cách âm chuẩn ngủ cả đêm… - 307629",0948321795,https://pt123.cdn.static123.com/images/thumbs/450x300/fit/2020/07/24/z1990559027766-a3b0462850324b94e95b039caecc5815_1595601194.jpg,https://phongtro123.com/phong-nhu-khach-san-mat-ngo-68-trieu-khuc-pr307629.html,phongtro123.com,2026-07-05T15:12:35.407032+00:00,2.8,18.0,Thanh Xuân,phong_tro,0,0,0,0,1,0,0,0,0,0,1,0.1555555555555555
Phòng trọ đầy đủ tiện nghi Đường Giải Phóng Thanh Xuân Hà Nội,1800000,25.0,"1293 Đường Giải Phóng, Phường Phương Liệt, Hà Nội","Mình còn 02 phòng trọ cho thuê tại số nhà 1393 Giải Phóng, Phòng riêng biệt, khép kín, thoáng mát, giờ giấc tự do,… - 307571",0928457828,https://pt123.cdn.static123.com/images/thumbs/450x300/fit/2020/07/23/z1977243391677-69583796f49300dd3a3da183e2488b2b_1595503299.jpg,https://phongtro123.com/phong-tro-day-du-tien-nghi-giai-phong-pr307571.html,phongtro123.com,2026-07-05T15:12:35.407032+00:00,1.8,25.0,Phương Liệt,phong_tro,0,1,0,0,0,0,0,0,0,0,1,0.072
"Cho thuê phòng trọ có điều hòa, riêng chủ quận nội thành",1500000,15.0,"Số 16 ngõ 69B ngách 45 hẻm 16 Đường Hoàng Văn Thái, Phường Khương Đình, Hà Nội","Hiện mình có 3 phòng 15m2 cần cho thuê, gần ngã tư sở. Phòng tầng 1 giá 1tr6 Phòng tầng 3: 1.5tr Phòng tầng 4 có… - 307351",0375713405,https://pt123.cdn.static123.com/images/thumbs/450x300/fit/2020/07/20/z1983649978702-3f91b57f6de2c4166716bcb108d0adc0_1595235021.jpg,https://phongtro123.com/cho-thue-phong-tro-co-dieu-hoa-rieng-chu-quan-noi-thanh-pr307351.html,phongtro123.com,2026-07-05T15:12:35.407032+00:00,1.5,15.0,Khương Đình,phong_tro,1,0,0,0,0,0,0,0,0,0,1,0.1
"Cho thuê phòng trọ ở Quan Nhân, Nhân Chính,Thanh Xuân Hà Nội.",1600000,15.0,"22 Phố Quan Nhân, Phường Thanh Xuân, Hà Nội","Cho thuê phòng trọ ở Nhân Chính Thanh Xuân Hà Nội. DT:15 m2 khép kín, có chỗ để xe riêng. Giá 1trieu6. Đt liên hệ… - 307229",0975890176,https://phongtro123.com/images/thumb_default.svg,https://phongtro123.com/cho-thue-phong-tro-o-quan-nhan-nhan-chinh-thanh-xuan-ha-noi-pr307229.html,phongtro123.com,2026-07-05T15:12:35.407032+00:00,1.6,15.0,Thanh Xuân,phong_tro,0,1,0,0,0,0,0,0,0,1,2,0.1066666666666666
"Cho thuê phòng trọ Phùng Khoang có sẵn một số nội thất cơ bản, giá thuê từ 2,5 triệu đếm 2,6 triệu/tháng",2600000,18.0,"Ngách 61 Ngõ 67 Đường Phùng Khoang, Phường Thanh Xuân, Hà Nội","Hiện tại bên mình có phòng trọ cần cho thuê không chung chủ, giờ giấc thoải mái Địa chỉ: số 6a3 ngách 61 ngõ 67… - 307200",0896652696,https://pt123.cdn.static123.com/images/thumbs/450x300/fit/2020/07/17/z1962227380206-bf314acd8e4af993640029c8c5dac4f4_1594972552.jpg,https://phongtro123.com/cho-thue-phong-tro-phung-khoang-pr307200.html,phongtro123.com,2026-07-05T15:12:35.407032+00:00,2.6,18.0,Thanh Xuân,phong_tro,0,0,0,0,0,0,0,0,0,0,0,0.1444444444444444
"Cho thuê phòng trọ 18m khép kín giá 1,8 triệu/tháng, dt phòng 18m2",1800000,18.0,"Số 11 ngõ 97/1 Đường Khương Trung, Phường Khương Đình, Hà Nội","Cho thuê phòng trọ 18 mét khép kín, có tầng 1 và tầng 5, điện nước tính theo đồng hồ, được để một xe miễn… - 306864",0383991425,https://phongtro123.com/images/thumb_default.svg,https://phongtro123.com/cho-thue-phong-tro-18m-khep-kin-pr306864.html,phongtro123.com,2026-07-05T15:12:35.407032+00:00,1.8,18.0,Khương Đình,phong_tro,0,1,0,0,0,0,0,0,0,0,1,0.1
"Chung cư mi ni 1khách 1ngủ siêu đẹp siêu rẻ chỉ từ 4,6 triệu",5200000,30.0,"11ngõ145 Phố Quan Nhân, Phường Thanh Xuân, Hà Nội","???? CHO THUÊ CĂN HỘ MINI 1 KHÁCH - 1 NGỦ ???? VỊ TRÍ ĐẮC ĐỊA HÀ NỘI ( CÁCH NGÃ TƯ SỞ 500 M, CÁCH ROYALCITY 200 M ) … - 306260",0399026730,https://pt123.cdn.static123.com/images/thumbs/450x300/fit/2020/07/04/received-299712697825391_1593849049.jpg,https://phongtro123.com/chung-cu-mi-ni-1khach-1ngu-sieu-dep-sieu-re-chi-tu-4-6-trieu-pr306260.html,phongtro123.com,2026-07-05T15:12:35.407032+00:00,5.2,30.0,Thanh Xuân,can_ho_mini,0,0,0,0,0,0,0,0,0,0,0,0.1733333333333333
"Nhà nguyên căn 15 ngõ 65 Khương Đình, Thanh Xuân",2500000,20.0,"ngõ 65 Đường Khương Đình, Phường Khương Đình, Hà Nội","Cho thuê nhà 15 ngõ 65 khương đình, nhà dài hẹp, trong nhà là chỗ để xe, để được 2 xe wave rs, tiếp đến là nhà 2… - 306018",0936605772,https://phongtro123.com/images/thumb_default.svg,https://phongtro123.com/nha-nguyen-can-15-ngo-65-khuong-dinh-thanh-xuan-pr306018.html,phongtro123.com,2026-07-05T15:12:37.628833+00:00,2.5,20.0,Khương Đình,nha_nguyen_can,0,0,0,0,0,0,0,0,0,1,1,0.125
"Cho thuê 2 phòng trọ tại nhân chính, diện tích ~10m2, chung chủ, 1.200k/phòng",1200000,10.0,"Ngách 144/8 Phố Quan Nhân, Phường Thanh Xuân, Hà Nội","Chính chủ - Không trung gian - Hiện tại nhà mình còn phòng cho thuê diện tích khoảng 10m2, Phù hợp và ưu tiên cho 1… - 305920",0326203302,https://pt123.cdn.static123.com/images/thumbs/450x300/fit/2020/06/29/2b563324e0d91d8744c8_1593429318.jpg,https://phongtro123.com/cho-thue-2-phong-tro-tai-nhan-chinh-dien-tich-10m2-chung-chu-1-200k-phong-pr305920.html,phongtro123.com,2026-07-05T15:12:37.628833+00:00,1.2,10.0,Thanh Xuân,phong_tro,0,0,0,0,0,0,0,0,0,0,0,0.12
CHO THUÊ NHÀ NGÕ 73 NGUYỄN TRÃI. FULL NỘI THẤT GIÁ TỪ 3TR5,3500000,20.0,"73 Đường Nguyễn Trãi, Phường Khương Đình, Hà Nội",Hiện mình còn 2 Phòng các tầng diện tích từ 22m2 và 35m2 Tại địa chỉ số 11/26B ngõ 73 Đường Nguyễn… - 305727,0989609591,https://pt123.cdn.static123.com/images/thumbs/450x300/fit/2020/06/26/b23333cdce2f33716a3e_1593187191.jpg,https://phongtro123.com/cho-thue-nha-ngo-73-nguyen-trai-full-noi-that-gia-tu-3tr5-pr305727.html,phongtro123.com,2026-07-05T15:12:37.628833+00:00,3.5,20.0,Khương Đình,phong_tro,0,0,0,0,1,0,0,0,0,0,1,0.175
"Cho thuê phòng trọ Vương Thừa Vũ cực kỳ sạch đẹp, full đồ",4500000,32.0,"Đường Vương Thừa Vũ, Phường Khương Đình, Hà Nội","Nhà mình còn 1 cho thuê ở Vương Thừa Vũ, có thể đi vào từ Hoàng Văn Thái, Khương Trung. Phân lô quân đội, an ninh… - 304970",0931109569,https://pt123.cdn.static123.com/images/thumbs/450x300/fit/2020/06/17/94616232-249612539567531-5641231679763775488-o_1592355419.jpg,https://phongtro123.com/phong-tro-sach-dep-nga-tu-so-30m-san-go-full-do-pr304970.html,phongtro123.com,2026-07-05T15:12:37.628833+00:00,4.5,32.0,Khương Đình,phong_tro,0,0,0,0,1,0,0,0,0,0,1,0.140625
Cho thuê tầng 3 rộng 30m gần Royal City,2500000,30.0,"Số nhà 6 ngõ 189 giáp nhất Đường Giáp Nhất, Phường Khương Đình, Hà Nội","Tầng rộng có thể ở từ 2-3 người. Có nhà vệ sinh và bếp riêng biệt. Có chỗ để xe. Khu vực an ninh tốt, thoáng… - 305299",0947716398,https://pt123.cdn.static123.com/images/thumbs/450x300/fit/2020/06/21/img20200621161235_1592732593.jpg,https://phongtro123.com/cho-thue-tang-3-rong-30m-gan-royal-city-pr305299.html,phongtro123.com,2026-07-05T15:12:37.628833+00:00,2.5,30.0,Khương Đình,phong_tro,0,0,0,0,0,0,0,0,0,1,1,0.0833333333333333
Nhà trọ Homestay khu vực Ngã tư sở,1450000,25.0,"160 Phố Quan Nhân, Phường Thanh Xuân, Hà Nội",Tưng Bừng Khai Trương Homestay mặt đường Quan Nhân ------------------------ ƯU ĐÃI ĐẶC BIỆT THÁNG 6 MIỄN PHÍ NGAY… - 305062,0929306618,https://pt123.cdn.static123.com/images/thumbs/450x300/fit/2020/06/18/101283404-540465323292722-5412157619051692032-o_1592453484.jpg,https://phongtro123.com/nha-tro-homestay-khu-vuc-nga-tu-so-pr305062.html,phongtro123.com,2026-07-05T15:12:37.628833+00:00,1.45,25.0,Thanh Xuân,phong_tro,0,0,0,0,0,0,0,0,0,0,0,0.0579999999999999
"Cho thuê phòng, Vũ Hữu, Thanh Xuân, giá 1.4tr",1400000,12.0,"212 Phố Vũ Hữu, Phường Thanh Xuân, Hà Nội","Cho thuê phòng trọ: + Tầng 4, Diện tích 12m2; giá 1.4 triệu/ tháng; vệ sinh khép kín. + Tầng 5, Diện tích 15m2; giá 1.8… - 302444",0975906075,https://phongtro123.com/images/thumb_default.svg,https://phongtro123.com/cho-thue-phong-vu-huu-thanh-xuan-gia-1-4t-pr302444.html,phongtro123.com,2026-07-05T15:12:37.628833+00:00,1.4,12.0,Thanh Xuân,phong_tro,0,1,0,0,0,0,0,0,0,0,1,0.1166666666666666
"Cho thuê phòng chính chủ giá 1.6 triệu/tháng Khương Đình, Thanh Xuân",1600000,20.0,"Đường Bùi Xương Trạch, Phường Khương Đình, Hà Nội",Cho thuê phòng chính chủ diện tích 20m2 khép kín tại Ngõ 1 Bùi Xương Trạch khương đình thanh xuân. Phòng sạch sẽ… - 304463,0915154036,https://pt123.cdn.static123.com/images/thumbs/450x300/fit/2020/06/10/202002141849-201909120953-201908131400-20_1591753003.jpg,https://phongtro123.com/cho-thue-phong-chinh-chu-1-6-trieu-thang-khuong-dinh-thanh-xuan-1-pr304463.html,phongtro123.com,2026-07-05T15:12:37.628833+00:00,1.6,20.0,Khương Đình,phong_tro,0,1,0,0,0,0,0,0,0,0,1,0.08
"Phòng để ở tầng 1 15m2, đi lại thoải mái, wc riêng, mát mẻ, wifi, nóng lạnh",2200000,15.0,"Nhà 22, ngách 1, ngõ 162 Khương Đình Đường Khương Đình, Phường Khương Đình, Hà Nội","Mô tả: Nhà 4 tầng để ở trọ, Tầng 1 để xe chung + 1 phòng kết hợp bếp (CHO THUÊ), tầng 4 để giặt, phơi đồ… - 304333",0946679286,https://pt123.cdn.static123.com/images/thumbs/450x300/fit/2020/06/08/9ff6bf1766949ccac585_1591606542.jpg,https://phongtro123.com/phong-de-o-tang-1-15m2-di-lai-thoai-mai-wc-rieng-mat-me-wifi-nong-lanh-pr304333.html,phongtro123.com,2026-07-05T15:12:37.628833+00:00,2.2,15.0,Khương Đình,phong_tro,0,1,0,0,0,0,0,1,1,1,4,0.1466666666666666
"Cho thuê nhà, văn phòng, nhà ở, phòng học",2300000,22.0,"164 Đường Vương Thừa Vũ, Phường Khương Đình, Hà Nội","nhà riêng 2 buồng , khép kín , có vệ sinh riêng ,phòng thoáng mát , gần chợ và các trường đại học , bệnh viện rất… - 304135",0984185458,https://pt123.cdn.static123.com/images/thumbs/450x300/fit/2020/06/05/vtv1_1591349481.jpg,https://phongtro123.com/cho-thue-nha-van-phong-nha-o-phong-hoc-pr304135.html,phongtro123.com,2026-07-05T15:12:37.628833+00:00,2.3,22.0,Khương Đình,phong_tro,0,1,0,0,0,0,0,0,0,0,1,0.1045454545454545
"Cho thuê tầng 1 và 3 (mỗi tầng 45m2, chia 2 phòng mỗi tầng)",4000000,45.0,"Số nhà 61 Ngõ 42 Đường Triều Khúc, Phường Thanh Xuân, Hà Nội","Phòng trọ gần các truòng ĐH Công nghệ GTVT, ĐH Hà Nội, đối diện Khu đô thị Pandora, gần chung cư PCCC mới xây, cách… - 303777",0383199306,https://pt123.cdn.static123.com/images/thumbs/450x300/fit/2020/05/31/01_1590938735.jpg,https://phongtro123.com/cho-thue-tang-1-va-3-moi-tang-45m2-chia-2-phong-moi-tang-pr303777.html,phongtro123.com,2026-07-05T15:12:37.628833+00:00,4.0,45.0,Thanh Xuân,can_ho,0,0,0,0,0,0,0,0,0,0,0,0.0888888888888888
"Nhà trọ Khương Đình, Thanh Xuân nóng lạnh, giá 1tr7 cho 1 nữ",1700000,14.0,"55/358 Đường Bùi Xương Trạch, Phường Khương Đình, Hà Nội","55/358 Bùi Xương Trạch 1.700.000 Cần tìm MỘT BẠN NỮ (CHỈ 1 VÀ LÀ NỮ) để nhượng lại Phòng trọ lát gỗ, hè… - 303772",0366644917,https://pt123.cdn.static123.com/images/thumbs/450x300/fit/2020/05/31/img-20200529-200044_1590929240.jpg,https://phongtro123.com/nha-tro-khuong-dinh-thanh-xuan-nong-lanh-1tr7-cho-1-nu-pr303772.html,phongtro123.com,2026-07-05T15:12:37.628833+00:00,1.7,14.0,Khương Đình,phong_tro,0,0,0,0,0,0,0,1,0,0,1,0.1214285714285714
Cho thuê nhà cấp 4 khép kín ngõ 211 Khương Trung,2900000,32.0,"Ngõ 211, Phường Khương Đình, Hà Nội","Mình muốn cho thuê căn nhà cấp 4 khép kín có diện tích 32m2, có 1 phòng ngủ lớn, 1 phòng ngoài nhỏ và phòng bếp cùng… - 303424",0969249208,https://pt123.cdn.static123.com/images/thumbs/450x300/fit/2020/05/25/inbound5229646610890364445_1590419900.jpg,https://phongtro123.com/cho-thue-nha-cap-4-khep-kin-ngo-211-khuong-trung-pr303424.html,phongtro123.com,2026-07-05T15:12:37.628833+00:00,2.9,32.0,Khương Đình,phong_tro,0,1,0,0,0,0,0,0,0,0,1,0.090625
Cho thuê phòng ở tầng 2 - 2 phòng 30m2/phòng,5600000,30.0,"23 ngõ 12 Đường Phan Đình Giót, Phường Phương Liệt, Hà Nội",Có 2 phòng diện tích 60m2 tầng 2 có công trình phụ ở giữa. Nhà mặt bờ sông ngõ 12 Phan Đình Giót có vỉa hè 2 ô tô… - 303294,0898553866,https://pt123.cdn.static123.com/images/thumbs/450x300/fit/2020/05/23/img-20200223-1724302-collage_1590250688.jpg,https://phongtro123.com/cho-thue-phong-o-tang-2-2-phong-30m2-phong-pr303294.html,phongtro123.com,2026-07-05T15:12:37.628833+00:00,5.6,30.0,Phương Liệt,phong_tro,0,0,0,0,0,0,0,0,0,0,0,0.1866666666666666
"*** CHUNG CƯ MINI HIỆN ĐẠI, MỚI TINH - GIÁ CẢ BÌNH DÂN***",3500000,25.0,"46, ngõ 109 Đường Hoàng Ngân, Phường Thanh Xuân, Hà Nội","CÁC BẠN SẼ ĐƯỢC: 1. TỰ DO GIỜ GIẤC 2. PHÒNG CÓ CỬA SỔ, RÈM CỬA THOÁNG MÁT 3. BẾP NẤU ĂN SẠCH SẼ, TIỆN… - 303230",0886341226,https://pt123.cdn.static123.com/images/thumbs/450x300/fit/2020/05/22/img-0446_1590162486.jpg,https://phongtro123.com/chung-cu-mini-hien-dai-moi-tinh-gia-ca-binh-dan-pr303230.html,phongtro123.com,2026-07-05T15:12:37.628833+00:00,3.5,25.0,Thanh Xuân,can_ho_mini,0,0,0,0,0,0,0,0,0,0,0,0.14
Cho thuê phòng khép kín ở Khương Trung,3000000,35.0,"Đường Khương Trung, Phường Khương Đình, Hà Nội","Phòng trên tầng 5 rộng 35m2 bao gồm 01 phòng ngủ, 01 nhà vệ sinh, 01 bếp. có ban công. Gần trường, gần chợ, thuận… - 164684",0904754385,https://pt123.cdn.static123.com/images/thumbs/450x300/fit/2020/05/22/anh-2_1590142801.jpg,https://phongtro123.com/tinh-thanh/ha-noi/cho-thue-phong-khep-kin-o-khuong-trung.html,phongtro123.com,2026-07-05T15:12:37.628833+00:00,3.0,35.0,Khương Đình,phong_tro,0,1,1,0,0,0,0,0,0,0,2,0.0857142857142857
"Cho nữ thuê phòng Chính Kinh, Thanh Xuân",1800000,17.0,"Phố Chính Kinh, Hà Nội","Cho Nữ thuê phòng Ngõ 12 chính kinh, Thanh xuân, HN. Phòng thoáng mát, sach sẽ, đầy đủ tiện nghi, có chỗ nấu ăn riêng,… - 303160",0986627508,https://phongtro123.com/images/thumb_default.svg,https://phongtro123.com/cho-nu-thue-phong-chinh-kinh-thanh-xuan-pr303160.html,phongtro123.com,2026-07-05T15:12:37.628833+00:00,1.8,17.0,unknown,phong_tro,0,0,0,0,0,0,0,0,0,0,0,0.1058823529411764
Nhà A1 Kim Giang 50m2 tầng 2 2pn 1pk,5000000,50.0,"202 Đường Hoàng Đạo Thành, Phường Khương Đình, Hà Nội",dt 50m2 2 pn 1 pk 1 vs 1 dt phụ các bạn vui lòng liên hệ cc cô lợi dt 50m2 2 pn 1 pk 1 vs 1 dt phụ các bạn vui lòng liên… - 303031,0913097467,https://pt123.cdn.static123.com/images/thumbs/450x300/fit/2020/05/20/kg-1_1589942512.jpg,https://phongtro123.com/nha-a1-kim-giang-50m2-tang-2-2pn-1-pk-pr303031.html,phongtro123.com,2026-07-05T15:12:37.628833+00:00,5.0,50.0,Khương Đình,phong_tro,0,0,0,0,0,0,0,0,0,0,0,0.1
"Nhà trọ 22-30m2, khép kín, nội thất đầy đủ",3500000,30.0,"số 15, ngách 144/4 Phố Quan Nhân, Phường Thanh Xuân, Hà Nội","Cho thuê phòng trọ diện tích 22-30 m2, phòng khép kín có điều hòa nóng lạnh và giường tủ đầy đủ. Nhà đường… - 302925",0916148998,https://pt123.cdn.static123.com/images/thumbs/450x300/fit/2020/05/18/1_1589794413.jpg,https://phongtro123.com/nha-tro-22-30m2-khep-kin-noi-that-day-du-pr302925.html,phongtro123.com,2026-07-05T15:12:37.628833+00:00,3.5,30.0,Thanh Xuân,phong_tro,1,1,0,0,1,0,0,1,0,0,4,0.1166666666666666
"Cho thuê phòng đủ nội thất, giá 1.5 - 2.5tr/tháng. Gần trường ĐH Công đoàn, Thủy lợi, HV Ngân hàng",2000000,18.0,"Phố Cự Lộc, Hà Nội","Nhà 5 tầng, còn mới, chia nhiều phòng cho thuê, sân thượng phơi đồ thoáng mát. Các phòng có sẵn nội thất như sàn… - 302743",0977610598,https://pt123.cdn.static123.com/images/thumbs/450x300/fit/2020/05/15/96287040-1164009257107535-3881624337832214528-n_1589529748.jpg,https://phongtro123.com/cho-thue-phong-du-noi-that-gia-1-5-2-5tr-thang-gan-truong-dh-cong-doan-thuy-loi-hv-ngan-hang-pr302743.html,phongtro123.com,2026-07-05T15:12:37.628833+00:00,2.0,18.0,unknown,phong_tro,0,0,0,0,0,0,0,0,0,0,0,0.1111111111111111
Phòng trọ mới xây đầy đủ tiện nghi-Triều Khúc,1800000,18.0,"Đường Triều Khúc, Phường Thanh Xuân, Hà Nội","Phòng trọ với đầy đủ tiện ích bình nóng lạnh, điều hòa, chỗ nấu ăn, giường, bàn, wifi,.... Không gian thoáng… - 224003",0962113331,https://pt123.cdn.static123.com/images/thumbs/450x300/fit/2020/05/07/5f925b08f0330a6d5322_1588811284.jpg,https://phongtro123.com/tinh-thanh/ha-noi/phong-tro-moi-xay-day-du-tien-nghi-trieu-khuc.html,phongtro123.com,2026-07-05T15:12:40.056179+00:00,1.8,18.0,Thanh Xuân,phong_tro,1,0,0,0,0,0,0,1,1,0,3,0.1
"Chính chủ cho thuê phòng ở ngõ 192 Kim Giang, giá 1,7 triệu/tháng",1700000,24.0,"Đường Kim Giang, Phường Khương Đình, Hà Nội","Chính chủ cho thuê phòng ở ngõ 192 Kim Giang, giá 1,7 triệu/tháng. Phòng trong nhà 4 tầng, mỗi tầng 2 phòng… - 136942",0945931616,https://phongtro123.com/images/thumb_default.svg,https://phongtro123.com/tinh-thanh/ha-noi/chinh-chu-cho-thue-phong-o-ngo-192-kim-giang-gia-17-trieuthang.html,phongtro123.com,2026-07-05T15:12:40.056179+00:00,1.7,24.0,Khương Đình,phong_tro,0,0,0,0,0,0,0,0,0,0,0,0.0708333333333333
Cho thuê phòng trọ nhà 18 hẻm 9 ngách 77 ngõ 207 phố Bùi Xương Trạch - Thanh Xuân – Hà Nội,1700000,13.0,"18/9/77/207 Đường Bùi Xương Trạch, Phường Khương Đình, Hà Nội",Cho thuê phòng trọ nhà 18 hẻm 9 ngách 77 ngõ 207 phố Bùi Xương Trạch - Thanh Xuân – Hà Nội Cho thuê phòng trọ 13m2 ở… - 302097,0904401486,https://pt123.cdn.static123.com/images/thumbs/450x300/fit/2020/05/05/1_1588685201.jpg,https://phongtro123.com/tinh-thanh/ha-noi/cho-thue-phong-tro-nha-18-hem-9-ngach-77-ngo-207-pho-bui-xuong-trach-thanh-xuan-ha-noi.html,phongtro123.com,2026-07-05T15:12:40.056179+00:00,1.7,13.0,Khương Đình,phong_tro,0,0,0,0,0,0,0,0,0,0,0,0.1307692307692307
"Cần cho thuê phòng CHUNG CƯ MINI (mới - hiện đại) ở Kim Giang, Hà Nội",2800000,28.0,"54 Ngõ 482 Đường Kim Giang, Phường Khương Đình, Hà Nội","Cần cho thuê phòng CHUNG CƯ MINI (mới - hiện đại) đầy đủ nội thất, rộng đẹp thoáng mát ở Ngõ 482 Kim Giang, Hà… - 302028",0866419668,https://pt123.cdn.static123.com/images/thumbs/450x300/fit/2020/05/04/1_1588602284.jpg,https://phongtro123.com/tinh-thanh/ha-noi/can-cho-thue-phong-chung-cu-mini-moi-hien-dai-o-kim-giang-ha-noi.html,phongtro123.com,2026-07-05T15:12:40.056179+00:00,2.8,28.0,Khương Đình,can_ho_mini,0,0,0,0,1,0,0,0,0,0,1,0.0999999999999999
"Cho thuê nhà trọ, ngõ 97 Khương Trung (gần Ngã Tư Sở)",1500000,16.0,"số nhà 02, ngách 97/25, ngõ 97 Đường Khương Trung, Phường Khương Đình, Hà Nội","Cho thuê nhà trọ, ngõ 97, phố Khương Trung (gần Ngã Tư Sở), Quận Thanh Xuân, 1 đến 2 nữ (ưu tiên những bạn đã đi… - 301933",0989098603,https://pt123.cdn.static123.com/images/thumbs/450x300/fit/2020/05/03/chrysanthemum_1588494789.jpg,https://phongtro123.com/tinh-thanh/ha-noi/cho-thue-nha-tro-ngo-97-khuong-trung-gan-nga-tu-so.html,phongtro123.com,2026-07-05T15:12:40.056179+00:00,1.5,16.0,Khương Đình,phong_tro,0,0,0,0,0,0,0,0,0,0,0,0.09375
Chính chủ cho thuê phòng trọ 25m2 - 30m2 mới xây 100% - giờ giấc tự do,3300000,25.0,"Đường Lê Văn Lương, Hà Nội","* Chính chủ cho thuê chung cư mini ở ngôi nhà được thiết kế hiện đại có thang máy, có khu nấu ăn riêng biệt, phòng… - 293647",0985466872,https://pt123.cdn.static123.com/images/thumbs/450x300/fit/2019/12/24/1_1577158300.jpg,https://phongtro123.com/tinh-thanh/ha-noi/chinh-chu-cho-thue-phong-tro-25m2-30m2-moi-xay-100-gio-giac-tu-do.html,phongtro123.com,2026-07-05T15:12:40.056179+00:00,3.3,25.0,unknown,can_ho_mini,0,0,0,1,0,0,0,0,0,1,2,0.132
"Cho thuê phòng trọ Vương Thừa Vũ, 30m2 đẹp full đồ 4 triệu",4000000,30.0,"Đường Vương Thừa Vũ, Phường Khương Đình, Hà Nội","Mình có phòng cho thuê tại Vương Thừa Vũ Phòng 30m2 khép kín đầy đủ nội thất: máy giặt, tủ lạnh, điều hòa,… - 285384",0931109569,https://pt123.cdn.static123.com/images/thumbs/450x300/fit/2019/07/21/z1460976343585-1ce893111ba56ea2069b66a909540ab2_1563710352.jpg,https://phongtro123.com/tinh-thanh/ha-noi/cho-thue-phong-tro-vuong-thua-vu-phong-dep-full-noi-that.html,phongtro123.com,2026-07-05T15:12:40.056179+00:00,4.0,30.0,Khương Đình,phong_tro,1,1,0,0,1,0,1,0,0,0,4,0.1333333333333333
"Cho thuê phòng trọ khép kín, chính chủ k qua môi giới",2300000,15.0,"ngõ 36 vũ trọng phung Đường Vũ Trọng Phụng, Phường Thanh Xuân, Hà Nội","Cho thuê phòng trong nhà riêng Địa chỉ: Số 14 ngõ 36 Vũ Trọng , Thanh Xuân Diện tích: 15m2, có ban công, có wc riêng bên… - 301793",0976125010,https://phongtro123.com/images/thumb_default.svg,https://phongtro123.com/tinh-thanh/ha-noi/cho-thue-phong-tro-khep-kin-chinh-chu-k-qua-moi-gioi.html,phongtro123.com,2026-07-05T15:12:40.056179+00:00,2.3,15.0,Thanh Xuân,phong_tro,0,1,1,0,0,0,0,0,0,0,2,0.1533333333333333
Căn hộ chung cư mini gần đường Nguyễn xiển,3000000,20.0,"Đường Nguyễn Xiển, Phường Thanh Xuân, Hà Nội","Căn chung cư mini thuộc vị trí căn góc Thuộc khu nhà chung cư mini mới xây, đông đúc, tiện ích dân cư, cửa hàng,… - 301753",0915166396,https://pt123.cdn.static123.com/images/thumbs/450x300/fit/2020/04/29/d69b9b144503bf5de612_1588133020.jpg,https://phongtro123.com/tinh-thanh/ha-noi/can-ho-chung-cu-mini-gan-duong-nguyen-xien.html,phongtro123.com,2026-07-05T15:12:40.056179+00:00,3.0,20.0,Thanh Xuân,can_ho_mini,0,0,0,0,0,0,0,0,0,0,0,0.15
CHO THUÊ PHÒNG TRỌ GIÁ RẺ THỜI COVID,1700000,25.0,"23C ngõ 12 Phố Chính Kinh, Phường Thanh Xuân, Hà Nội","Địa điểm gần trường ĐH XH Nhân Văn ( cách 1km ), cạnh chợ Nhân Chính, cách Ngã Tư Sở 1km, cách Royal City 500m CÒN… - 301277",0934444044,https://pt123.cdn.static123.com/images/thumbs/450x300/fit/2020/04/17/946191-10156734517855013-6564890030106604137-n_1587130221.jpg,https://phongtro123.com/tinh-thanh/ha-noi/cho-thue-phong-tro-gia-re-thoi-covid.html,phongtro123.com,2026-07-05T15:12:40.056179+00:00,1.7,25.0,Thanh Xuân,phong_tro,0,0,0,0,0,0,0,0,0,0,0,0.068
Cho thuê phòng khép kín Chính Kinh,3000000,30.0,"Ngõ 50 Phố Chính Kinh, Phường Thanh Xuân, Hà Nội","Cho thuê căn hộ 30m2, ở phố Chính Kinh gần chợ gần trường học, gần đường Nguyễn Trãi Đã có điều hòa, tủ… - 300897",0978978085,https://phongtro123.com/images/thumb_default.svg,https://phongtro123.com/tinh-thanh/ha-noi/cho-thue-phong-khep-kin-chinh-kinh.html,phongtro123.com,2026-07-05T15:12:40.056179+00:00,3.0,30.0,Thanh Xuân,can_ho,1,1,0,0,0,0,0,0,0,0,2,0.1
"Cho thuê nhà số 5, ngõ 274 Lê Trọng Tấn, 2,5 triệu/tháng",2500000,25.0,"5/274 Phố Lê Trọng Tấn, Phường Phương Liệt, Hà Nội","- Phòng nằm trong nhà 5 tầng, sàn lát đá hoa, số 5, ngõ 274, cách mặt đường Lê Trọng Tấn 50m. - Rộng 25 m2. - Nhà… - 299836",0904333442,https://pt123.cdn.static123.com/images/thumbs/450x300/fit/2020/03/13/anh-1_1584068225.jpg,https://phongtro123.com/tinh-thanh/ha-noi/cho-thue-nha-so-5-ngo-274-le-trong-tan-2-5-trieu-thang.html,phongtro123.com,2026-07-05T15:12:40.056179+00:00,2.5,25.0,Phương Liệt,phong_tro,0,0,0,0,0,0,0,0,0,0,0,0.1
Cho thuê phòng trọ đầy đủ nội thất giá rẻ,3000000,17.0,"61 Phố Ngụy Như Kon Tum, Phường Thanh Xuân, Hà Nội","""Cho thuê phòng trọ số nhà 61 ngõ 68 Phố Ngụy Như Kon Tum, Quận thanh xuân. Phòng trọ trong tòa nhà 5 tầng có cầu thang… - 299665",0961595588,https://pt123.cdn.static123.com/images/thumbs/450x300/fit/2020/03/10/53d008160eaeebf0b2bf_1583826493.jpg,https://phongtro123.com/tinh-thanh/ha-noi/cho-thue-phong-tro-day-du-noi-that-gia-re.html,phongtro123.com,2026-07-05T15:12:40.056179+00:00,3.0,17.0,Thanh Xuân,phong_tro,0,0,0,0,1,0,0,0,0,0,1,0.1764705882352941
"Cho thuê CCMN chính chủ Khương Đình, Thanh Xuân",1700000,20.0,"Đường Bùi Xương Trạch, Phường Khương Đình, Hà Nội",Tôi có nhu cầu cho thuê CCMN chính chủ tại Bùi Xương Trạch khương đình thanh xuân. Diện tích các phòng từ 18m2 - 20m2… - 299521,0915154036,https://pt123.cdn.static123.com/images/thumbs/450x300/fit/2020/03/08/201908130250-201809091456-201803134045-20_1583638980.jpg,https://phongtro123.com/tinh-thanh/ha-noi/cho-thue-ccmn-chinh-chu-khuong-dinh-thanh-xuan.html,phongtro123.com,2026-07-05T15:12:40.056179+00:00,1.7,20.0,Khương Đình,can_ho_mini,0,0,0,0,0,0,0,0,0,0,0,0.0849999999999999
"CHO THUÊ PHÒNG Ở GẦN KHU NGÃ TƯ SỞ, GIỜ GIẤC TỰ DO",2300000,16.0,"10 Đường Vương Thừa Vũ, Phường Khương Đình, Hà Nội","- Phòng có cửa sổ, ban công rộng rãi thoáng mát. - Đầy đủ điều hòa, máy giặt, nóng lạnh, wifi - Nhà nằm ngay… - 299436",0966003636,https://pt123.cdn.static123.com/images/thumbs/450x300/fit/2020/03/06/20200226094356-e6eb-wm_1583502467.jpg,https://phongtro123.com/tinh-thanh/ha-noi/cho-thue-phong-o-gan-khu-nga-tu-so-gio-giac-tu-do.html,phongtro123.com,2026-07-05T15:12:40.056179+00:00,2.3,16.0,Khương Đình,phong_tro,1,0,1,0,0,0,1,1,1,0,5,0.14375
"Cho thuê phòng trọ Ngã Tư Sở, 32m sàn gỗ sạch đẹp full đồ",4900000,32.0,"Đường Hoàng Văn Thái, Phường Phương Liệt, Hà Nội","Nhà mình còn phòng ở Vương Thừa Vũ cho thuê, có thể đi vào từ Hoàng Văn Thái, Khương Trung. Phòng rộng đẹp đầy… - 282440",0931109569,https://pt123.cdn.static123.com/images/thumbs/450x300/fit/2020/02/25/69058526-499710747473715-1569782599335804928-n_1582618096.jpg,https://phongtro123.com/tinh-thanh/ha-noi/cho-thue-nha-tro-nga-tu-so-30m-khep-kin-full-dieu-hoa-may-giat.html,phongtro123.com,2026-07-05T15:12:40.056179+00:00,4.9,32.0,Phương Liệt,phong_tro,0,0,0,0,1,0,0,0,0,0,1,0.153125
"Cho thuê phòng trọ Nguyễn Trãi, Thanh Xuân",2500000,18.0,"số 15 tổ 2 ngõ 129 Đường Nguyễn Trãi, Phường Khương Đình, Hà Nội","Có phòng cho thuê - Diện tích: 18m2 - Vệ sinh khép kín - Có điều hòa, bình nóng lạnh - Có ban công, khu nấu ăn, có… - 292901",0372279807,https://pt123.cdn.static123.com/images/thumbs/450x300/fit/2019/12/10/img-1520_1575948633.jpg,https://phongtro123.com/tinh-thanh/ha-noi/cho-thue-phong-tro-nguyen-trai.html,phongtro123.com,2026-07-05T15:12:40.056179+00:00,2.5,18.0,Khương Đình,phong_tro,1,1,1,0,0,0,0,1,0,0,4,0.1388888888888889
Cho thuê phòng khu vực Trường Chinh,3500000,20.0,"Phố Phương Liệt, Phường Phương Liệt, Hà Nội","Mình đang thừa 1 phòng ở ngõ 83 Trường Chinh (ngõ 156 Phương Liệt) cần cho thuê. - Thông tin phòng: Rộng khoảng 20m2,… - 296224",0968867965,https://pt123.cdn.static123.com/images/thumbs/450x300/fit/2020/02/24/my-new-project-1-2_1582525941.jpg,https://phongtro123.com/tinh-thanh/ha-noi/cho-thue-phong-khu-vuc-truong-chinh.html,phongtro123.com,2026-07-05T15:12:40.056179+00:00,3.5,20.0,Phương Liệt,phong_tro,0,0,0,0,0,0,0,0,0,0,0,0.175
Cho sinh viên thuê phòng - ưu tiên nữ,1600000,16.0,"142 Đường Thượng Đình, Phường Khương Đình, Hà Nội","Tầng 2-3 Giờ giấc tự do Điện, nước 180k/ tháng Internet: 50k/ người Cọc 1 tháng thuê nhà Diện tích: 16m2 ( phòng… - 295396",0912956335,https://pt123.cdn.static123.com/images/thumbs/450x300/fit/2020/02/12/49e7ede4-d715-4d8c-96e6-1c18e0fd8bab_1581499614.jpg,https://phongtro123.com/tinh-thanh/ha-noi/cho-sinh-vien-thue-phong-uu-tien-nu.html,phongtro123.com,2026-07-05T15:12:40.056179+00:00,1.6,16.0,Khương Đình,phong_tro,0,0,0,0,0,0,0,0,1,0,1,0.1
Homestay dành cho nữ ngụy như Kon Tum,1600000,30.0,"102 ngõ 80 Phố Ngụy Như Kon Tum, Phường Thanh Xuân, Hà Nội","Chỉ 1.600k/người/tháng MIỄN PHÍ 100%: Internet, nước uống, full đồ sử dụng, giúp việc dọn phòng hàng… - 295291",0982796980,https://pt123.cdn.static123.com/images/thumbs/450x300/fit/2020/02/11/5479aca7bc4f44111d5e_1581408394.jpg,https://phongtro123.com/tinh-thanh/ha-noi/homestay-danh-cho-nu-nguy-nhu-kon-tum.html,phongtro123.com,2026-07-05T15:12:40.056179+00:00,1.6,30.0,Thanh Xuân,phong_tro,0,0,0,0,1,0,0,0,1,0,2,0.0533333333333333
"Phòng trọ 2tr Khương Đình, Thanh Xuân",2000000,15.0,"số 10 ngõ 162/28/12 Đường Khương Đình, Phường Khương Đình, Hà Nội",Nhà riêng 1 tầng + Gác xép. - Giá điện: Tính theo đồng hồ (giá hơn nhà nước 1 xíu) - Giá nước: Tính theo đồng… - 295156,0988242151,https://pt123.cdn.static123.com/images/thumbs/450x300/fit/2020/02/09/81684225-837834926687243-5613336666040172544-n-1_1581239287.jpg,https://phongtro123.com/tinh-thanh/ha-noi/phong-tro-2tr-khuong-dinh-thanh-xuan.html,phongtro123.com,2026-07-05T15:12:41.977942+00:00,2.0,15.0,Khương Đình,phong_tro,0,0,0,0,0,1,0,0,0,0,1,0.1333333333333333
Cho thuê phòng trọ khu vực lê văn lương,2300000,15.0,"95 Phố Quan Nhân, Phường Thanh Xuân, Hà Nội","Phòng trọ khép kín, tầng 3,đường vào thông thoáng, khu phố an ninh trật tự tốt, không ở với chủ. Có chỗ để xe… - 294894",0984181842,https://pt123.cdn.static123.com/images/thumbs/450x300/fit/2020/02/05/timephoto-20200205-193746_1580911585.jpg,https://phongtro123.com/tinh-thanh/ha-noi/cho-thue-phong-tro-khu-vuc-le-van-luong.html,phongtro123.com,2026-07-05T15:12:41.978942+00:00,2.3,15.0,Thanh Xuân,phong_tro,0,1,0,0,0,0,0,0,0,1,2,0.1533333333333333
CĂN HỘ DỊCH VỤ GẦN NGÃ TƯ SỞ THANH XUÂN FULL ĐỒ GIÁ RẺ,4000000,40.0,"125 Đường Bùi Xương Trạch, Phường Khương Đình, Hà Nội",CHO THUÊ CĂN HỘ DỊCH VỤ VÀ CCMN TẠI CÁC ĐỊA CHỈ SAU LH: 0965 936 928 1 - 131 Vương Thừa Vũ - Full Đồ 2 - 97 Khương… - 294837,0565056661,https://pt123.cdn.static123.com/images/thumbs/450x300/fit/2020/02/05/1c7c5c7581b28e276bb39_1580877646.jpg,https://phongtro123.com/tinh-thanh/ha-noi/can-ho-dich-vu-gan-nga-tu-so-thanh-xuan-full-do-gia-re.html,phongtro123.com,2026-07-05T15:12:41.978942+00:00,4.0,40.0,Khương Đình,can_ho_mini,0,0,0,0,1,0,0,0,0,0,1,0.1
"Cho thuê phòng trọ Ngã Tư Sở. Phòng rộng khép kín, full điều hòa, máy giặt",4000000,30.0,"Đường Hoàng Văn Thái, Phường Khương Đình, Hà Nội","Ưu tiên người đi làm, nữ ở sạch sẽ. Mình còn 1 phòng trọ Hoàng Văn Thái, khu quân đội an ninh đảm bảo tuyệt… - 293843",0931109569,https://pt123.cdn.static123.com/images/thumbs/450x300/fit/2020/01/03/69058526-499710747473715-1569782599335804928-n_1578043045.jpg,https://phongtro123.com/tinh-thanh/ha-noi/cho-thue-phong-tro-nga-tu-so-phong-rong-khep-kin-full-dieu-hoa-may-giat.html,phongtro123.com,2026-07-05T15:12:41.978942+00:00,4.0,30.0,Khương Đình,phong_tro,1,1,0,0,0,0,1,0,0,0,3,0.1333333333333333
Cho nữ thuê phòng giá rẻ - Giờ giấc tự do,1800000,16.0,"142 Đường Thượng Đình, Phường Khương Đình, Hà Nội","Cho thuê phòng (tầng 3 trong nhà nguyên căn bếp khép kín, nhà vệ sinh tầng 2 )- tầng 5 ban thờ và ban công dùng… - 294298",0912956335,https://pt123.cdn.static123.com/images/thumbs/450x300/fit/2020/01/10/9a4863e2-b66d-48ce-90ce-8195e4f8b0b0_1578653346.jpg,https://phongtro123.com/tinh-thanh/ha-noi/cho-nu-thue-phong-gia-re-gio-giac-tu-do.html,phongtro123.com,2026-07-05T15:12:41.978942+00:00,1.8,16.0,Khương Đình,nha_nguyen_can,0,1,1,0,0,0,0,0,0,0,2,0.1125
"Mình cần thuê nhà trọ khu vực quận Thanh Xuân, Phường Kim Giang",1000000,10.0,"Dọc đường kim giang Đường Kim Giang, Hà Nội",Do nhu cầu công việc tại khu vực thanh xuân nên mình muốn tìm 1 phòng trọ k cần quá rộng khoảng chừng 10-15 m2 Giá… - 294126,0985986095,https://pt123.cdn.static123.com/images/thumbs/450x300/fit/2020/01/05/b4299bd3-6a75-4787-b290-c6f59c62b85a_1578203732.jpg,https://phongtro123.com/tinh-thanh/ha-noi/minh-can-thue-nha-tro-khu-vuc-quan-thanh-xuan-phuong-kim-giang.html,phongtro123.com,2026-07-05T15:12:41.978942+00:00,1.0,10.0,unknown,phong_tro,0,0,0,0,0,0,0,0,0,0,0,0.1
PHÒNG TRỌ GIÁ 1TR5 BAO ĐIỆN NƯỚC,1500000,8.0,"Phố Vũ Hữu, Phường Thanh Xuân, Hà Nội",Phòng riêng k phải homestay ( chỉ ở 1 người ) giá 1tr5 bao gồm điện nước ( có nóng lạnh ) trong phòng có đủ chăn… - 293444,0327974066,https://pt123.cdn.static123.com/images/thumbs/450x300/fit/2019/12/19/hh_1576759415.jpg,https://phongtro123.com/tinh-thanh/ha-noi/phong-tro-gia-1tr5-bao-dien-nuoc.html,phongtro123.com,2026-07-05T15:12:41.978942+00:00,1.5,8.0,Thanh Xuân,phong_tro,0,0,0,0,0,0,0,1,0,0,1,0.1875
Ở Đây Có Phòng Cho Thuê - Căn Hộ Chung Cư Minh 50m2,6000000,50.0,"621 Phố Vũ Tông Phan, Phường Khương Đình, Hà Nội",CHO THUÊ CĂN HỘ CHUNG CƯ MINI 50M2 CHIA 1 NGỦ 1 KHÁCH ĐỦ ĐỒ TẠI NGÃ TƯ SỞ THANH XUÂN CHỈ CÒN 1 PHÒNG DUY NHẤT TRONG… - 293288,0989706956,https://pt123.cdn.static123.com/images/thumbs/450x300/fit/2019/12/17/z1660989368753-ad2789032f19816c97181cd1f05746df_1576550084.jpg,https://phongtro123.com/tinh-thanh/ha-noi/o-day-co-phong-cho-thue-can-ho-chung-cu-mini-50m2.html,phongtro123.com,2026-07-05T15:12:41.978942+00:00,6.0,50.0,Khương Đình,can_ho_mini,0,0,0,0,0,0,0,0,0,0,0,0.12
"Nhượng phòng 35m ở Kim Giang, Thanh Xuân",4000000,35.0,"Ngõ 282/64 Đường Kim Giang, Hà Nội","Gần ngã tư sở, cách đại học thăng long 500m. Phòng mới xây xong, sạch sẽ, thoáng. Phòng ở tầng 4 Diện tích 35m2 +… - 292676",0976181005,https://pt123.cdn.static123.com/images/thumbs/450x300/fit/2019/12/05/inbound902212102_1575522418.jpg,https://phongtro123.com/tinh-thanh/ha-noi/nhuong-phong-35m-o-kim-giang-thanh-xuan.html,phongtro123.com,2026-07-05T15:12:41.978942+00:00,4.0,35.0,unknown,phong_tro,0,0,0,0,0,0,0,0,0,0,0,0.1142857142857142
"Cho thuê phòng trọ khép kín, giá rẻ 11m2 - 20m2. Thanh Xuân, Nhân Chính",1400000,11.0,"Đường Hoàng Ngân, Phường Thanh Xuân, Hà Nội","Chủ nhà a Đạt cần cho thuê gấp phòng trọ 11m2 - 20m2 Không chung chủ, tự giác giờ giấc. Giá thuê từ 1tr4- rẻ hơn… - 290986",0389053285,https://pt123.cdn.static123.com/images/thumbs/450x300/fit/2019/11/07/img-4453_1573092045.jpg,https://phongtro123.com/tinh-thanh/ha-noi/cho-thue-phong-tro-khep-kin-gia-re-11m2-20m2-thanh-xuan-nhan-chinh.html,phongtro123.com,2026-07-05T15:12:41.978942+00:00,1.4,11.0,Thanh Xuân,phong_tro,0,1,0,0,0,0,0,0,0,0,1,0.1272727272727272
Ngõ 140 Vương Thừa Vũ-Thanh Xuân-Full nội thất,3000000,20.0,"Số 14A ngõ 140 Đường Vương Thừa Vũ, Phường Khương Đình, Hà Nội","Số 14A Ngõ 140 Vương Thừa Vũ-Thanh Xuân ( Trung tâm Ngã tư sở, Cạnh Royal City, ĐH Công Đoàn, ĐH Thủy Lợi…) - Còn 1… - 289525",0886498333,https://pt123.cdn.static123.com/images/thumbs/450x300/fit/2019/10/14/z1173642101347-37cf221bf8e7e9ab99b423748193554f_1571049621.jpg,https://phongtro123.com/tinh-thanh/ha-noi/ngo-140-vuong-thua-vu-thanh-xuan-full-noi-that.html,phongtro123.com,2026-07-05T15:12:41.978942+00:00,3.0,20.0,Khương Đình,phong_tro,0,0,0,0,1,0,0,0,0,0,1,0.15
"Phòng Trọ CCMN Khép kín Đủ Đồ mới 100% dt: 26-30m2 giá từ 3 - 3.4 tr, Triều khúc TT, Thanh Xuân",3000000,30.0,"46 Đường Triều Khúc, Phường Thanh Xuân, Hà Nội","Chính chủ cho thuê Phòng Trọ kiểu Chung Cư Mi Ni Khép Kín mới 100%,Nhà chính chủ không qua môi giới. (Phòng bếp, vệ… - 289896",0962389228,https://pt123.cdn.static123.com/images/thumbs/450x300/fit/2019/10/21/d81ace9d4eb4a8eaf1a5_1571645636.jpg,https://phongtro123.com/tinh-thanh/ha-noi/nha-tro-ccmn-khep-kin-du-do-moi-100-dt-26-30m2-gia-tu-3-34-tr-trieu-khuc-ttthanh-xuanhn.html,phongtro123.com,2026-07-05T15:12:41.978942+00:00,3.0,30.0,Thanh Xuân,can_ho_mini,0,1,0,0,0,0,0,0,0,0,1,0.1
"Cho thuê phòng trong chung cư mini, tầng 2 và tầng 3, giá từ 1.4 -2 tr, điện: 4k/số, nước: 25k/khối",1500000,12.0,"ngõ 1 Đường Bùi Xương Trạch, Phường Khương Đình, Hà Nội","Cho thuê phòng trong chung cư mini , tầng 2 và tầng 3 , giá từ 1.4 -2 tr, điện : 4k/ số, nước : 25k/ khối.Phòng vệ sinh… - 289698",0982064208,https://pt123.cdn.static123.com/images/thumbs/450x300/fit/2019/10/17/anh-nha-1_1571291326.jpg,https://phongtro123.com/tinh-thanh/ha-noi/cho-thue-phong-trong-chung-cu-mini-tang-2-va-tang-3-gia-tu-14-2-tr-dien-4k-so-nuoc-25k-khoi.html,phongtro123.com,2026-07-05T15:12:41.978942+00:00,1.5,12.0,Khương Đình,can_ho_mini,0,0,0,0,0,0,0,0,0,0,0,0.125
"Cho Thuê Phòng mới, sạch, full đồ mới giá hợp lý",2500000,25.0,"250 Đường Hoàng Đạo Thành, Phường Khương Đình, Hà Nội","Tôi còn 3 Phòng mới sạch đẹp cho thuê. Vị trí gần trục đường lớn Kim Giang, Nguyễn Xiển. Đi lại cực kì tiện… - 288137",0988401613,https://pt123.cdn.static123.com/images/thumbs/450x300/fit/2019/09/20/4_1568993966.jpg,https://phongtro123.com/tinh-thanh/ha-noi/cho-thue-phong-moi-sach-full-do-moi-gia-hop-ly.html,phongtro123.com,2026-07-05T15:12:41.979942+00:00,2.5,25.0,Khương Đình,phong_tro,0,0,0,0,1,0,0,0,0,0,1,0.1
Cho thuê 3ph 15-20m ngõ 83B Tân Triều Mới,3000000,18.0,"Ngõ 83B tân triều mới Đường Triều Khúc, Phường Thanh Xuân, Hà Nội","Còn 3 phòng cho thuê -Ngo 83B Đường TÂN TRIỀU MỚI ( tiểu học tân triều) - Diện tích 1520m -1 tầng 2ph/1nvs , thoáng… - 287923",0369552323,https://pt123.cdn.static123.com/images/thumbs/450x300/fit/2019/09/17/cb99801e-ea17-418b-920f-b30bcbed90e3_1568655800.jpg,https://phongtro123.com/tinh-thanh/ha-noi/cho-thue-3ph-15-20m-ngo-83b-tan-trieu-moi.html,phongtro123.com,2026-07-05T15:12:41.979942+00:00,3.0,18.0,Thanh Xuân,phong_tro,0,0,0,0,0,0,0,0,0,0,0,0.1666666666666666
Cho thuê phòng trọ (ưu tiên sinh viên),2500000,25.0,"Đường Lương Thế Vinh, Phường Thanh Xuân, Hà Nội","Cho thuê phòng trọ khu vực Thanh Xuân Bắc (gần KTX, ĐH Hà Nội), diện tích 15-25 m2. Sàn gỗ, điều hòa, nóng lạnh, có… - 287757",0912148183,https://phongtro123.com/images/thumb_default.svg,https://phongtro123.com/tinh-thanh/ha-noi/cho-thue-phong-tro-uu-tien-sinh-vien-2.html,phongtro123.com,2026-07-05T15:12:41.979942+00:00,2.5,25.0,Thanh Xuân,phong_tro,1,0,0,0,0,0,0,1,0,0,2,0.1
"Phòng trọ khép kín có gác, ở ngay",1500000,20.0,"103 Đường Triều Khúc, Phường Thanh Xuân, Hà Nội","2 phòng tầng 1 , vệ sinh riêng biệt , điện nước theo giá nhà nước. Phòng diện tích 10 m vuông , gác cao 2 mét diện… - 287705",0903258798,https://phongtro123.com/images/thumb_default.svg,https://phongtro123.com/tinh-thanh/ha-noi/phong-tro-khep-kin-co-gac-o-ngay.html,phongtro123.com,2026-07-05T15:12:41.979942+00:00,1.5,20.0,Thanh Xuân,phong_tro,0,1,0,0,0,1,0,0,0,0,2,0.075
phòng trọ cho sinh viên thuê (giá rẻ),1000000,10.0,"Đường Kim Giang, Phường Khương Đình, Hà Nội","Tôi có 01 phòng cho thuê :diện tích 10m2có gác xép, có bếp riêng và công trình phụ khép kín, gác xép cao vớitôn chống… - 287287",0904266866,https://phongtro123.com/images/thumb_default.svg,https://phongtro123.com/tinh-thanh/ha-noi/phong-tro-cho-sinh-vien-thue-gia-re.html,phongtro123.com,2026-07-05T15:12:41.979942+00:00,1.0,10.0,Khương Đình,phong_tro,0,1,0,0,0,1,0,0,0,0,2,0.1
"Phòng mới đẹp khu Trung Hòa - Nhân Chính, đủ đồ, dt 20m2, giá 3 triệu/tháng, bao tất cả",3000000,20.0,"Đường Lê Văn Lương, Hà Nội","Cho thuê phòng trọ nằm tại tòa N2D khu Trung Hòa - Nhân Chính, khu dân cư cao cấp, dân trí cao, công tác an ninh được… - 286618",0964969479,https://pt123.cdn.static123.com/images/thumbs/450x300/fit/2019/08/19/d_1566205369.jpg,https://phongtro123.com/tinh-thanh/ha-noi/phong-moi-dep-khu-trung-hoa-nhan-chinh-du-do-dt-20m2-gia-3-trieu-thang-bao-tat-ca.html,phongtro123.com,2026-07-05T15:12:43.882174+00:00,3.0,20.0,unknown,phong_tro,0,0,0,0,0,0,0,0,0,0,0,0.15
"Cho nữ sv, cn thuê phòng Phố Lê Trọng Tấn, Quận Thanh Xuân, Hà Nội",1500000,12.0,"Phố Lê Trọng Tấn, Phường Phương Liệt, Hà Nội","Khu nhà ở ngõ rộng , gần các trường đại học , khu trung tâm thương mại , rất tiện cho các bạn sinh viên , công… - 286278",0902151976,https://phongtro123.com/images/thumb_default.svg,https://phongtro123.com/tinh-thanh/ha-noi/cho-nu%cc%83-sv-cn-thue-phong.html,phongtro123.com,2026-07-05T15:12:43.882174+00:00,1.5,12.0,Phương Liệt,phong_tro,0,0,0,0,0,0,0,0,0,0,0,0.125
"Cho thuê Homestay khu vực Ngã Tư Sở, ở ghép 4-6 người",1600000,25.0,"Đường Vũ Trọng Phụng, Hà Nội","Mô hình homestay chia sẻ không gian sống, chung nhau bếp và phòng khách rộng rãi, 4-6 người 1 phòng ngủ, wc rộng rãi đang… - 286203",0916686570,https://phongtro123.com/images/thumb_default.svg,https://phongtro123.com/tinh-thanh/ha-noi/cho-thue-homestay-khu-vuc-nga-tu-so-o-ghep-4-6-nguoi.html,phongtro123.com,2026-07-05T15:12:43.883322+00:00,1.6,25.0,unknown,o_ghep,0,0,0,0,0,0,0,0,0,0,0,0.064
"Cho thuê phòng trọ phố Phan Đình Giót, Phương Liệt, Thanh Xuân, Hà Nội",4900000,51.0,"Đường Phan Đình Giót, Phường Phương Liệt, Hà Nội",Địa chỉ: Nhà số 8 ngõ 31/1/18 phố phan đình giót - phương liêt - tx hà nội. Hiện nay có 3 phòng cho thuê: 1 phòng… - 285985,0989323816,https://phongtro123.com/images/thumb_default.svg,https://phongtro123.com/tinh-thanh/ha-noi/cho-thue-phong-tro-pho-phan-dinh-giot-phuong-liet-thanh-xuan-ha-noi.html,phongtro123.com,2026-07-05T15:12:43.883322+00:00,4.9,51.0,Phương Liệt,phong_tro,0,0,0,0,0,0,0,0,0,0,0,0.096078431372549
Cho thuê phòng trọ KV Ngã Tư Sở (Khương Đình),2800000,25.0,"Đường Khương Đình, Phường Khương Đình, Hà Nội","#KHUVỰC #THANHXUÂN#NGÃTƯSỞ - Liên hệ: 0988367162 #CCMN Số 8B/24 Ngõ 420 Khương Đình-Thanh Xuân (Khu Ngã tư sở, gần Roal… - 284751",0967902473,https://phongtro123.com/images/thumb_default.svg,https://phongtro123.com/tinh-thanh/ha-noi/cho-thue-tro-kv-nga-tu-so-khuong-dinhvuong-thua-vu.html,phongtro123.com,2026-07-05T15:12:43.883322+00:00,2.8,25.0,Khương Đình,can_ho_mini,0,0,0,0,0,0,0,0,0,0,0,0.1119999999999999
CHO THUÊ PHÒNG TRỌ 1PK+1PN TẠI TRIỀU KHÚC,7000000,45.0,"Đường Triều Khúc, Phường Thanh Xuân, Hà Nội","CHÍNH CHỦ CHO THUÊ 1PK+1PN ở Triều Khúc FULL ĐỒ: giường tủ, nóng lạnh, điều hòa, bếp , đệm, tủ lạnh, bếp, CÓ… - 285424",0377299240,https://phongtro123.com/images/thumb_default.svg,https://phongtro123.com/tinh-thanh/ha-noi/cho-thue-phong-tro-1pk1pn-tai-trieu-khuc.html,phongtro123.com,2026-07-05T15:12:43.883322+00:00,7.0,45.0,Thanh Xuân,phong_tro,1,0,0,0,1,0,0,1,0,0,3,0.1555555555555555
Cho thuê phòng trọ khu vực Phố Vọng,2000000,25.0,"Phố Phương Liệt, Phường Phương Liệt, Hà Nội","Phòng trọ trong ngõ phố Phương Liệt, Quận Thanh Xuân. Tiện ích khu vực: Gần siêu thị Fivimart, Trường đại học kinh… - 284606",0916236789,https://phongtro123.com/images/thumb_default.svg,https://phongtro123.com/tinh-thanh/ha-noi/cho-thue-phong-tro-khu-vuc-pho-vong.html,phongtro123.com,2026-07-05T15:12:43.883322+00:00,2.0,25.0,Phương Liệt,phong_tro,0,0,0,0,0,0,0,0,0,0,0,0.08
CHO THUÊ MỘT PHÒNG RIÊNG,1700000,12.0,"Phường Thanh Xuân, Hà Nội","cho thuê 1 phòng riêng biệt tầng 2 tập thể tx bắc nhà A6.dt 12m2 có điều hòa,nóng lạnh,bếp riêng.nhà vs dùng chung 1… - 285053",0993812419,https://phongtro123.com/images/thumb_default.svg,https://phongtro123.com/tinh-thanh/ha-noi/cho-thue-mot-phong-rieng.html,phongtro123.com,2026-07-05T15:12:43.883322+00:00,1.7,12.0,Thanh Xuân,phong_tro,1,0,0,0,0,0,0,1,0,0,2,0.1416666666666666
"Nhà trọ 30m Vương Thừa Vũ, phòng đẹp, khép kín full điều hòa, máy giặt",4500000,30.0,"Phường Phương Liệt, Hà Nội","Ưu tiên các bạn nữ Nhà mình hiện còn 1 phòng trống ở Vương Thừa Vũ, có thể đi vào từ Hoàng Văn Thái và Khương… - 284735",0931109569,https://phongtro123.com/images/thumb_default.svg,https://phongtro123.com/tinh-thanh/ha-noi/nha-tro-30m-vuong-thua-vu-phong-dep-khep-kin-full-dieu-hoa-may-giat.html,phongtro123.com,2026-07-05T15:12:43.883322+00:00,4.5,30.0,Phương Liệt,phong_tro,1,1,0,0,0,0,1,0,0,0,3,0.15
"Cho thuê phòng trọ Khương Trung, Thanh Xuân, Hà Nội",2300000,12.0,"Phường Khương Đình, Hà Nội","Cho thuê phòng trọ ngõ 211 Khương Trung: Nhà mới đầy đủ tiện nghi, bình nóng lạnh năng lượng mặt trời, khu phụ… - 284199",0888860059,https://phongtro123.com/images/thumb_default.svg,https://phongtro123.com/tinh-thanh/ha-noi/cho-thue-phong-tro-khuong-trung-thanh-xuan-ha-noi.html,phongtro123.com,2026-07-05T15:12:43.883322+00:00,2.3,12.0,Khương Đình,phong_tro,0,0,0,0,0,0,0,1,0,0,1,0.1916666666666666
420 Khương Đình- Thanh Xuân-25m2 - Full Nội Thất-Khép Kín,3500000,25.0,"Đường Khương Đình, Phường Khương Đình, Hà Nội",Chính chủ cho thuê-CCMN Khép kín-Khương Đình-Liên hệ 0967902473 Địa chỉ: Ngõ 420 Khương Đình-Thanh Xuân (Khu Ngã tư… - 284089,0967902473,https://phongtro123.com/images/thumb_default.svg,https://phongtro123.com/tinh-thanh/ha-noi/420-khuong-dinh-thanh-xuan-25m2-full-noi-that-khep-kin.html,phongtro123.com,2026-07-05T15:12:43.883322+00:00,3.5,25.0,Khương Đình,can_ho_mini,0,1,0,0,1,0,0,0,0,0,2,0.14
CCMN full đồ khép kín- Ngõ 420 Khương Đình-Thanh Xuân,3500000,25.0,"Đường Khương Đình, Phường Khương Đình, Hà Nội",CCMN Khép kín-25m2-Khương Đình-Liên hệ 0988367162-0886498333 Địa chỉ: Số 8B/24 Ngõ 420 Khương Đình-Thanh Xuân (Khu Ngã tư… - 273087,0886498333,https://phongtro123.com/images/thumb_default.svg,https://phongtro123.com/tinh-thanh/ha-noi/ccmn-full-do-khuong-dinh.html,phongtro123.com,2026-07-05T15:12:43.883322+00:00,3.5,25.0,Khương Đình,can_ho_mini,0,1,0,0,1,0,0,0,0,0,2,0.14
140 Vương Thừa Vũ-Thanh Xuân-Full nội thất-Chính chủ,2000000,15.0,"Đường Vương Thừa Vũ, Phường Khương Đình, Hà Nội","Số 14A Ngõ 140 Vương Thừa Vũ-Thanh Xuân ( Trung tâm Ngã tư sở, Cạnh Royal City, ĐH Công Đoàn, ĐH Thủy Lợi…) - Ưu… - 274162",0886498333,https://phongtro123.com/images/thumb_default.svg,https://phongtro123.com/tinh-thanh/ha-noi/ccmn-full-noi-that-ban-cong-dep-nga-tu-so.html,phongtro123.com,2026-07-05T15:12:43.883322+00:00,2.0,15.0,Khương Đình,phong_tro,0,0,0,0,1,0,0,0,0,0,1,0.1333333333333333
Cho thuê phòng gần Ngã Tư 2.2tr,2200000,20.0,"Đường Nguyễn Trãi, Phường Khương Đình, Hà Nội","Chính chủ cho thuê phòng tầng 1. Phòng khép kín, riêng biệt không chung với chủ và bất kỳ ai, giờ đi về tự quản, 1… - 283312",0379081021,https://phongtro123.com/images/thumb_default.svg,https://phongtro123.com/tinh-thanh/ha-noi/cho-thue-phong-gan-nga-tu-2-2tr.html,phongtro123.com,2026-07-05T15:12:43.883322+00:00,2.2,20.0,Khương Đình,phong_tro,0,1,0,0,0,0,0,0,0,0,1,0.11
Cần thuê nhà tại quận Thanh Xuân giá hợp lý,3000000,30.0,"Đường Nguyễn Tuân, Phường Thanh Xuân, Hà Nội",Cần thuê căn hộ nhỏ ở đx hai bạn giá hợp lý nhất Giờ giấc thoải mái vì tôi đi làm kinh doanh cần thời gian… - 282738,0842790589,https://phongtro123.com/images/thumb_default.svg,https://phongtro123.com/tinh-thanh/ha-noi/can-thue-nha-tai-quan-thanh-xuan-gia-hop-ly.html,phongtro123.com,2026-07-05T15:12:45.364064+00:00,3.0,30.0,Thanh Xuân,can_ho,0,0,0,0,0,0,0,0,0,0,0,0.1
"Cho nữ thuê phòng trọ ngõ 29 Khương Hạ, Khương Đình, Thanh Xuân, Hà Nội (có điều hòa, nóng lạnh, máy giặt)",3300000,25.0,"Phố Khương Hạ, Phường Khương Đình, Hà Nội",Khu nhà có vị trí thuận lợi cho các bạn sinh viên ( xem địa chỉ chính xác như trên bản đồ). Có thể ở 3-4 người… - 282719,0393275166,https://phongtro123.com/images/thumb_default.svg,https://phongtro123.com/tinh-thanh/ha-noi/cho-nu-thue-phong-tro-ngo-29-khuong-ha-khuong-dinh-thanh-xuan-ha-noi-co-dieu-hoa-nong-lanh-may-giat.html,phongtro123.com,2026-07-05T15:12:45.364064+00:00,3.3,25.0,Khương Đình,phong_tro,1,0,0,0,0,0,1,1,0,0,3,0.132
"Phòng trọ tiện nghi trang bị đầy đủ, có điều hòa",2700000,23.0,"Đường Triều Khúc, Phường Thanh Xuân, Hà Nội","Phòng trọ đầy đủ , gường, bếp, điều hòa, máy nước nóng lạnh, có sân rộng rãi. Khu vực thoáng mát, an ninh. Gần… - 282487",0988456662,https://phongtro123.com/images/thumb_default.svg,https://phongtro123.com/tinh-thanh/ha-noi/phong-tro-tien-nghi-trang-bi-day-du-co-dieu-hoa.html,phongtro123.com,2026-07-05T15:12:45.364064+00:00,2.7,23.0,Thanh Xuân,phong_tro,1,0,0,0,0,0,0,1,0,0,2,0.117391304347826
Cho thuê 2 tầng 3 4 nhà mặt đường Nguyễn Huy Tưởng,5000000,70.0,"Đường Nguyễn Huy Tưởng, Phường Thanh Xuân, Hà Nội","Do không có nhu cầu sử dụng. Cần cho thuê 2 tầng 3 và 4 mặt đường Nguyễn Huy Tưởng. Lối đi riêng, giờ giấc… - 281525",0932299990,https://phongtro123.com/images/thumb_default.svg,https://phongtro123.com/tinh-thanh/ha-noi/cho-thue-2-tang-3-4-nha-mat-duong-nguyen-huy-tuong.html,phongtro123.com,2026-07-05T15:12:45.364064+00:00,5.0,70.0,Thanh Xuân,phong_tro,0,0,0,0,0,0,0,0,0,0,0,0.0714285714285714
"Cho thuê phòng đẹp ngay Ngã Tư Sở - phố Nguyễn Trãi full đồ, lh 0911.928.455",3500000,25.0,"Đường Nguyễn Trãi, Phường Khương Đình, Hà Nội","Cho thuê phòng ngay Ngã Tư Sở, đi bộ ra royal city 5 phút đủ đồ, nhà mới sơn sửa nhìn mới tinh vào ở ngay lh… - 281268",0911928455,https://phongtro123.com/images/thumb_default.svg,https://phongtro123.com/tinh-thanh/ha-noi/cho-thue-phong-dep-ngay-nga-tu-so-pho-nguyen-trai-full-do-lh-0911-928-455.html,phongtro123.com,2026-07-05T15:12:45.364064+00:00,3.5,25.0,Khương Đình,phong_tro,0,0,0,0,1,0,0,0,0,0,1,0.14
Phòng trọ tại quận Thanh Xuân,2200000,12.0,"Đường Nguyễn Trãi, Phường Khương Đình, Hà Nội","Phòng mới làm sạch đẹp, có tắm nóng lạnh, có bếp nấu ăn, có internet tốc độ cao. Điện nước tính theo hóa đơn - 278913",0906284748,https://phongtro123.com/images/thumb_default.svg,https://phongtro123.com/tinh-thanh/ha-noi/phong-tro-tai-quan-thanh-xuan.html,phongtro123.com,2026-07-05T15:12:45.364064+00:00,2.2,12.0,Khương Đình,phong_tro,0,0,0,0,0,0,0,1,1,0,2,0.1833333333333333
"Nhượng gấp CCMN 68 Triều Khúc, vào ở ngay",2800000,35.0,Hà Nội,"Mình chuyển gấp nên cần nhượng lại ccmn 35 m2 tại 19, 68/51 ngõ 68 Triều Khúc. Rộng rãi thoáng mát, nóng lạnh, chỗ… - 281050",0385618000,https://phongtro123.com/images/thumb_default.svg,https://phongtro123.com/tinh-thanh/ha-noi/nhuong-gap-ccmn-68-trieu-khuc-vao-o-ngay.html,phongtro123.com,2026-07-05T15:12:45.365063+00:00,2.8,35.0,unknown,can_ho_mini,0,0,0,0,0,0,0,1,0,0,1,0.08
Chính chủ cho thuê phòng trọ khép kín đầy đủ tiện nghi,2200000,25.0,"Đường Bùi Xương Trạch, Phường Khương Đình, Hà Nội","Chính chủ cần cho thuê phòng trọ khép kín tại tầng 1 có đầy đủ tiện nghi điều hòa , nóng lạnh , bếp... (KHÔNG… - 280452",0981981888,https://phongtro123.com/images/thumb_default.svg,https://phongtro123.com/tinh-thanh/ha-noi/chinh-chu-cho-thue-phong-tro-khep-kin-day-du-tien-nghi.html,phongtro123.com,2026-07-05T15:12:45.365063+00:00,2.2,25.0,Khương Đình,phong_tro,1,1,0,0,0,0,0,1,0,0,3,0.088
"Nhượng phòng Bùi Xương Trạch 700k, ở ngay lập tức",1500000,12.0,"Đường Bùi Xương Trạch, Phường Khương Đình, Hà Nội","Phòng khép kín 12m, có gác xép 6m, có sân để xe, có chỗ nấu nướng, riêng chủ, giờ giấc tự do. Điện 4k/số,… - 280304",0339397179,https://phongtro123.com/images/thumb_default.svg,https://phongtro123.com/tinh-thanh/ha-noi/nhuong-phong-bui-xuong-trach-700k-o-ngay-lap-tuc.html,phongtro123.com,2026-07-05T15:12:45.365063+00:00,1.5,12.0,Khương Đình,phong_tro,0,1,0,0,0,1,0,0,0,1,3,0.125
Cho thuê Homestay (ký túc xá cho người đi làm),1600000,20.0,"Đường Khương Trung, Phường Khương Đình, Hà Nội",Thật không thể tin nổi Nơi sống trong huyền thoại là có thật. 283 Khương Trung- Thanh Xuân ☘️Sử dụng dịch… - 279023,0383396777,https://phongtro123.com/images/thumb_default.svg,https://phongtro123.com/tinh-thanh/ha-noi/cho-thue-homestay-ky-tuc-xa-cho-nguoi-di-lam.html,phongtro123.com,2026-07-05T15:12:45.365063+00:00,1.6,20.0,Khương Đình,phong_tro,0,0,0,0,0,0,0,0,0,0,0,0.08
"Cho thuê phòng trọ trong chung cư mini mới xây giá 1.2tr-1.5tr. Điện : 4k/số, nước máy: 25k/khối. Ưu tiên ở 1 mình",1200000,12.0,"Đường Bùi Xương Trạch, Phường Khương Đình, Hà Nội","Cho thuê phòng trọ trong chung cư mini mới xây tại ngõ 1 phố Bùi Xương Trạch giá 1.2tr-1.5tr. Điện : 4k/số, nước máy:… - 278615",0982064208,https://phongtro123.com/images/thumb_default.svg,https://phongtro123.com/tinh-thanh/ha-noi/cho-thue-phong-tro-trong-chung-cu-mini-moi-xay-gia-1-2tr-1-5tr-dien-4k-so-nuoc-may-25k-khoi-uu-tien-o-1-minh.html,phongtro123.com,2026-07-05T15:12:45.365063+00:00,1.2,12.0,Khương Đình,can_ho_mini,0,0,0,0,0,0,0,0,0,0,0,0.0999999999999999
Cho thuê phòng trọ ở khu vực Trường Chinh,3000000,16.0,"Đường Trường Chinh, Phường Phương Liệt, Hà Nội",Mình còn dư một phòng nhỏ cần cho thuê nên đang tin cho bạn nào cần quan tâm: - nhà mình tại ngõ 203 Trường Chinh… - 278445,0768200282,https://phongtro123.com/images/thumb_default.svg,https://phongtro123.com/tinh-thanh/ha-noi/cho-thue-phong-tro-o-khu-vuc-truong-chinh.html,phongtro123.com,2026-07-05T15:12:45.365063+00:00,3.0,16.0,Phương Liệt,phong_tro,0,0,0,0,0,0,0,0,0,0,0,0.1875
"Cho thuê phòng trọ trong chung cư mini mới xây giá 1.2tr-1.5tr, điện: 4k, nước máy: 25k",1200000,12.0,"Đường Bùi Xương Trạch, Phường Khương Đình, Hà Nội","Cho thuê phòng trọ trong chung cư mini mới xây giá 1.2tr-1.5tr, điện: 4k ,nước máy: 25k, ưu tiên ở 1 mình. Địa chỉ:… - 278017",0982064208,https://phongtro123.com/images/thumb_default.svg,https://phongtro123.com/tinh-thanh/ha-noi/cho-thue-phong-tro-trong-chung-cu-mini-moi-xay-gia-1-2tr-1-5tr-dien-4k-nuoc-may-25k.html,phongtro123.com,2026-07-05T15:12:45.365063+00:00,1.2,12.0,Khương Đình,can_ho_mini,0,0,0,0,0,0,0,0,0,0,0,0.0999999999999999
Nhượng phòng Triều Khúc,3000000,27.0,"Đường Triều Khúc, Hà Nội","CHO THUÊ CCMN TẠI 68 TRIỀU KHÚC - Phòng mới xây diện tích 27m2 ( khép kin) - Phòng được trang bị quạt trần , nóng… - 277551",0394253555,https://phongtro123.com/images/thumb_default.svg,https://phongtro123.com/tinh-thanh/ha-noi/nhuong-phong-trieu-khuc.html,phongtro123.com,2026-07-05T15:12:45.365063+00:00,3.0,27.0,unknown,can_ho_mini,0,0,0,0,0,0,0,0,0,0,0,0.1111111111111111
Cho thuê phòng trọ Hoàng Văn Thái,3000000,15.0,"Đường Hoàng Văn Thái, Phường Phương Liệt, Hà Nội","Chính chủ cho thuê phòng tầng 3,4. Gần chợ, bệnh viện đại học y hà nội, an ninh tốt. Thích hợp sinh viên, người… - 277385",0915536953,https://phongtro123.com/images/thumb_default.svg,https://phongtro123.com/tinh-thanh/ha-noi/cho-thue-phong-tro-hoang-van-thai.html,phongtro123.com,2026-07-05T15:12:45.365063+00:00,3.0,15.0,Phương Liệt,phong_tro,0,0,0,0,0,0,0,0,0,0,0,0.2
Phòng trọ ngõ 358 Bùi Xương Trạch,2000000,22.0,"Đường Bùi Xương Trạch, Phường Khương Đình, Hà Nội",Mình có phòng 22m2 ở ngõ 358 Bùi Xương Trạch. Phòng tầng 3 trong căn hộ mini 7 tầng mới xây 2017. Đường ngõ rộng… - 277127,0984697401,https://phongtro123.com/images/thumb_default.svg,https://phongtro123.com/tinh-thanh/ha-noi/phong-tro-ngo-358-bui-xuong-trach.html,phongtro123.com,2026-07-05T15:12:45.365063+00:00,2.0,22.0,Khương Đình,can_ho_mini,0,0,0,0,0,0,0,0,0,0,0,0.0909090909090909
"phòng trọ sạch, đẹp ở Thanh Xuân Bắc, Nguyễn Trãi, Khuất Duy Tiến",2700000,20.0,"Đường Nguyễn Quý Đức, Phường Thanh Xuân, Hà Nội","Phòng 2tr7, số 25 ngõ 11 Nguyễn Quý Đức, Thanh Xuân Bắc, Thanh Xuân Hiện mình đang có 01 phòng cho bạn nào có nhu cầu… - 276941",0369861872,https://phongtro123.com/images/thumb_default.svg,https://phongtro123.com/tinh-thanh/ha-noi/phong-tro-sach-dep-o-thanh-xuan-bac-nguyen-trai-khuat-duy-tien.html,phongtro123.com,2026-07-05T15:12:45.365063+00:00,2.7,20.0,Thanh Xuân,phong_tro,0,0,0,0,0,0,0,0,0,0,0,0.135
"Cho thuê phòng trong chung cư mini giá 1.2tr, điện + nước đầy đủ, ưu tiên ở 1 mình",1200000,12.0,"Đường Bùi Xương Trạch, Phường Khương Đình, Hà Nội","Cho thuê phòng trong chung cư mini giá 1.2tr, điện + nước đầy đủ , ưu tiên ở 1 mình. Địa chỉ: Đường Bùi Xương… - 276488",0982064208,https://phongtro123.com/images/thumb_default.svg,https://phongtro123.com/tinh-thanh/ha-noi/cho-thue-phong-trong-chung-cu-mini-gia-1-2tr-dien-nuoc-day-du-uu-tien-o-1-minh.html,phongtro123.com,2026-07-05T15:12:45.365063+00:00,1.2,12.0,Khương Đình,can_ho_mini,0,0,0,0,0,0,0,0,0,0,0,0.0999999999999999
Cho thuê phòng trọ ở Hà Nội,2500000,20.0,"Đường Nguyễn Quý Đức, Phường Thanh Xuân, Hà Nội","Cho thuê phòng trọ khép kín có điều hòa, bình nóng lạnh, 20m2, có chỗ để xe, tầng 2, thoáng mát, sạch sẽ. - 276244",0912580045,https://phongtro123.com/images/thumb_default.svg,https://phongtro123.com/tinh-thanh/ha-noi/cho-thue-phong-tro-o-ha-noi.html,phongtro123.com,2026-07-05T15:12:47.941204+00:00,2.5,20.0,Thanh Xuân,phong_tro,1,1,0,0,0,0,0,1,0,1,4,0.125
"Cho thuê phòng trọ trong chung cư mini, điện, nước máy",1200000,12.0,"Đường Bùi Xương Trạch, Phường Khương Đình, Hà Nội","Cho thuê phòng trọ trong chung cư mini, giá 1.2tr, điện, nước máy đầy đủ, ưu tiên ở 1 người Địa chỉ: Ngõ 1, hẻm… - 276185",0982064208,https://phongtro123.com/images/thumb_default.svg,https://phongtro123.com/tinh-thanh/ha-noi/cho-thue-phong-tro-trong-chung-cu-mini-dien-nuoc-may.html,phongtro123.com,2026-07-05T15:12:47.941204+00:00,1.2,12.0,Khương Đình,can_ho_mini,0,0,0,0,0,0,0,0,0,0,0,0.0999999999999999
CHUNG CƯ MINI CHO THUÊ GIÁ RẺ,3500000,28.0,"Đường Bùi Xương Trạch, Phường Khương Đình, Hà Nội","Nhà xây mới sạch sẽ thoáng mát, điện nước giá bình dân,có nhà để xe, sân chơi riêng. Địa chỉ: Đường Bùi… - 276045",0983491483,https://phongtro123.com/images/thumb_default.svg,https://phongtro123.com/tinh-thanh/ha-noi/chung-cu-mi-ni-cho-thue-gia-re.html,phongtro123.com,2026-07-05T15:12:47.941204+00:00,3.5,28.0,Khương Đình,can_ho_mini,0,0,0,0,0,0,0,0,0,1,1,0.125
"Cho thuê phòng trọ giá cả hợp lý, ưu tiên nữ hoặc người đi làm",2200000,11.0,"Đường Khương Trung, Phường Khương Đình, Hà Nội",Cho thuê phòng trọ Địa điểm thuận lợi cho giao thông và chợ Giá cả thỏa thuận Liên hệ : chú hải :… - 275892,0941934842,https://phongtro123.com/images/thumb_default.svg,https://phongtro123.com/tinh-thanh/ha-noi/cho-thue-phong-tro-gia-ca-hop-ly-uu-tien-nu-hoac-ng-di-lam.html,phongtro123.com,2026-07-05T15:12:47.941204+00:00,2.2,11.0,Khương Đình,phong_tro,0,0,0,0,0,0,0,0,0,0,0,0.2
Cho thuê phòng trọ Tô Vĩnh Diện - Thanh Xuân,3000000,25.0,"Đường Tô Vĩnh Diện, Phường Khương Đình, Hà Nội","Phòng khép kín tầng 3 có nóng lạnh , hai gian tiện lợi sinh hoạt, gần chợ, trường học giao thông thuận tiện ! - 275827",3410,https://phongtro123.com/images/thumb_default.svg,https://phongtro123.com/tinh-thanh/ha-noi/cho-thue-phong-tro-to-vinh-dien-thanh-xuan.html,phongtro123.com,2026-07-05T15:12:47.941204+00:00,3.0,25.0,Khương Đình,phong_tro,0,1,0,0,0,0,0,1,0,0,2,0.12
"Cho thuê phòng trong chung cư mi ni, điện, nước máy đầy đủ, giá 1.2tr -1.5tr",1100000,10.0,"Đường Bùi Xương Trạch, Phường Khương Đình, Hà Nội","Cho thuê phòng trong chung cư mi ni điện nước máy, giá từ 1.2 - 1.4tr, ưu tiên ở một mình - 275765",0982064208,https://phongtro123.com/images/thumb_default.svg,https://phongtro123.com/tinh-thanh/ha-noi/cho-thue-phong-trong-chung-cu-mi-ni-dien-nuoc-may-day-du-gia-1-2tr-1-5tr.html,phongtro123.com,2026-07-05T15:12:47.941204+00:00,1.1,10.0,Khương Đình,can_ho,0,0,0,0,0,0,0,0,0,0,0,0.11
Phòng rộng 30m2 gần Royal City,3300000,30.0,"Đường Khương Trung, Phường Khương Đình, Hà Nội","Tôi có phòng rộng 30m2, vệ sinh khép kín, đầy đủ tiện nghi: nóng lạnh, wifi, điều hòa, .... Phòng sạch sẽ, yên … - 275689",0989062136,https://phongtro123.com/images/thumb_default.svg,https://phongtro123.com/tinh-thanh/ha-noi/phong-rong-30m2-gan-royal-city.html,phongtro123.com,2026-07-05T15:12:47.941204+00:00,3.3,30.0,Khương Đình,phong_tro,1,1,0,0,0,0,0,1,1,0,4,0.11
Phòng trọ khép kín 12m2 - Khương Trung,1600000,12.0,"Đường Khương Trung, Phường Khương Đình, Hà Nội",Cần cho thuê phòng trọ tầng 2 rộng 12m2 (cả nhà chỉ cho thuê 1 phòng trọ) trong nhà dân 3 tầng tại địa chỉ số nhà… - 275589,0961592271,https://phongtro123.com/images/thumb_default.svg,https://phongtro123.com/tinh-thanh/ha-noi/phong-tro-khep-kin-12m2-khuong-trung.html,phongtro123.com,2026-07-05T15:12:47.941204+00:00,1.6,12.0,Khương Đình,phong_tro,0,1,0,0,0,0,0,0,0,0,1,0.1333333333333333
Nhà trọ mới xây sạch đẹp,3500000,25.0,"Phường Phương Liệt, Hà Nội","Cho thuê phòng khép kín tại Giải Phóng - Quận Thanh Xuân Diện tích: 25m2, có ban công Giá thuê: 3 triệu – 3.5… - 274874",0989911827,https://phongtro123.com/images/thumb_default.svg,https://phongtro123.com/tinh-thanh/ha-noi/nha-tro-moi-xay-sach-dep.html,phongtro123.com,2026-07-05T15:12:47.941204+00:00,3.5,25.0,Phương Liệt,phong_tro,0,1,1,0,0,0,0,0,0,0,2,0.14
"Chính chủ cho thuê CCMN 2 phòng, ngõ 93 Vũ Tông Phan",5000000,35.0,"Phố Vũ Tông Phan, Phường Khương Đình, Hà Nội","Chính chủ cho thuê CCMN 2 phòng ngủ nhà mới nhận, chưa qua sử dụng. Nhà khép kín mới xây theo phong cách hiện đại… - 274337",0983815679,https://phongtro123.com/images/thumb_default.svg,https://phongtro123.com/tinh-thanh/ha-noi/chinh-chu-cho-thue-ccmn-2-phong-ngo-93-vu-tong-phan.html,phongtro123.com,2026-07-05T15:12:47.941204+00:00,5.0,35.0,Khương Đình,can_ho_mini,0,1,0,0,0,0,0,0,0,0,1,0.1428571428571428
"Cho thuê phòng trọ 1.1-1.5tr trong chung cư mi ni 4 tầng, điện: 4k, nước máy: 25k",1300000,12.0,"Đường Bùi Xương Trạch, Phường Khương Đình, Hà Nội","Cho thuê phòng trọ trong chung cư mi ni 2 tầng, giá 1.2-1.5tr, điện: 4k/s, nước: 25k/số tại Ngõ 1 phố Bùi Xương Trạch - 273783",0982064208,https://phongtro123.com/images/thumb_default.svg,https://phongtro123.com/tinh-thanh/ha-noi/cho-thue-phong-tro-1-1-1-5tr-trong-chung-cu-mi-ni-4-tang-dien-4k-nuoc-may-25k.html,phongtro123.com,2026-07-05T15:12:47.941204+00:00,1.3,12.0,Khương Đình,can_ho,0,0,0,0,0,0,0,0,0,0,0,0.1083333333333333
Cho thuê phòng trọ 1.1-1.5tr trong chung cư mini tầng 2,1300000,12.0,"Đường Bùi Xương Trạch, Phường Khương Đình, Hà Nội","Cho thuê nhà trong chung cư mini 4 tầng, giá 1.2-1.5tr , điện: 4k/số, nước máy: 25k/số Địa chỉ: Đường Bùi Xương… - 273782",0982064208,https://phongtro123.com/images/thumb_default.svg,https://phongtro123.com/tinh-thanh/ha-noi/cho-thue-phong-tro-1-1-1-5tr-trong-chung-cu-mi-ni-tang-2-2.html,phongtro123.com,2026-07-05T15:12:47.941204+00:00,1.3,12.0,Khương Đình,can_ho_mini,0,0,0,0,0,0,0,0,0,0,0,0.1083333333333333
Phòng tầng 2 trong nhà 4 tầng không chung chủ,2600000,22.0,"Đường Khương Trung, Phường Khương Đình, Hà Nội","- Phòng rộng, thoáng, cửa sổ lớn - Đủ đồ giường m8, tủ 4 ngăn - Có điều hòa, nóng lạnh - Không chung chủ,… - 272422",0396463023,https://phongtro123.com/images/thumb_default.svg,https://phongtro123.com/tinh-thanh/ha-noi/phong-tang-2-trong-nha-4-tang-khong-chung-chu.html,phongtro123.com,2026-07-05T15:12:47.941204+00:00,2.6,22.0,Khương Đình,phong_tro,1,0,0,0,0,0,0,1,0,0,2,0.1181818181818181
Cho thuê phòng trọ 1.1-1.5tr trong chung cư mini tầng 2,1200000,12.0,"Đường Bùi Xương Trạch, Phường Khương Đình, Hà Nội","Cho thuê phòng trọ giá 1.1tr đến 1.5tr. Điện : 4k/số, nước máy: 25K/số. Chính chủ miễn trung gian Địa chỉ: Đường… - 271882",0982064208,https://phongtro123.com/images/thumb_default.svg,https://phongtro123.com/tinh-thanh/ha-noi/cho-thue-phong-tro-1-1-1-5tr-trong-chung-cu-mi-ni-tang-2.html,phongtro123.com,2026-07-05T15:12:47.941204+00:00,1.2,12.0,Khương Đình,can_ho_mini,0,0,0,0,0,0,0,0,0,0,0,0.0999999999999999
cho thuê phòng 20m2 tại triều khúc - thanh xuân- hà nội,2800000,20.0,"Đường Triều Khúc, Phường Thanh Xuân, Hà Nội","cho thuê phòng 2tr8 có thể ở luôn, nhà mới xây, đầy đủ Điều Hòa - Nóng Lạnh - Tủ - Giường ( nếu có yêu cầu)… - 271601",0934535969,https://phongtro123.com/images/thumb_default.svg,https://phongtro123.com/tinh-thanh/ha-noi/cho-thue-phong-20m2-tai-trieu-khuc-thanh-xuan-ha-noi.html,phongtro123.com,2026-07-05T15:12:47.941204+00:00,2.8,20.0,Thanh Xuân,phong_tro,1,0,0,0,0,0,0,1,0,0,2,0.1399999999999999
Cho thuê phòng trọ đầy đủ tiện nghi - 0942.432.300,2500000,20.0,"Đường Bùi Xương Trạch, Phường Khương Đình, Hà Nội","Cho thuê nhà trọ đầy đủ tiện nghi: điều hoà, bình nóng lạnh,... - Nhà 4 tầng diện tích 50m2, mỗi tầng 2 phòng… - 271556",0869055491,https://phongtro123.com/images/thumb_default.svg,https://phongtro123.com/tinh-thanh/ha-noi/cho-thue-phong-tro-day-du-tien-nghi-0942-432-300.html,phongtro123.com,2026-07-05T15:12:47.941204+00:00,2.5,20.0,Khương Đình,phong_tro,1,0,0,0,0,0,0,1,0,0,2,0.125
"Cho thuê phòng ở tầng 2, nhà 2 tầng, phố Khương Trung, Thanh Xuân, Hà Nội",2000000,40.0,"Đường Khương Trung, Phường Khương Đình, Hà Nội","Có phòng cho thuê ở tầng 2 Số nhà 37, ngách 20, ngõ 250 Khương Trung Nhà gồm 2 tầng: Tầng 1 , hiện vợ chồng mình… - 271342",01646372782,https://phongtro123.com/images/thumb_default.svg,https://phongtro123.com/tinh-thanh/ha-noi/cho-thue-phong-o-tang-2-nha-2-tang-pho-khuong-trung-thanh-xuan-ha-noi.html,phongtro123.com,2026-07-05T15:12:47.941204+00:00,2.0,40.0,Khương Đình,phong_tro,0,0,0,0,0,0,0,0,0,0,0,0.05
"Cho thuê nhà ở tại Khương Trung, Thanh Xuân, Hà Nội",2100000,40.0,"Đường Khương Trung, Phường Khương Đình, Hà Nội","Cần cho thuê phòng giá 2100k ngách20 ngõ 250 khương trung thanh xuân hà nội. Cách royall city 1,5km, cách đại học thủy… - 271332",01646372782,https://phongtro123.com/images/thumb_default.svg,https://phongtro123.com/tinh-thanh/ha-noi/cho-thue-nha-o-tai-khuong-trungthanh-xuan-ha-noi.html,phongtro123.com,2026-07-05T15:12:47.941204+00:00,2.1,40.0,Khương Đình,phong_tro,0,0,0,0,0,0,0,0,0,0,0,0.0525
Cho thuê phòng trọ giá từ 1.5tr-2tr đồng trong chung cư mini tầng 2,2000000,16.0,"Đường Bùi Xương Trạch, Phường Khương Đình, Hà Nội","Cho thuê phòng trong chung cư minni 5 tầng, giá từ 1.3tr-2tr, điện : 4k/ số, nước máy: 25k/s. - 270709",0982064208,https://phongtro123.com/images/thumb_default.svg,https://phongtro123.com/tinh-thanh/ha-noi/cho-thue-phong-tro-gia-tu-1-5tr-2tr-dong-trong-chung-cu-mini-tang-2.html,phongtro123.com,2026-07-05T15:12:50.301592+00:00,2.0,16.0,Khương Đình,can_ho_mini,0,0,0,0,0,0,0,0,0,0,0,0.125
NHÀ CHO HỘ GIA ĐÌNH THUÊ. NHÀ MỚI XÂY,2500000,50.0,"Đường Bùi Xương Trạch, Phường Khương Đình, Hà Nội","Nhà có vị trí thuận lợi: gần trường học, an ninh an toàn, hướng đông nam thoáng mát. Nhà vừa xây xong chưa về ở.… - 269333",0942432300,https://phongtro123.com/images/thumb_default.svg,https://phongtro123.com/tinh-thanh/ha-noi/nha-cho-ho-gia-dinh-thue-nha-moi-xay.html,phongtro123.com,2026-07-05T15:12:50.301592+00:00,2.5,50.0,Khương Đình,phong_tro,0,0,0,0,0,0,0,0,0,0,0,0.05
Cho thuê phòng trọ ngõ 68 Triều Khúc,2300000,18.0,"Đường Triều Khúc, Phường Khương Đình, Hà Nội","Cần cho thuê phòng tầng 4 trong ngôi nhà 5 tầng thoáng mát, sạch sẽ tại ngõ 68 triều khúc hà nội. Gần các trường… - 263379",0977517368,https://phongtro123.com/images/thumb_default.svg,https://phongtro123.com/tinh-thanh/ha-noi/cho-thue-phong-tro-ngo-68-trieu-khuc.html,phongtro123.com,2026-07-05T15:12:50.301592+00:00,2.3,18.0,Khương Đình,phong_tro,0,0,0,0,0,0,0,0,0,0,0,0.1277777777777777
Cho thuê phòng trọ có điều hòa khu Ngã Tư Sở,3200000,30.0,"Đường Khương Trung, Phường Khương Đình, Hà Nội","Nhà mình còn một phòng duy nhất trong ngõ 211 Khương Trung cho thuê. Nhà nằm trong khu dân trí cao, gần ngã tư sở tiện… - 261051",0974802266,https://phongtro123.com/images/thumb_default.svg,https://phongtro123.com/tinh-thanh/ha-noi/cho-thue-phong-tro-co-dieu-hoa-khu-nga-tu-so.html,phongtro123.com,2026-07-05T15:12:50.301592+00:00,3.2,30.0,Khương Đình,phong_tro,1,0,0,0,0,0,0,0,0,0,1,0.1066666666666666
"Cho thuê phòng trọ, căn hộ khép kín",2500000,22.0,"Đường Triều Khúc, Phường Thanh Xuân, Hà Nội","Cho thuê văn phòng, căn hộ cao cấp khép kín. Diện tích: 22 m2 , 44 m2, 75 m2 . Giá tiền thuê nhà từ 2,5 triệu – 9… - 260555",0975825808,https://phongtro123.com/images/thumb_default.svg,https://phongtro123.com/tinh-thanh/ha-noi/cho-thue-phong-tro-can-ho-khep-kin.html,phongtro123.com,2026-07-05T15:12:50.301592+00:00,2.5,22.0,Thanh Xuân,can_ho,0,1,0,0,0,0,0,0,0,0,1,0.1136363636363636
Cho thuê căn hộ khép kín tại Phan Đình Giót,2500000,25.0,"Đường Phan Đình Giót, Phường Phương Liệt, Hà Nội","Căn hộ khép kín, có ban công, bếp, có bình nóng lạnh, mạng internet cap quang. Tiền điện nước theo giá dân. Chủ… - 258551",0913501830,https://phongtro123.com/images/thumb_default.svg,https://phongtro123.com/tinh-thanh/ha-noi/cho-thue-can-ho-khep-kin-tai-phan-dinh-giot.html,phongtro123.com,2026-07-05T15:12:50.302599+00:00,2.5,25.0,Phương Liệt,can_ho,0,1,1,0,0,0,0,1,1,0,4,0.1
Cho thuê phòng trọ đường Vũ Trọng Phụng - Thanh Xuân,2000000,12.0,"Đường Vũ Trọng Phụng, Phường Thanh Xuân, Hà Nội","Cho thuê phòng trọ, không chung chủ khu vực Thanh Xuân Nhà mình còn 1 phòng tầng 3 và một phòng tầng 4, - Nhà không chung… - 258469",0982654636,https://phongtro123.com/images/thumb_default.svg,https://phongtro123.com/tinh-thanh/ha-noi/cho-thue-phong-tro-duong-vu-trong-phung-thanh-xuan.html,phongtro123.com,2026-07-05T15:12:50.302599+00:00,2.0,12.0,Thanh Xuân,phong_tro,0,0,0,0,0,0,0,0,0,0,0,0.1666666666666666
Cho thuê phòng trọ 1.4-1.5tr trong chung cư mini tầng 2,1400000,13.0,"Đường Bùi Xương Trạch, Phường Khương Đình, Hà Nội","Cho thuê phòng trọ trong chung cư mi ni 4 tầng, giá 1.4-1.5 tr/ tháng, điện : 4k, nước máy: 25k Địa chỉ: Đường Bùi… - 254311",0934533355,https://phongtro123.com/images/thumb_default.svg,https://phongtro123.com/tinh-thanh/ha-noi/cho-thue-phong-tro-1-4-1-5tr-trong-chung-cu-mi-ni-tang-2.html,phongtro123.com,2026-07-05T15:12:50.302599+00:00,1.4,13.0,Khương Đình,can_ho_mini,0,0,0,0,0,0,0,0,0,0,0,0.1076923076923076
Cho thuê Phòng trọ trong ngõ Hoàng Văn Thái,2800000,24.0,"Đường Hoàng Văn Thái, Phường Khương Đình, Hà Nội","Cho thuê Phòng trọ, tầng 2, diện tích 24m2, tập thể Bộ Công An, Khương Trung Phòng thoáng mát, có chỗ phơi riêng, có… - 249529",0988681568,https://phongtro123.com/images/thumb_default.svg,https://phongtro123.com/tinh-thanh/ha-noi/cho-thue-phong-tro-trong-ngo-hoang-van-thai.html,phongtro123.com,2026-07-05T15:12:50.302599+00:00,2.8,24.0,Khương Đình,phong_tro,0,0,0,0,0,0,0,0,0,0,0,0.1166666666666666
Muốn thuê phòng trọ ở gần ngã tư sở có điều hòa,2500000,15.0,Hà Nội,"Thuê phòng trọ ở nga tư sở hoặc gần văn miếu . có điều hòa, không chung chủ giá tầm 2tr đén 3tr Địa chỉ: Quận… - 248780",01677577041,https://phongtro123.com/images/thumb_default.svg,https://phongtro123.com/tinh-thanh/ha-noi/muon-thue-phong-tro-o-gan-nga-tu-so-co-dieu-hoa.html,phongtro123.com,2026-07-05T15:12:50.302599+00:00,2.5,15.0,unknown,phong_tro,1,0,0,0,0,0,0,0,0,0,1,0.1666666666666666
Cho thuê phòng trọ tự do giờ giấc không ở chung với chủ,2500000,18.0,"Đường Bùi Xương Trạch, Phường Khương Đình, Hà Nội",Cho thuê phòng tầng 3 vệ sinh riêng biệt. Tầng 1 khu bếp và để xe. Phòng thoáng mát có nóng lạnh. Điện nước và… - 246765,0978935715,https://phongtro123.com/images/thumb_default.svg,https://phongtro123.com/tinh-thanh/ha-noi/cho-thue-phong-tro-tu-do-gio-giac-k-o-chung-voi-chu.html,phongtro123.com,2026-07-05T15:12:50.302599+00:00,2.5,18.0,Khương Đình,phong_tro,0,1,0,0,0,0,0,1,0,1,3,0.1388888888888889
"Cho hộ gia đình thuê phòng 16m, gác xép 10m, điện: 4k, nước máy: 25k",1900000,16.0,"Đường Bùi Xương Trạch, Phường Khương Đình, Hà Nội","Cho hộ gia đình hoặc ở 3 người thuê phòng trong chung cư mi ni ơr tầng 2, diện tích 16m, ngoài ra còn có gác xép 10m,… - 246098",0934533355,https://phongtro123.com/images/thumb_default.svg,https://phongtro123.com/tinh-thanh/ha-noi/cho-ho-gia-dinh-thue-phong-16m-gac-xep-10m-dien-4k-nuoc-may-25k.html,phongtro123.com,2026-07-05T15:12:50.302599+00:00,1.9,16.0,Khương Đình,can_ho,0,0,0,0,0,1,0,0,0,0,1,0.11875
"Cho thuê phòng trong chung cư mini mới xây, tầng 2, điện: 4k/s, nước: 25k/số",1400000,13.0,"Đường Bùi Xương Trạch, Phường Khương Đình, Hà Nội","Cho thuê phòng trong chung cư mini mới xây, tẩng 2 giá 1.4tr/tháng, điện : 4k/số, nước: 25k/tháng Địa chỉ: Đường Bùi… - 244327",0934533355,https://phongtro123.com/images/thumb_default.svg,https://phongtro123.com/tinh-thanh/ha-noi/cho-thue-phong-trong-chung-cu-mini-moi-xay-tang-2-dien-4k-s-nuoc-25k-so.html,phongtro123.com,2026-07-05T15:12:50.302599+00:00,1.4,13.0,Khương Đình,can_ho_mini,0,0,0,0,0,0,0,0,0,0,0,0.1076923076923076
"Phòng trọ cho thuê gần ĐH Nhân Văn, Thuỷ Lợi",1500000,20.0,"Phố Cự Lộc, Phường Khương Đình, Hà Nội","Cho thuê phòng trọ 20m2, tầng 4 thoáng mát, gần Royalcity, gần ĐH Nhân văn, Thuỷ Lợi Địa chỉ: 19 Phố Cự Lộc,… - 242201",9340,https://phongtro123.com/images/thumb_default.svg,https://phongtro123.com/tinh-thanh/ha-noi/phong-tro-cho-thue-gan-dh-nhan-van-thuy-loi.html,phongtro123.com,2026-07-05T15:12:50.302599+00:00,1.5,20.0,Khương Đình,phong_tro,0,0,0,0,0,0,0,0,0,0,0,0.075
Cho thuê phòng trọ gần Royalcity,1500000,20.0,"Phố Cự Lộc, Phường Khương Đình, Hà Nội","Cho thuê phòng trọ gần các trường đại học : thuỷ lợi, ngân hàng, Nhân văn, Kiến trúc, gần royal Cty. 20m2 thoáng… - 241927",0946510555,https://phongtro123.com/images/thumb_default.svg,https://phongtro123.com/tinh-thanh/ha-noi/cho-thue-phong-tro-gan-royalcity.html,phongtro123.com,2026-07-05T15:12:50.302599+00:00,1.5,20.0,Khương Đình,phong_tro,0,0,0,0,0,0,0,0,0,0,0,0.075
"CHO THUÊ PHÒNG PHỐ NHÂN HOÀ, NHÂN CHÍNH, THANH XUÂN",2200000,25.0,"Phố Nhân Hòa, Phường Thanh Xuân, Hà Nội","Nhà mình còn trống 1 phòng cần cho thuê trọ, phù hợp cho tất cả các bạn sinh viên và các bạn đã đi làm văn phòng.… - 241595",0916045799,https://phongtro123.com/images/thumb_default.svg,https://phongtro123.com/tinh-thanh/ha-noi/cho-thue-phong-pho-nhan-hoa-nhan-chinh-thanh-xuan.html,phongtro123.com,2026-07-05T15:12:50.302599+00:00,2.2,25.0,Thanh Xuân,phong_tro,0,0,0,0,0,0,0,0,0,0,0,0.088
"Tìm phòng trọ khu vực tòa nhà HH2, Bắc Hà",1500000,15.0,"Đường Nguyễn Trãi, Phường Thanh Xuân, Hà Nội","Cần tìm phòng khép kín riêng chủ, gần khu vực HH2 Bắc Hà, đường Tố Hữu, nhà chính chủ, có ban công càng tốt cho… - 239961",01667725348,https://phongtro123.com/images/thumb_default.svg,https://phongtro123.com/tinh-thanh/ha-noi/tim-phong-tro-khu-vuc-toa-nha-hh2-bac-ha.html,phongtro123.com,2026-07-05T15:12:50.302599+00:00,1.5,15.0,Thanh Xuân,phong_tro,0,1,1,0,0,0,0,0,0,0,2,0.1
"CHO THUÊ PHÒNG KHÉP KÍN ĐỦ TIỆN NGHI, DT30M2 PHƯỜNG NHÂN CHÍNH GẦN NGÃ TƯ SỞ, ROYAL CITY",4000000,30.0,"Đường Giáp Nhất, Phường Thanh Xuân, Hà Nội","Toà nhà Chung cư mini 8 tầng Phố Giáp Nhất, gần cầu Cống Mọc, Phường Giáp Nhất mới hoàn thiện cần cho thuê gấp.… - 217746",0978335871,https://phongtro123.com/images/thumb_default.svg,https://phongtro123.com/tinh-thanh/ha-noi/cho-thue-phong-khep-kin-du-tien-nghi-dt30m2-phuong-nhan-chinh-gan-nga-tu-soroyal-city.html,phongtro123.com,2026-07-05T15:12:50.302599+00:00,4.0,30.0,Thanh Xuân,can_ho_mini,0,1,0,0,0,0,0,0,0,0,1,0.1333333333333333
"Cho thuê phòng trọ 18m2 mới, sạch sẽ, khép kín có điều hòa, nóng lạnh, TV cap, wifi...",2700000,18.0,"Phố Chính Kinh, Phường Thanh Xuân, Hà Nội","Cho thuê phòng trọ tầng 2 mới tại 78 Chính Kinh có diện tích từ 18m2 - 20m2, khép kín, sạch sẽ, cửa sổ thoáng mát,… - 237748",0913321669,https://phongtro123.com/images/thumb_default.svg,https://phongtro123.com/tinh-thanh/ha-noi/cho-thue-phong-tro-18m2-moi-sach-se-khep-kin-co-dieu-hoa-nong-lanh-tv-cap-wifi.html,phongtro123.com,2026-07-05T15:12:50.302599+00:00,2.7,18.0,Thanh Xuân,phong_tro,1,1,0,0,0,0,0,1,1,0,4,0.15
"Cho thuê phòng trọ tại ngã tư sở, Thanh Xuân, Hà Nội",1600000,15.0,Hà Nội,"Cho thuê phòng trọ khu vực ngã tư sở, gần DHY hà nội, gần chợ, siêu thị, bến xe buýt. Địa chỉ: Lê Trọng Tấn,… - 237307",01633438888,https://phongtro123.com/images/thumb_default.svg,https://phongtro123.com/tinh-thanh/ha-noi/cho-thue-phong-tro-tai-nga-tu-so-thanh-xuan-ha-noi-2.html,phongtro123.com,2026-07-05T15:12:50.302599+00:00,1.6,15.0,unknown,phong_tro,0,0,0,0,0,0,0,0,0,0,0,0.1066666666666666
Cho sinh viên hoặc người đi làm thuê phòng ở Phương Liệt,3000000,30.0,"Phố Phương Liệt, Phường Phương Liệt, Hà Nội","Cho thuê phòng tầng 3 trong nhà 5 tầng, diện dích 30m2, WC khép kín riêng biệt, có bình nóng lạnh,máy giặt, để xe và… - 236739",0918105955,https://phongtro123.com/images/thumb_default.svg,https://phongtro123.com/tinh-thanh/ha-noi/cho-sinh-vien-hoac-nguoi-di-lam-thue-phong-o-phuong-liet.html,phongtro123.com,2026-07-05T15:12:51.960384+00:00,3.0,30.0,Phương Liệt,phong_tro,0,1,0,0,0,0,1,1,0,1,4,0.1
Chính chủ cho thuê phòng trọ khép kín 168 Nguyễn Xiển 1200k,1200000,15.0,"Đường Nguyễn Xiển, Phường Khương Đình, Hà Nội","Chính chủ cần cho thuê phòng trọ khép kín tại số 24 ngõ 168/21 Nguyễn Xiển, Thanh Xuân(trước cửa là 2 tòa nhà A1 và… - 231396",0941153524,https://phongtro123.com/images/thumb_default.svg,https://phongtro123.com/tinh-thanh/ha-noi/chinh-chu-cho-thue-phong-tro-khep-kin-168-nguyen-xien-1200k.html,phongtro123.com,2026-07-05T15:12:51.960384+00:00,1.2,15.0,Khương Đình,phong_tro,0,1,0,0,0,0,0,0,0,0,1,0.08
Tìm người thuê nhà trọ mới xây,1400000,12.0,"Đường Kim Giang, Phường Khương Đình, Hà Nội","Cho thuê phòng trọ mới xây tại ngõ 168/97 đường Kim Giang, gần đường Nguyễn Xiển, q. Thanh Xuân, Hà Nội. Phòng… - 228114",0904888922,https://phongtro123.com/images/thumb_default.svg,https://phongtro123.com/tinh-thanh/ha-noi/tim-nguoi-thue-nha-tro-moi-xay.html,phongtro123.com,2026-07-05T15:12:51.960384+00:00,1.4,12.0,Khương Đình,phong_tro,0,0,0,0,0,0,0,0,0,0,0,0.1166666666666666
Cho thuê phòng mới tinh – Vệ sinh khép kín- Diện tích từ 20-50m2 gần trường đại học Kiến Trúc,2800000,50.0,"Đường Triều Khúc, Phường Thanh Xuân, Hà Nội",Phòng: - Mới tinh - vệ sinh khép kín. - Diện tích từ 20-25-30m2 - Trang thiết bị vệ sinh cao cấp. - Bình nóng lạnh. -… - 226746,01213511138,https://phongtro123.com/images/thumb_default.svg,https://phongtro123.com/tinh-thanh/ha-noi/cho-thue-phong-moi-tinh-ve-sinh-khep-kin-dien-tich-tu-20-50m2-gan-truong-dai-hoc-kien-truc.html,phongtro123.com,2026-07-05T15:12:51.960384+00:00,2.8,50.0,Thanh Xuân,phong_tro,0,1,0,0,0,0,0,1,0,0,2,0.0559999999999999
"Cho thuê phòng trọ giá tốt tại Nhân Chính - Thanh Xuân giá chỉ 1,4 triệu",1400000,12.0,"Phố Quan Nhân, Phường Thanh Xuân, Hà Nội",Cho thuê 1 phòng ở tầng 3 (khoàng 12m2) trong nhà 3 tầng (ở cùng chủ nhà) số 4 ngách 109/40 - phố Quan Nhân - Nhân Chính… - 222036,0942268733,https://phongtro123.com/images/thumb_default.svg,https://phongtro123.com/tinh-thanh/ha-noi/cho-thue-phong-tro-gia-tot-tai-nhan-chinh-thanh-xuan-gia-chi%cc%89-14-trie%cc%a3u.html,phongtro123.com,2026-07-05T15:12:51.960384+00:00,1.4,12.0,Thanh Xuân,phong_tro,0,0,0,0,0,0,0,0,0,0,0,0.1166666666666666
Cho thuê phòng trọ tại Thanh Xuân - Hà Nội,1200000,15.0,"Đường Triều Khúc, Phường Thanh Xuân, Hà Nội","Cho thuê phòng trọ tầng 1 trong khu nhà 3 tầng cho thuê, phòng khép kín, ko chung chủ, Điện nước tính theo công tơ riêng,… - 223694",0987477566,https://phongtro123.com/images/thumb_default.svg,https://phongtro123.com/tinh-thanh/ha-noi/cho-thue-phong-tro-tai-thanh-xuan-ha-noi.html,phongtro123.com,2026-07-05T15:12:51.960384+00:00,1.2,15.0,Thanh Xuân,phong_tro,0,1,0,0,0,0,0,0,0,0,1,0.08
"Cho thuê phòng trọ dành cho sinh viên, đi làm",1400000,14.0,"Phố Hạ Đình, Phường Khương Đình, Hà Nội","Phòng trọ gần chợ , cây xăng , bến xe bus , các khu trung tâm thương mại , các trường đại học ,.... cho thuê sinh viên… - 222112",0936461711,https://phongtro123.com/images/thumb_default.svg,https://phongtro123.com/tinh-thanh/ha-noi/cho-thue-phong-tro-danh-cho-sinh-vien-di-lam.html,phongtro123.com,2026-07-05T15:12:51.960384+00:00,1.4,14.0,Khương Đình,phong_tro,0,0,0,0,0,0,0,0,0,0,0,0.0999999999999999
Cho thuê phòng trọ tại số nhà 27 đường Lương Thế Vinh,1500000,25.0,"Đường Lương Thế Vinh, Phường Thanh Xuân, Hà Nội","Cho thuê phòng tầng 2, vệ sinh chung tầng, có lóng lạnh, điện 4K/ số, nước 50k/ người đầu đường Lương thế vinh… - 222073",0968322387,https://phongtro123.com/images/thumb_default.svg,https://phongtro123.com/tinh-thanh/ha-noi/cho-thue-phong-tro-tai-so-nha-27-duong-luong-the-vinh.html,phongtro123.com,2026-07-05T15:12:51.960384+00:00,1.5,25.0,Thanh Xuân,phong_tro,0,0,0,0,0,0,0,0,0,0,0,0.06
Cho thuê 2 phòng trọ Cự Lộc,2500000,15.0,"Phố Cự Lộc, Phường Khương Đình, Hà Nội","Nhà mình còn 2 phòng tầng 3 Phố cự Lộc gần Royal city, muốn cho thuê diện tích là 15-18m2 với tiện ích: - Vị trí… - 221245",0979620305,https://phongtro123.com/images/thumb_default.svg,https://phongtro123.com/tinh-thanh/ha-noi/cho-thue-2-phong-tro-cu-loc.html,phongtro123.com,2026-07-05T15:12:51.960384+00:00,2.5,15.0,Khương Đình,phong_tro,0,0,0,0,0,0,0,0,0,0,0,0.1666666666666666
Cho thuê phòng gần Bách hóa thanh xuân,1300000,15.0,Hà Nội,"Chính chủ cần cho thuê 01 phòng ở tầng 3 trong nhà riêng có 4 tầng, diện tích 15m2 gần khu vực Bách hóa thanh xuân, ngã… - 220562",0975697522,https://phongtro123.com/images/thumb_default.svg,https://phongtro123.com/tinh-thanh/ha-noi/cho-thue-phong-gan-bach-hoa-thanh-xuan.html,phongtro123.com,2026-07-05T15:12:51.960384+00:00,1.3,15.0,unknown,phong_tro,0,0,0,0,0,0,0,0,0,0,0,0.0866666666666666
Phòng Trọ 15m2 - Giá 2tr Khương Đình - Thanh Xuân,2000000,15.0,"Phường Khương Đình, Hà Nội","Phòng tách riêng, tầng 1, có 1 gác xếp. Diện tích 15m2. WC khép kín trong nhà. Điện nước giá theo nhà nước. Có… - 219869",01654424874,https://phongtro123.com/images/thumb_default.svg,https://phongtro123.com/tinh-thanh/ha-noi/phong-tro-15m2-gia-2tr-khuong-dinh-thanh-xuan.html,phongtro123.com,2026-07-05T15:12:51.960384+00:00,2.0,15.0,Khương Đình,phong_tro,0,1,0,0,0,1,0,0,0,0,2,0.1333333333333333
Phòng tìm người (Quận Thanh Xuân),2400000,18.0,"Đường Nguyễn Trãi, Phường Thanh Xuân, Hà Nội","Gia đình mình cần cho thuê 01 phòng trọ (tầng 3): -01 phòng rộng 18m2, nhà vệ sinh riêng, ban công thoáng mát, có chỗ… - 219270",0902245679,https://phongtro123.com/images/thumb_default.svg,https://phongtro123.com/tinh-thanh/ha-noi/phong-tim-nguoi-quan-thanh-xuan.html,phongtro123.com,2026-07-05T15:12:51.960384+00:00,2.4,18.0,Thanh Xuân,phong_tro,0,1,1,0,0,0,0,0,0,0,2,0.1333333333333333
Cho thuê phòng trọ khu Triều Khúc khép kín riêng biệt,1700000,20.0,"Đường Triều Khúc, Phường Thanh Xuân, Hà Nội","Cho thuê phòng tầng 2 diện tích 20m2 thoáng mát sạch sẽ, khép kín riêng biệt ko chung với chủ nhà. Đối diện khu… - 217791",01238316345,https://phongtro123.com/images/thumb_default.svg,https://phongtro123.com/tinh-thanh/ha-noi/cho-thue-phong-tro-khu-trieu-khuc-khep-kin-rieng-biet.html,phongtro123.com,2026-07-05T15:12:51.960384+00:00,1.7,20.0,Thanh Xuân,phong_tro,0,1,0,0,0,0,0,0,0,0,1,0.0849999999999999
"Cho thuê phòng trọ chung cư mini 4 tầng, giá 1.2-1.4tr, điện: 4k/s, nước: 20k/s",1400000,12.0,"Đường Bùi Xương Trạch, Phường Khương Đình, Hà Nội","Cho thuê phòng trọ chung cư mini 4 tầng, giá 1.2tr - 1.4tr, điện: 4k/s, nước: 20k/s, vệ sinh khép kín ĐC: Đường Bùi… - 217578",0934533355,https://phongtro123.com/images/thumb_default.svg,https://phongtro123.com/tinh-thanh/ha-noi/cho-thue-phong-tro-chung-cu-mini-4-tang-gia-1-2-1-4tr-dien-4k-s-nuoc-20k-s.html,phongtro123.com,2026-07-05T15:12:51.960384+00:00,1.4,12.0,Khương Đình,can_ho_mini,0,1,0,0,0,0,0,0,0,0,1,0.1166666666666666
"Phòng trọ khép kín Phùng Khoang, có điều hòa nóng lạnh, 24m, gần HV Y học cổ truyền, mới sáng thoáng, riêng chủ",2600000,24.0,"Đường Triều Khúc, Phường Thanh Xuân, Hà Nội","Chính chủ cho thuê phòng trọ khép kín Đủ đồ, trong tòa nhà 5 tầng mới xây. Đều: Riêng chủ - Giờ tự quản -… - 166500",01676622285,https://phongtro123.com/images/thumb_default.svg,https://phongtro123.com/tinh-thanh/ha-noi/phong-tro-khep-kin-phung-khoang-co-dieu-hoa-nong-lanh-24-27m-gan-hv-y-hoc-co-truyen-moi-sang-thoang-rieng-chu.html,phongtro123.com,2026-07-05T15:12:51.960384+00:00,2.6,24.0,Thanh Xuân,phong_tro,1,1,0,0,0,0,0,1,0,0,3,0.1083333333333333
"PHÒNG TRỌ KHÉP KÍN 111 TRIỀU KHÚC THANH XUÂN, gần ĐH Công nghệ GTVT, ĐỦ ĐỒ, rộng 26-30m, mới sáng thoáng",2800000,30.0,"Đường Triều Khúc, Phường Thanh Xuân, Hà Nội","Chính chủ cho thuê phòng trọ khép kín Đủ đồ, trong tòa nhà 5 tầng mới xây. Đều: Riêng chủ - Giờ tự quản -… - 177805",01676622285,https://phongtro123.com/images/thumb_default.svg,https://phongtro123.com/tinh-thanh/ha-noi/phong-tro-khep-kin-trieu-khuc-thanh-xuan-gan-dh-cong-nghe-gtvt-nl-quat-tran-dh-rong-30m-moi-sang-thoang.html,phongtro123.com,2026-07-05T15:12:51.960384+00:00,2.8,30.0,Thanh Xuân,phong_tro,0,1,0,0,0,0,0,0,0,0,1,0.0933333333333333
Cho thuê phòng trọ như ở nhà riêng,2300000,28.0,"Đường Nguyễn Xiển, Phường Khương Đình, Hà Nội","Phòng khép kín ở tầng 3 rộng 28m2, ở căn nhà phân lô 5 tầng, mỗi tầng rộng 70m2, có thể nấu ăn ở ban công. phòng… - 216037",0932217966,https://phongtro123.com/images/thumb_default.svg,https://phongtro123.com/tinh-thanh/ha-noi/cho-thue-phong-tro-nhu-o-nha-rieng.html,phongtro123.com,2026-07-05T15:12:51.960384+00:00,2.3,28.0,Khương Đình,phong_tro,0,1,1,0,0,0,0,0,0,0,2,0.0821428571428571
"Cho thuê phòng trọ phường Thanh Xuân Nam, đường Nguyễn Trãi",2500000,20.0,"Đường Nguyễn Trãi, Phường Thanh Xuân, Hà Nội","Từ ngày 10/01/2018, nhà mình cần cho thuê 01 phòng trọ (tầng 3): -	01 phòng rộng 20m2 (có thể ở 4 người), Nhà vệ sinh… - 215292",0902245679,https://phongtro123.com/images/thumb_default.svg,https://phongtro123.com/tinh-thanh/ha-noi/cho-thue-phong-tro-phuong-thanh-xuan-nam-duong-nguyen-trai.html,phongtro123.com,2026-07-05T15:12:51.960384+00:00,2.5,20.0,Thanh Xuân,phong_tro,0,0,0,0,0,0,0,0,0,0,0,0.125
"Cho thuê phòng ngõ 565 Nguyễn Trãi, cạnh Triều Khúc, khép kín, không chung chủ, DT 25m2, giá 2.9triệu",2900000,25.0,"Đường Nguyễn Trãi, Phường Thanh Xuân, Hà Nội","Chính chủ cho thuê phòng mới xây, đẹp, mới 100%, các phòng thiết kế hiện đại khép kín. Không chung chủ, giờ giấc… - 214555",0965328228,https://phongtro123.com/images/thumb_default.svg,https://phongtro123.com/tinh-thanh/ha-noi/cho-thue-phong-ngo-565-nguyen-trai-canh-trieu-khuc-khep-kin-khong-chung-chu-dt-25m2-gia-2-9trieu.html,phongtro123.com,2026-07-05T15:12:51.960384+00:00,2.9,25.0,Thanh Xuân,phong_tro,0,1,0,0,0,0,0,0,0,0,1,0.1159999999999999
Tìm phòng trọ hoặc ở ghép gần ĐH khoa học xã hội nhân văn Hà nội,2000000,15.0,"Đường Nguyễn Trãi, Phường Thanh Xuân, Hà Nội","Cần thuê phòng trọ hoặc ở ghép cùng một bạn nữ chăm chỉ , thân thiện gần trường ĐH khoa học xã hội nhân văn… - 210551",0912413269,https://phongtro123.com/images/thumb_default.svg,https://phongtro123.com/tinh-thanh/ha-noi/tim-phong-tro-hoac-o-ghep-gan-dh-khoa-hoc-xa-hoi-nhan-van-ha-noi.html,phongtro123.com,2026-07-05T15:12:53.540545+00:00,2.0,15.0,Thanh Xuân,o_ghep,0,0,0,0,0,0,0,0,0,0,0,0.1333333333333333
"HOT ! Nhanh kẻo hết ! Cho thuê nhà ở or Văn phòng mặt sàn 80m2 tầng 3,4 ở Lê Văn Thiêm,Thanh Xuân giá tốt",5000000,80.0,"Phố Lê Văn Thiêm, Phường Thanh Xuân, Hà Nội","HÓT!!! NHANH KẺO HẾT !!! Cho thuê làm văn phòng hoặc nhà ở tầng 3,4 ở Lê Văn Thiêm,Thanh Xuân,Hà Nội. - Diện tích… - 210520",0904630803,https://phongtro123.com/images/thumb_default.svg,https://phongtro123.com/tinh-thanh/ha-noi/hot-nhanh-keo-het-cho-thue-nha-o-or-van-phong-mat-san-80m2-tang-34-o-le-van-thiemthanh-xuan-gia-tot.html,phongtro123.com,2026-07-05T15:12:53.540545+00:00,5.0,80.0,Thanh Xuân,phong_tro,0,0,0,0,0,0,0,0,0,0,0,0.0625
"Cho thuê phòng trọ khu vực Phương Mai Hồ, Phương Liệt",1500000,15.0,"Đường Phan Đình Giót, Phường Phương Liệt, Hà Nội","Diện tích sử dụng riêng biệt 15m2 Diện tích chung tầng 1, tầng thượng. Có bình nóng lạnh, wifi. Tiền điện tính… - 209412",0973311370,https://phongtro123.com/images/thumb_default.svg,https://phongtro123.com/tinh-thanh/ha-noi/cho-thue-phong-tro-khu-vuc-phuong-mai-ho-phuong-liet.html,phongtro123.com,2026-07-05T15:12:53.540545+00:00,1.5,15.0,Phương Liệt,phong_tro,0,0,0,0,0,0,0,1,1,0,2,0.1
"Cho thuê phòng trọ giá tốt tại Nhân Chính giá chỉ 1,4 triệu.",1400000,12.0,"Phố Quan Nhân, Phường Thanh Xuân, Hà Nội",Cho thuê 1 phòng ở tầng 3 (khoàng 12m2) trong nhà 3 tầng (ở cùng chủ nhà) số 4 ngách 109/40 - phố Quan Nhân - Nhân Chính… - 197183,0942268733,https://phongtro123.com/images/thumb_default.svg,https://phongtro123.com/tinh-thanh/ha-noi/cho-thue-phong-tro%cc%a3-o-tang-2-trong-nha-3-tang-tai-pho-quan-nhan-nhan-chinh-thanh-xuan.html,phongtro123.com,2026-07-05T15:12:53.540545+00:00,1.4,12.0,Thanh Xuân,phong_tro,0,0,0,0,0,0,0,0,0,0,0,0.1166666666666666
"CHÍNH CHỦ CHO THUÊ VĂN PHÒNG TÒA NHÀ 212 NGUYỄN XIỂN, NGUYỄN TRÃI, 30-40M2. GIÁ: 3TR-4tr/THÁNG",4000000,29.0,"Phường Khương Đình, Hà Nội","Chính chủ Cho thuê văn phòng tòa nhà 212 mặt đường lớn Nguyễn Xiển, Nguyễn Trãi 20-40m2. Giá:3- 4 triệu/tháng. DT: /… - 206928",0935348869,https://phongtro123.com/images/thumb_default.svg,https://phongtro123.com/tinh-thanh/ha-noi/chinh-chu-cho-thue-van-phong-toa-nha-212-nguyen-xien-nguyen-trai-30-40m2-gia-3tr-4tr-thang.html,phongtro123.com,2026-07-05T15:12:53.540545+00:00,4.0,29.0,Khương Đình,phong_tro,0,0,0,0,0,0,0,0,0,0,0,0.1379310344827586
"Nhà mình còn 1 phòng tầng 3 diện tích 12m2, giá 1tr700k Số nhà 6 ngách 182 Nguyễn Lân - Thanh Xuân",1700000,12.0,"Phố Phương Liệt, Phường Phương Liệt, Hà Nội",Nhà minh còn 1 phòng tầng 3 Diện tích 12m2giá 1t700k Địa chỉ : số nhà 6 ngách 182 nguyễn lân - thanh xuân . hà… - 204727,0985349504,https://phongtro123.com/images/thumb_default.svg,https://phongtro123.com/tinh-thanh/ha-noi/nha-minh-con-1-phong-tang-3-dien-tich-12m2gia-1t700k-dia-chi-so-nha-6-ngach-182-nguyen-lan-thanh-xuan.html,phongtro123.com,2026-07-05T15:12:53.540545+00:00,1.7,12.0,Phương Liệt,phong_tro,0,0,0,0,0,0,0,0,0,0,0,0.1416666666666666
"Cho thuê phòng khép kín, tầng 3 Tô Vĩnh Diện",2000000,28.0,"Phường Thanh Xuân, Hà Nội","Mình còn dư phòng tầng 3 khép kín Nhà xây ở nên rộng và thoáng mát 28m2 chưa tính WC Điện 4k/số, nước… - 204645",0966066890,https://phongtro123.com/images/thumb_default.svg,https://phongtro123.com/tinh-thanh/ha-noi/cho-thue-phong-khep-kin-tang-3-to-vinh-dien.html,phongtro123.com,2026-07-05T15:12:53.540545+00:00,2.0,28.0,Thanh Xuân,phong_tro,0,1,0,0,0,0,0,0,0,0,1,0.0714285714285714
"Cho thuê phòng trọ trong chung cư mi ni 4 tầng, giá 1.2tr -1.4tr, điện : 4k, nước 20k, diện tích: 12m",1200000,12.0,"Đường Bùi Xương Trạch, Phường Khương Đình, Hà Nội","Cho thuê phòng trọ trong chung cư mi ni 4 tầng, công trình phụ khép kín giá 1.2tr -1.4tr, điện : 4k, nước 20k, diện tích: 12m, - 203084",0982064208,https://phongtro123.com/images/thumb_default.svg,https://phongtro123.com/tinh-thanh/ha-noi/cho-thue-phong-tro-trong-chung-cu-mi-ni-4-tang-gia-1-2tr-1-4tr-dien-4k-nuoc-20k-dien-tich-12m.html,phongtro123.com,2026-07-05T15:12:53.540545+00:00,1.2,12.0,Khương Đình,can_ho,0,1,0,0,0,0,0,0,0,0,1,0.0999999999999999
"Phòng trọ sạch đẹp thoáng, có cửa sổ, nóng lạnh, máy giặt, an ninh",2000000,15.0,"Phố Vũ Tông Phan, Phường Khương Đình, Hà Nội","Hiện tại mình còn 01 phòng ở Vũ Tống Phan chỉ mất 5- 10p đến các trường THỦY LỢI, CÔNG ĐOÀN ,....ROYAL… - 201778",0915366627,https://phongtro123.com/images/thumb_default.svg,https://phongtro123.com/tinh-thanh/ha-noi/phong-tro-sach-dep-thoang-co-cua-so-nong-lanh-may-giat-an-ninh.html,phongtro123.com,2026-07-05T15:12:53.540545+00:00,2.0,15.0,Khương Đình,phong_tro,0,0,0,0,0,0,1,1,0,0,2,0.1333333333333333
cho thuê phòng 20m2 gần ngã tư sở,2500000,20.0,"Đường Nguyễn Ngọc Nại, Phường Phương Liệt, Hà Nội","Cho thuê phòng 20m2 gần ngã tư sở, phòng riêng biệt, khép kín, tầng 1, cửa mặt ngõ, lối đi riêng, điện nước đầy… - 199239",01658196739,https://phongtro123.com/images/thumb_default.svg,https://phongtro123.com/tinh-thanh/ha-noi/cho-thue-phong-20m2-gan-nga-tu-so.html,phongtro123.com,2026-07-05T15:12:53.540545+00:00,2.5,20.0,Phương Liệt,phong_tro,0,1,0,0,0,0,0,0,0,0,1,0.125
Cho thuê phòng trọ tại ngõ 68 Triều Khúc - Thanh Xuân - Hà Nội,2400000,28.0,"Đường Triều Khúc, Phường Thanh Xuân, Hà Nội",Phòng trọ khép kín diện tích 28m2 tại mặt tiền Tầng 2. Đây là phòng trọ thông 2 phòng nhỏ tiện lợi cho 3-4… - 198789,0936644660,https://phongtro123.com/images/thumb_default.svg,https://phongtro123.com/tinh-thanh/ha-noi/cho-thue-phong-tro-tai-ngo-68-trieu-khuc-thanh-xuan-ha-noi.html,phongtro123.com,2026-07-05T15:12:53.540545+00:00,2.4,28.0,Thanh Xuân,phong_tro,0,1,0,0,0,0,0,0,0,0,1,0.0857142857142857
"Cho thuê phòng trọ 2tr5, có điều hòa, nóng lạnh, máy giặt",2500000,20.0,"Phố Khương Hạ, Phường Khương Đình, Hà Nội","Chỉ cho nữ thuê Mình muốn nhượng lại một phòng tầng 4/5 tại số 60 ngách 78/29, khương Hạ Phòng rộng khoảng 20m2,… - 197638",01676240718,https://phongtro123.com/images/thumb_default.svg,https://phongtro123.com/tinh-thanh/ha-noi/cho-thue-phong-tro-2tr5-co-dieu-hoa-nong-lanh-may-giat.html,phongtro123.com,2026-07-05T15:12:53.540545+00:00,2.5,20.0,Khương Đình,phong_tro,1,0,0,0,0,0,1,1,0,0,3,0.125
"Cho thuê phòng trọ chung cư mini mới xây, giá 1.2tr, điện 4k, nước máy: 20k, ưu tiên ở 1 người",1200000,11.0,"Đường Bùi Xương Trạch, Phường Khương Đình, Hà Nội","Cho thuê phòng trong chung cư mini 4 tầng mới xây, điện: 4k/số, nước máy: 20k/số, phòng giá 1.2tr ưu tiên ở một… - 195266",0982064208,https://phongtro123.com/images/thumb_default.svg,https://phongtro123.com/tinh-thanh/ha-noi/cho-thue-phong-tro-chung-cu-mini-moi-xay-gia-1-2tr-dien-4k-nuoc-may-20k-uu-tien-o-1-nguoi.html,phongtro123.com,2026-07-05T15:12:53.540545+00:00,1.2,11.0,Khương Đình,can_ho_mini,0,0,0,0,0,0,0,0,0,0,0,0.109090909090909
"Nhà trọ cho thuê (Sinh viên, gia đình trẻ...)",1399000,14.0,"Đường Trường Chinh, Phường Phương Liệt, Hà Nội","Gia đình có phòng trọ cho thuê, phù hợp với đối tượng là sinh viên, người lao động hoặc các cặp vợ chồng… - 191880",0902103075,https://phongtro123.com/images/thumb_default.svg,https://phongtro123.com/tinh-thanh/ha-noi/nha-tro-cho-thue-sinh-vien-gia-dinh-tre.html,phongtro123.com,2026-07-05T15:12:53.540545+00:00,1.399,14.0,Phương Liệt,phong_tro,0,0,0,0,0,0,0,0,0,0,0,0.0999285714285714
cho thuê nhà trọ giá sinh viên,1700000,20.0,"Đường Nguyễn Trãi, Phường Thanh Xuân, Hà Nội","cho thuê nhà trọ giá sinh viên giá rẻ đủ 3 người ở thoải mái . nhà gần chợ,bến xe bus , đầy đủ nhà bếp và… - 191027",01642650198,https://phongtro123.com/images/thumb_default.svg,https://phongtro123.com/tinh-thanh/ha-noi/cho-thue-nha-tro-gia-sinh-vien.html,phongtro123.com,2026-07-05T15:12:53.540545+00:00,1.7,20.0,Thanh Xuân,phong_tro,0,0,0,0,0,0,0,0,0,0,0,0.0849999999999999
"Cho thuê phòng trọ tại số 3 ngách 44 ngõ 262B Nguyễn Trãi, gần Đại học KHTN, Nhân văn, Royal City...",2000000,15.0,Hà Nội,"Cho thuê phòng trọ tại số 3 ngách 44 ngõ 262B Nguyễn Trãi. Nhà mới xây xong, sạch sẽ thoáng mát ở vị trí thuận lợi… - 189449",0973453786,https://phongtro123.com/images/thumb_default.svg,https://phongtro123.com/tinh-thanh/ha-noi/cho-thue-phong-tro-tai-so-3-ngach-44-ngo-262b-nguyen-trai-gan-dai-hoc-khtn-nhan-van-royal-city.html,phongtro123.com,2026-07-05T15:12:53.540545+00:00,2.0,15.0,unknown,phong_tro,0,0,0,0,0,0,0,0,0,0,0,0.1333333333333333
Tìm người ở ghép tại Phùng Khoang 2 gần ĐH HN,1500000,14.0,"Đường Lương Thế Vinh, Phường Thanh Xuân, Hà Nội","Tìm người ở cùng, sạch sẽ, gọn gàng, ngoan ngoãn, thật thà, không có thói ăn trộm ăn cắp và có thể ở lâu… - 187644",01694940456,https://phongtro123.com/images/thumb_default.svg,https://phongtro123.com/tinh-thanh/ha-noi/tim-nguoi-o-ghep-tai-phung-khoang-2-gan-dh-hn.html,phongtro123.com,2026-07-05T15:12:53.540545+00:00,1.5,14.0,Thanh Xuân,o_ghep,0,0,0,0,0,0,0,0,0,0,0,0.1071428571428571
"Cho thuê phòng chung cư mini mới xây, ngõ 1 Bùi Xương Trạch, Hà Nội",1400000,12.0,"Đường Bùi Xương Trạch, Phường Khương Đình, Hà Nội","Cho thuê phòng trong chung cư mini 4 tầng còn 2 phòng, hộ gia đình 17m gác xép 10m giá 1.9tr, phòng thường 12m có gác xep 5… - 186884",0982064208,https://phongtro123.com/images/thumb_default.svg,https://phongtro123.com/tinh-thanh/ha-noi/cho-thue-phong-chung-cu-mini-moi-xay-ngo-1-bui-xuong-trach-ha-noi.html,phongtro123.com,2026-07-05T15:12:53.540545+00:00,1.4,12.0,Khương Đình,can_ho_mini,0,0,0,0,0,1,0,0,0,0,1,0.1166666666666666
"Cho thuê căn hộ chung cư ngã tư sở, full nội thất",6000000,65.0,"Đường Trường Chinh, Phường Khương Đình, Hà Nội","Cho thuê cc cc 19 Nguyễn Trãi, Thanh Xuân, Hà Nội. Full nội thất. Chỉ việc vào ở. Đến xem trực tiếp hoặc gọi Sđt… - 185480",0965848535,https://phongtro123.com/images/thumb_default.svg,https://phongtro123.com/tinh-thanh/ha-noi/cho-thue-cc-cc-nga-tu-so-full-noi-that-cc.html,phongtro123.com,2026-07-05T15:12:53.540545+00:00,6.0,65.0,Khương Đình,can_ho,0,0,0,0,1,0,0,0,0,0,1,0.0923076923076923
"CHO thuê căn hộ SẠCH SẼ NGÕ1 BÙI XƯƠNG TRẠCH, 20M; 2,8TR; CÓ NÓNG LẠNH, AN NINH; 0975.666.933",2800000,20.0,"Đường Bùi Xương Trạch, Phường Khương Đình, Hà Nội",+ Cho thuê căn hộ mini SẠCH SẼ ngõ 1 BÙI XƯƠNG TRẠCH( đầu khương trung) trong tòa nhà 5 tầng khép kín chỉ cần đóng… - 184459,0975666933,https://phongtro123.com/images/thumb_default.svg,https://phongtro123.com/tinh-thanh/ha-noi/cho-thue-can-ho-sach-se-ngo1-bui-xuong-trach-20m-28tr-co-nong-lanh-an-ninh-0975-666-933.html,phongtro123.com,2026-07-05T15:12:53.540545+00:00,2.8,20.0,Khương Đình,can_ho_mini,0,1,0,0,0,0,0,1,0,0,2,0.1399999999999999
"Chính chủ cho thuê phòng trọ trong chung cư mới xây, 4 tầng,WC khép kín.",1200000,12.0,"Đường Bùi Xương Trạch, Phường Khương Đình, Hà Nội","Chính chủ cho thuê phòng trọ trong chung cư mới xây 4 tầng,WC khép kín, mỗi phòng 13 m2 tại Ngõ 1 Bùi Xương Trạch,… - 181053",0982064208,https://phongtro123.com/images/thumb_default.svg,https://phongtro123.com/tinh-thanh/ha-noi/chinh-chu-cho-thue-phong-tro-trong-chung-cu-moi-xay-4-tangwc-khep-kin-4.html,phongtro123.com,2026-07-05T15:12:55.016775+00:00,1.2,12.0,Khương Đình,can_ho,0,1,0,0,0,0,0,0,0,0,1,0.0999999999999999
"Chính chủ cho thuê phòng trọ trong chung cư mới xây 4 tầng, WC khép kín, an ninh tốt",1400000,13.0,"Đường Bùi Xương Trạch, Phường Khương Đình, Hà Nội","Chính chủ cho thuê phòng trọ trong chung cư mới xây 4 tầng,WC khép kín, mỗi phòng 13 m2 tại Ngõ 1 Bùi Xương Trạch,… - 176788",0982064208,https://phongtro123.com/images/thumb_default.svg,https://phongtro123.com/tinh-thanh/ha-noi/chinh-chu-cho-thue-phong-tro-trong-chung-cu-moi-xay-4-tangwc-khep-kin-an-ninh-tot.html,phongtro123.com,2026-07-05T15:12:55.016775+00:00,1.4,13.0,Khương Đình,can_ho,0,1,0,0,0,0,0,0,0,0,1,0.1076923076923076
"cầm tìm phòng trọ quanh phố Quan Nhân,Nhân Chính",1500000,17.0,"Phố Hoàng Đạo Thúy, Phường Thanh Xuân, Hà Nội","cần tìm nhà trọ quanh Phố Quan Nhân, Nhân Chính cho 1 người ở, yêu cầu khép kín, có chỗ để xe ( dạng CCMN hoặc nhà… - 176063",01288458621,https://phongtro123.com/images/thumb_default.svg,https://phongtro123.com/tinh-thanh/ha-noi/cam-tim-phong-tro-quanh-pho-quan-nhannhan-chinh.html,phongtro123.com,2026-07-05T15:12:55.016775+00:00,1.5,17.0,Thanh Xuân,can_ho_mini,0,1,0,0,0,0,0,0,0,1,2,0.088235294117647
"Cho thuê phòng 30m2 yên tĩnh, thoáng mát",3000000,30.0,"Đường Khương Trung, Phường Khương Đình, Hà Nội","Tôi có phòng rộng rãi, thoáng mát, vệ sinh khép kín, đầy đủ tiện nghi: nóng lạnh, wifi,... Nơi ở yên tĩnh, an ninh… - 174797",0989062136,https://phongtro123.com/images/thumb_default.svg,https://phongtro123.com/tinh-thanh/ha-noi/cho-thue-phong-30m2-yen-tinh-thoang-mat.html,phongtro123.com,2026-07-05T15:12:55.016775+00:00,3.0,30.0,Khương Đình,phong_tro,0,1,0,0,0,0,0,1,1,0,3,0.1
"Chính chủ cho thuê phòng trọ hộ gia đình, sinh viên nữ tại Ngõ 40, Chính Kinh, Quận Thanh Xuân Hà Nội",1500000,20.0,"Đường Nguyễn Trãi, Phường Thanh Xuân, Hà Nội","Chính chủ cho thuê phòng trọ hộ gia đình, sinh viên nữ tại Ngõ 40, Chính Kinh, Quận Thanh Xuân Hà Nội Diện tích: 20m2;… - 174021",01668870972,https://phongtro123.com/images/thumb_default.svg,https://phongtro123.com/tinh-thanh/ha-noi/chinh-chu-cho-thue-phong-tro-ho-gia-dinh-sinh-vien-nu-tai-ngo-40-chinh-kinh-quan-thanh-xuan-ha-noi.html,phongtro123.com,2026-07-05T15:12:55.016775+00:00,1.5,20.0,Thanh Xuân,phong_tro,0,0,0,0,0,0,0,0,0,0,0,0.075
"Phòng tầng 2,3 của căn nhà 4 tầng riêng chủ 2,8 triệu/ tháng",2800000,20.0,"Đường Nguyễn Trãi, Phường Khương Đình, Hà Nội","Mình còn phòng tầng 2,3 của căn nhà 4 tầng riêng chủ. Diện tích mỗi phòng từ 18-20 m2, phòng sạch sẽ, thoáng mát… - 171983",0973875203,https://phongtro123.com/images/thumb_default.svg,https://phongtro123.com/tinh-thanh/ha-noi/phong-tang-23-cua-can-nha-4-tang-rieng-chu-28-trieu-thang.html,phongtro123.com,2026-07-05T15:12:55.016775+00:00,2.8,20.0,Khương Đình,phong_tro,0,0,0,0,0,0,0,0,0,0,0,0.1399999999999999
"Cho thuê phòng trọ 20m2- 25m2 giá 1,7tr- 2tr1 ngõ 198 Lê Trọng Tấn, Thanh Xuân",2100000,20.0,"Phố Lê Trọng Tấn, Phường Phương Liệt, Hà Nội","Cho thuê phòng trọ trong nhà 5 tầng ngõ 198 Lê Trọng TấnNhà mặt ngõ 198, 60m2/tầng , 5 tầng, cách mặt đường 50m.Mô… - 153288",0938460030,https://phongtro123.com/images/thumb_default.svg,https://phongtro123.com/tinh-thanh/ha-noi/cho-thue-phong-tro-22m2-gia-2tr-ngo-198-le-trong-tan-thanh-xuan.html,phongtro123.com,2026-07-05T15:12:55.016775+00:00,2.1,20.0,Phương Liệt,phong_tro,0,0,0,0,0,0,0,0,0,0,0,0.105
Chính chủ cho thuê phòng đẹp mới xây,2500000,20.0,"Đường Khương Đình, Phường Khương Đình, Hà Nội","Phòng đẹp , thoáng mát , tiện nghi, an ninh tốt 2.500.000 ₫ Chính Chủ cần cho thuê phòng. Nhà mình mới xây dựng 4… - 170833",0973929456,https://phongtro123.com/images/thumb_default.svg,https://phongtro123.com/tinh-thanh/ha-noi/chinh-chu-cho-thue-phong-dep-moi-xay.html,phongtro123.com,2026-07-05T15:12:55.016775+00:00,2.5,20.0,Khương Đình,phong_tro,0,0,0,0,0,0,0,0,0,0,0,0.125
"Chính chủ cho thuê phòng trọ trong chung cư mới xây, 4 tầng, wc khép kín",1200000,13.0,"Đường Bùi Xương Trạch, Phường Khương Đình, Hà Nội","Chính chủ cho thuê phòng trọ trong chung cư mới xây 4 tầng, WC khép kín, mỗi phòng 13 m2 tại Ngõ 1 Bùi Xương Trạch,… - 167818",0982064208,https://phongtro123.com/images/thumb_default.svg,https://phongtro123.com/tinh-thanh/ha-noi/chinh-chu-cho-thue-phong-tro-trong-chung-cu-moi-xay-4-tangwc-khep-kin-3.html,phongtro123.com,2026-07-05T15:12:55.016775+00:00,1.2,13.0,Khương Đình,can_ho,0,1,0,0,0,0,0,0,0,0,1,0.0923076923076923
CHO THUÊ NHÀ Ở 56M2 TẠI NGÕ 583 NGUYỄN TRÃI (CỔNG CHUNG CƯ NÀNG HƯƠNG),3600000,56.0,"Đường Nguyễn Trãi, Phường Thanh Xuân, Hà Nội","CHO THUÊ NHÀ 54m2 (tầng 1) tại ngõ 583 đường Nguyễn Trãi ( Cổng chung cư Nàng Hương, đối diện bến xe bus Phùng… - 166506",0942060480,https://phongtro123.com/images/thumb_default.svg,https://phongtro123.com/tinh-thanh/ha-noi/cho-thue-nha-o-56m2-tai-ngo-583-nguyen-trai-cong-chung-cu-nang-huong.html,phongtro123.com,2026-07-05T15:12:55.016775+00:00,3.6,56.0,Thanh Xuân,can_ho,0,0,0,0,0,0,0,0,0,0,0,0.0642857142857143
"Phòng trọ khép kín Tân Triều, Triều Khúc, 25m, full đồ riêng chủ, gần ĐH CN GTVT",2400000,25.0,"Đường Triều Khúc, Phường Thanh Xuân, Hà Nội","Do chưa có nhu cầu ở nên cho thuê PHÒNG trong nhà 4 tầng x 50m2, FULL đồ. Cho thuê TỪNG PHÒNG (rộng khoảng 18-20m); hoặc… - 162077",01689861007,https://phongtro123.com/images/thumb_default.svg,https://phongtro123.com/tinh-thanh/ha-noi/phong-tro-khep-kin-tan-trieu-trieu-khuc-25m-full-do-rieng-chu-gan-dh-cn-gtvt.html,phongtro123.com,2026-07-05T15:12:55.016775+00:00,2.4,25.0,Thanh Xuân,phong_tro,0,1,0,0,1,0,0,0,0,0,2,0.096
"Chính chủ cho thuê phòng trong nhà 4 tầng ở ngõ 132 Nguyễn Xiển. Giá 2,5 triệu",3000000,30.0,"Đường Nguyễn Xiển, Phường Khương Đình, Hà Nội",Cô có căn nhà 4 tầng tại ngõ 132 Nguyễn Xiển cho thuê theo từng phòng hoặc theo từng tầng. Mõi tầng 2 phòng và 1WC.… - 120980,0945931616,https://phongtro123.com/images/thumb_default.svg,https://phongtro123.com/tinh-thanh/ha-noi/chinh-chu-cho-thue-phong-trong-nha-4-tang-o-ngo-132-nguyen-xien-gia-25-trieu-2.html,phongtro123.com,2026-07-05T15:12:55.016775+00:00,3.0,30.0,Khương Đình,phong_tro,0,0,0,0,0,0,0,0,0,0,0,0.1
"Chính chủ cho thuê phòng ngõ 93 Hoàng Văn Thái. Giá 3,5 triệu/tháng",3500000,35.0,"Đường Hoàng Văn Thái, Phường Phương Liệt, Hà Nội","Chính chủ cho thuê phòng trong căn nhà 4 tầng tại ngõ 93 Hoàng Văn Thái.  Giá 3,5 triệu/tháng. Phòng rộng 35m2 mỗi… - 120979",0945931616,https://phongtro123.com/images/thumb_default.svg,https://phongtro123.com/tinh-thanh/ha-noi/chinh-chu-cho-thue-phong-ngo-93-hoang-van-thai-gia-35-tieuthang-2.html,phongtro123.com,2026-07-05T15:12:55.016775+00:00,3.5,35.0,Phương Liệt,phong_tro,0,0,0,0,0,0,0,0,0,0,0,0.1
Phòng trọ cho thuê đẹp 14m2 tại Đường Nguyễn Trãi gần Trường ĐH Khoa học tự nhiên,1600000,14.0,Hà Nội,Hiện nay tôi đang có 1 phòng đẹp đẽ cho thuê rộng 14m2. Các phòng đều có chỗ nấu nướng sinh hoạt vệ sinh riêng… - 162325,0435587304,https://phongtro123.com/images/thumb_default.svg,https://phongtro123.com/tinh-thanh/ha-noi/phong-tro-cho-thue-dep-14m2-tai-duong-nguyen-trai-gan-truong-dh-khoa-hoc-tu-nhien.html,phongtro123.com,2026-07-05T15:12:55.016775+00:00,1.6,14.0,unknown,phong_tro,0,1,0,0,0,0,0,0,0,0,1,0.1142857142857143
"Chính chủ cho thuê phòng trọ trong chung cư mới xây 4 tầng,WC khép kín.",1400000,13.0,"Đường Bùi Xương Trạch, Phường Khương Đình, Hà Nội","Chính chủ cho thuê phòng trọ trong chung cư mới xây 4 tầng,WC khép kín, mỗi phòng 13 m2 tại Ngõ 1 Bùi Xương Trạch,… - 160111",0982064208,https://phongtro123.com/images/thumb_default.svg,https://phongtro123.com/tinh-thanh/ha-noi/chinh-chu-cho-thue-phong-tro-trong-chung-cu-moi-xay-4-tangwc-khep-kin-2.html,phongtro123.com,2026-07-05T15:12:55.016775+00:00,1.4,13.0,Khương Đình,can_ho,0,1,0,0,0,0,0,0,0,0,1,0.1076923076923076
Cho thuê phòng trọ cho thuê,1300000,15.0,"Đường Nguyễn Trãi, Phường Khương Đình, Hà Nội","Phòng trên tầng 2, có ban công rộng 10m, có chỗ để xe, có chỗ nấu ăn, có internet. Chủ ở dưới tầng 1 - 157217",0906284748,https://phongtro123.com/images/thumb_default.svg,https://phongtro123.com/tinh-thanh/ha-noi/cho-thue-phong-tro-cho-thue.html,phongtro123.com,2026-07-05T15:12:55.016775+00:00,1.3,15.0,Khương Đình,phong_tro,0,0,1,0,0,0,0,0,1,1,3,0.0866666666666666
"Chính chủ cho thuê phòng trọ thoáng mát sạch đẹp, giá cả hợp lí - Khương Đình,Thanh Xuân, Hà Nội",2000000,30.0,"Phố Khương Hạ, Phường Khương Đình, Hà Nội","CHO THUÊ PHÒNG TRỌ AN TOÀN THOẢI MÁI: Vị trí: - Địa chỉ: Số 18 ngõ 2970/41 Khương Hạ, Thanh Xuân, Hà Nội - Gần… - 151665",0903416684,https://phongtro123.com/images/thumb_default.svg,https://phongtro123.com/tinh-thanh/ha-noi/chinh-chu-cho-thue-phong-tro-thoang-mat-sach-dep-gia-ca-hop-li-khuong-dinhthanh-xuanhn.html,phongtro123.com,2026-07-05T15:12:55.016775+00:00,2.0,30.0,Khương Đình,phong_tro,0,0,0,0,0,0,0,0,0,0,0,0.0666666666666666
"Chính chủ cho thuê phòng trọ trong chung cư mới xây 4 tầng,WC khép kín",1400000,13.0,"Đường Bùi Xương Trạch, Phường Khương Đình, Hà Nội","Chính chủ cho thuê phòng trọ trong chung cư mới xây 4 tầng,WC khép kín, mỗi phòng 13 m2 tại Ngõ 1 Bùi Xương Trạch,… - 150864",0982064208,https://phongtro123.com/images/thumb_default.svg,https://phongtro123.com/tinh-thanh/ha-noi/chinh-chu-cho-thue-phong-tro-trong-chung-cu-moi-xay-4-tangwc-khep-kin.html,phongtro123.com,2026-07-05T15:12:55.016775+00:00,1.4,13.0,Khương Đình,can_ho,0,1,0,0,0,0,0,0,0,0,1,0.1076923076923076
"Chính chủ cho thuê phòng trọ trong chung cư mới xây 4 tầng,WC khép kín, mỗi phòng 13 m2 tại Ngõ 1 Bùi Xương Trạch",1400000,13.0,"Đường Bùi Xương Trạch, Phường Khương Đình, Hà Nội","Gần Ngã Tư Sở, Royal City,Chính chủ cho thuê phòng trọ trong chung cư mới xây 4 tầng,WC khép kín, mỗi phòng 13 m2 tại… - 148417",0982064208,https://phongtro123.com/images/thumb_default.svg,https://phongtro123.com/tinh-thanh/ha-noi/chinh-chu-cho-thue-phong-tro-trong-chung-cu-moi-xay-4-tangwc-khep-kin-moi-phong-13-m2-tai-ngo-1-bui-xuong-trach.html,phongtro123.com,2026-07-05T15:12:57.184427+00:00,1.4,13.0,Khương Đình,can_ho,0,1,0,0,0,0,0,0,0,0,1,0.1076923076923076
Chính chủ cho thuê phòng trọ trong chung cư mới xây 4 tầng,1400000,13.0,"Đường Bùi Xương Trạch, Phường Khương Đình, Hà Nội","Chính chủ cho thuê phòng trọ trong chung cư mới xây 4 tầng,WC khép kín, mỗi phòng 13 m2 tại Ngõ 1 Bùi Xương Trạch,… - 141755",0982064208,https://phongtro123.com/images/thumb_default.svg,https://phongtro123.com/tinh-thanh/ha-noi/chinh-chu-cho-thue-phong-tro-trong-chung-cu-moi-xay-4-tang.html,phongtro123.com,2026-07-05T15:12:57.184427+00:00,1.4,13.0,Khương Đình,can_ho,0,1,0,0,0,0,0,0,0,0,1,0.1076923076923076
"Cho thuê phòng trọ 20m2, giá 1,7tr tại Phùng Khoang cạnh trường ĐH Y Dược Cổ Truyền",1700000,20.0,"Đường Phùng Khoang, Phường Thanh Xuân, Hà Nội","Cho thuê phòng trọ 20m2 tại Phùng khoang. Gần các trường đại học như kiến trúc, khoa học tự nhiên, nhân văn, y… - 104753",0979593351,https://phongtro123.com/images/thumb_default.svg,https://phongtro123.com/tinh-thanh/ha-noi/cho-thue-phong-tro-20m2-gia-22tr-tai-phung-khoang-canh-truong-dh-y-duoc-co-truyen.html,phongtro123.com,2026-07-05T15:12:57.184427+00:00,1.7,20.0,Thanh Xuân,phong_tro,0,0,0,0,0,0,0,0,0,0,0,0.0849999999999999
"Cho thuê 2 phòng trọ khép kín ở Ngõ 33, phố Cự Lộc, Thanh Xuân, Hà Nội",1600000,14.0,"Phố Cự Lộc, Phường Thanh Xuân, Hà Nội","Cho thuê 2 phòng trọ khép kín ở ngoc 33 phố cự lộc, thanh xuân hà nội gần royal city Vị trí thuận lợi gần trung… - 125214",0966649927,https://phongtro123.com/images/thumb_default.svg,https://phongtro123.com/tinh-thanh/ha-noi/cho-thue-2-phong-tro-khep-kin-o-ngo-33-pho-cu-loc-thanh-xuan-ha-noi.html,phongtro123.com,2026-07-05T15:12:57.184427+00:00,1.6,14.0,Thanh Xuân,phong_tro,0,1,0,0,0,0,0,0,0,0,1,0.1142857142857143
Cho thuê phòng trọ chính chủ gần ngã tư Sở,1800000,18.0,"Phố Khương Hạ, Phường Khương Đình, Hà Nội","Hiện nhà mình có phòng cho thuê ở gần NGÃ TƯ SỞ Nhà 4 tầng có thể ở ngay, bình nóng lạnh cho mùa đông giá… - 124348",0949837618,https://phongtro123.com/images/thumb_default.svg,https://phongtro123.com/tinh-thanh/ha-noi/cho-thue-phong-tro-chinh-chu-gan-nga-tu-so.html,phongtro123.com,2026-07-05T15:12:57.184427+00:00,1.8,18.0,Khương Đình,phong_tro,0,0,0,0,0,0,0,1,0,0,1,0.1
"Cho thuê phòng trọ ở Chính Kinh, ngã Tư Sở",2300000,20.0,"Phố Chính Kinh, Phường Khương Đình, Hà Nội","Tôi còn 2 phòng trọ trên tầng 2 cần cho thuê:  - S=20m2, có điều hoà 2 chiều - Vệ sinh chung ở tầng 2: rất rộng,… - 122496",0986029445,https://phongtro123.com/images/thumb_default.svg,https://phongtro123.com/tinh-thanh/ha-noi/cho-thue-phong-tro-o-chinh-kinh-nga-tu-so.html,phongtro123.com,2026-07-05T15:12:57.184427+00:00,2.3,20.0,Khương Đình,phong_tro,1,0,0,0,0,0,0,0,0,0,1,0.1149999999999999
"Cho thuê nhà 70m2, có: 3 phòng ngủ, có điều hòa, internet, truyền hình cáp",5000000,70.0,"Đường Nguyễn Trãi, Phường Thanh Xuân, Hà Nội","Cho thuê nhà ở chung cư Diện tích 70m2 gồm 3 phòng ngủ có tủ bếp, tủ quần áo, giường, nóng lạnh, điều… - 122333",0919917159,https://phongtro123.com/images/thumb_default.svg,https://phongtro123.com/tinh-thanh/ha-noi/cho-thue-nha-70m2-co-3-phong-ngu-co-dieu-hoa-internet-truyen-hinh-cap.html,phongtro123.com,2026-07-05T15:12:57.184427+00:00,5.0,70.0,Thanh Xuân,can_ho,1,0,0,0,0,0,0,1,1,0,3,0.0714285714285714
"Cho thuê nhà trọ, phòng trọ tại Thanh Xuân, Hà Nội",4000000,40.0,"Đường Nguyễn Trãi, Phường Thanh Xuân, Hà Nội","Cho thuê tầng 4, mặt sàn 40m2, 2 phòng ngủ, nhà mới xây sạch sẽ, thoáng mát. Khu dân cư trí thức, an ninh tốt, gần… - 122303",0986160958,https://phongtro123.com/images/thumb_default.svg,https://phongtro123.com/tinh-thanh/ha-noi/cho-thue-nha-tro-phong-tro-tai-thanh-xuan-ha-no%cc%a3i.html,phongtro123.com,2026-07-05T15:12:57.184427+00:00,4.0,40.0,Thanh Xuân,phong_tro,0,0,0,0,0,0,0,0,0,0,0,0.1
"Cho hộ gia đình thuê phòng trọ khép kín gần Royal City, đường Khương Đình, TX, HN",4500000,40.0,"Đường Khương Đình, Phường Khương Đình, Hà Nội","Cho thuê phòng trọ khép kín; thuê cả tầng có diện tích gần 50 m2 (phù hợp cho hộ gia đình) gồm 2 phòng khép kín, 1… - 121575",0973070849,https://phongtro123.com/images/thumb_default.svg,https://phongtro123.com/tinh-thanh/ha-noi/cho-ho-gia-dinh-thue-phong-tro-khep-kin-gan-royal-city-duong-khuong-dinh-tx-hn.html,phongtro123.com,2026-07-05T15:12:57.184427+00:00,4.5,40.0,Khương Đình,phong_tro,0,1,0,0,0,0,0,0,0,0,1,0.1125
Cho sinh viên nữ thuê phòng trọ ở ngõ 583 đường Nguyễn Trãi,1800000,22.0,"Đường Nguyễn Trãi, Phường Thanh Xuân, Hà Nội","Cho thuê nhà ở số 16, ngõ 583, đường Nguyễn Trãi, Thanh Xuân, Hà Nội ( Đối diện chợ Phùng Khoang), cạnh chung cư… - 119988",0942060480,https://phongtro123.com/images/thumb_default.svg,https://phongtro123.com/tinh-thanh/ha-noi/cho-sinh-vien-nu-thue-phong-tro-o-ngo-583-duong-nguyen-trai.html,phongtro123.com,2026-07-05T15:12:57.184427+00:00,1.8,22.0,Thanh Xuân,can_ho,0,0,0,0,0,0,0,0,0,0,0,0.0818181818181818
"Cho thuê nhà tập thể 2T, 25m2, Số 2 Ngách 133/10 Nguyễn Trãi. Gía 8tr/3 tháng",2500000,25.0,"Đường Nguyễn Trãi, Phường Thanh Xuân, Hà Nội","Cho thuê nhà tập thể 2T, 25m2, Số 2 Ngách 133/10 Nguyễn Trãi, 8tr/3 tháng. Chính chủ cho thuê nhà tập thể Thuốc Lá… - 111978",0987224488,https://phongtro123.com/images/thumb_default.svg,https://phongtro123.com/tinh-thanh/ha-noi/cho-thue-nha-tap-the-2t-25m2-so-2-ngach-13310-nguyen-trai-gia-8tr3-thang.html,phongtro123.com,2026-07-05T15:12:57.184427+00:00,2.5,25.0,Thanh Xuân,phong_tro,0,0,0,0,0,0,0,0,0,0,0,0.1
Cho thuê phòng trọ khép kín mới xây trong khuôn viên ĐH Hà Nội Hanu,2500000,18.0,"Đường Nguyễn Trãi, Phường Thanh Xuân, Hà Nội","Cho thuê phòng khép kín mới xây đẹp diện tích 16-18m2, nhà 7 tầng trong khuôn viên trường ĐH Hà Nội - HANU, khu nhà… - 111893",01689643125,https://phongtro123.com/images/thumb_default.svg,https://phongtro123.com/tinh-thanh/ha-noi/cho-thue-phong-tro-khep-kin-moi-xay-trong-khuon-vien-dh-ha-noi-hanu.html,phongtro123.com,2026-07-05T15:12:57.186037+00:00,2.5,18.0,Thanh Xuân,phong_tro,0,1,0,0,0,0,0,0,0,0,1,0.1388888888888889
Tìm nữ ở ghép - Ưu tiên sinh viên,3000000,30.0,"Đường Phùng Khoang, Hà Nội","Phòng rộng, thoáng mát, chỗ phơi quần áo + để xe thoáng rộng, an ninh tốt. Điện nước tính theo hộ gia đình Địa… - 110924",0962775991,https://phongtro123.com/images/thumb_default.svg,https://phongtro123.com/tinh-thanh/ha-noi/tim-nu-o-ghep-uu-tien-sinh-vien-2.html,phongtro123.com,2026-07-05T15:12:57.186037+00:00,3.0,30.0,unknown,o_ghep,0,0,0,0,0,0,0,0,0,1,1,0.1
"CHO THUÊ PHÒNG TRỌ KHÉP KÍN CHO SINH VIÊN VÀ HỘ GIA ĐÌNH, GIỜ GIẤC TỰ DO THOẢI MÁI. GIÁ 2,2TR",2200000,30.0,"Phố Khương Hạ, Phường Khương Đình, Hà Nội","Chính chủ cho thuê 2 phòng trọ khép kín  - Phòng trọ khép kín, sạch sẽ, thoáng mát  - Diện tích 30m2  - Có khu vệ… - 110750",0903416684,https://phongtro123.com/images/thumb_default.svg,https://phongtro123.com/tinh-thanh/ha-noi/cho-thue-phong-tro-khep-kin-cho-sinh-vien-va-ho-gia-dinh-gio-giac-tu-do-thoai-mai-gia-22tr.html,phongtro123.com,2026-07-05T15:12:57.186037+00:00,2.2,30.0,Khương Đình,phong_tro,0,1,0,0,0,0,0,0,0,0,1,0.0733333333333333
Phòng trọ cho thuê đẹp 18m2 tại Đường Nguyễn Trãi gần Trường ĐH Khoa học tự nhiên,1800000,18.0,Hà Nội,Hiện nay tôi đang có 1 phòng 18m2 đẹp ở tầng 3 đẽ cho thuê. Các phòng đều có chỗ nấu nướng sinh hoạt vệ sinh… - 103965,0435587304,https://phongtro123.com/images/thumb_default.svg,https://phongtro123.com/tinh-thanh/ha-noi/phong-tro-cho-thue-dep-18m2-tai-duong-nguyen-trai-gan-truong-dh-khoa-hoc-tu-nhien.html,phongtro123.com,2026-07-05T15:12:57.186037+00:00,1.8,18.0,unknown,phong_tro,0,0,0,0,0,0,0,0,0,0,0,0.1
Tuyển nhân viên nữ ở quận Thanh Xuân,2000000,20.0,"Đường Khuất Duy Tiến, Phường Thanh Xuân, Hà Nội","Mình đang thuê phòng trọ ở mặt đường Khuất Duy Tiến. Phòng rộng, sạch sẽ, tiện nghi,đầy đủ giường tủ, máy… - 100102",01698841719,https://phongtro123.com/images/thumb_default.svg,https://phongtro123.com/tinh-thanh/ha-noi/tuyen-nhan-vien-nu-o-quan-thanh-xuan.html,phongtro123.com,2026-07-05T15:12:57.186037+00:00,2.0,20.0,Thanh Xuân,phong_tro,0,0,0,0,0,0,0,0,0,0,0,0.1
CHO THUÊ NHÀ 55M2 TẠI NGÕ 583 NGUYỄN TRÃI (CỔNG CHUNG CƯ NÀNG HƯƠNG),3600000,55.0,"Đường Nguyễn Trãi, Phường Thanh Xuân, Hà Nội","CHO THUÊ NHÀ 55m2 (tầng 1) tại ngõ 583 đường Nguyễn Trãi (Cổng chung cư Nàng Hương, đối diện bến xe bus Phùng Khoang).… - 96971",0942060480,https://phongtro123.com/images/thumb_default.svg,https://phongtro123.com/tinh-thanh/ha-noi/cho-thue-nha-55m2-tai-ngo-583-nguyen-trai-cong-chung-cu-nang-huong.html,phongtro123.com,2026-07-05T15:12:57.186037+00:00,3.6,55.0,Thanh Xuân,can_ho,0,0,0,0,0,0,0,0,0,0,0,0.0654545454545454
"Xóm trọ số 20 Ngõ 105 Phùng Khoang 2. Cho thuê phòng trọ tự quản, khép kín",1350000,14.0,"Đường Phùng Khoang, Phường Thanh Xuân, Hà Nội","Cho thuê phòng trọ,nhà trọ tự quản khép kín (DT: 14m2, có xép để đồ, chỗ để xe, giờ giấc tự do). Internet cáp… - 91271",0906090672,https://phongtro123.com/images/thumb_default.svg,https://phongtro123.com/tinh-thanh/ha-noi/xom-tro-so-20-ngo-105-phung-khoang-2-cho-thue-phong-tro-tu-quan-khep-kin.html,phongtro123.com,2026-07-05T15:12:57.186037+00:00,1.35,14.0,Thanh Xuân,phong_tro,0,1,0,0,0,0,0,0,1,1,3,0.0964285714285714
"Phòng trọ 10m2, giá 1.100.000đ một tháng",1100000,10.0,"Đường Bùi Xương Trạch, Phường Khương Đình, Hà Nội","Nhà có khuôn viên thoáng mát, có sân phơi rộng rãi. Điện, nước, mạng wifi đầy đủ. - 86712",0936225296,https://phongtro123.com/images/thumb_default.svg,https://phongtro123.com/tinh-thanh/ha-noi/phong-tro-10m2-gia-1-100-000d-mot-thang.html,phongtro123.com,2026-07-05T15:12:57.186037+00:00,1.1,10.0,Khương Đình,phong_tro,0,0,0,0,0,0,0,0,1,0,1,0.11
HN cho thuê nhà trọ khép kín 26m2 gần Cao Đẳng Giao Thông Vận tải Thanh Xuân,2000000,26.0,"Đường Triều Khúc, Hà Nội",Cho thuê nhà ở/nhà trọ tại khu tập thể địa chỉ Tầng 3 nhà A2 Ngõ 42 Triều Khúc Thanh Xuân HN Diện tích: 26m2. Có 01… - 83165,0983748657,https://phongtro123.com/images/thumb_default.svg,https://phongtro123.com/tinh-thanh/ha-noi/hn-cho-thue-nha-tro-khep-kin-26m2-gan-cao-dang-giao-thong-van-tai-thanh-xuan.html,phongtro123.com,2026-07-05T15:12:59.990221+00:00,2.0,26.0,unknown,phong_tro,0,1,0,0,0,0,0,0,0,0,1,0.0769230769230769
"Cho thuê nhà trọ khép kín, rộng rãi",2000000,17.0,"Phố Quan Nhân, Phường Thanh Xuân, Hà Nội","Có phòng trọ khép kín có gác xép diện tích 17m2 . Sân rộng để xe, tiện chợ. Số 14 hẻm 144/8/19 phố Quan Nhân. bác… - 81993",01664646888,https://phongtro123.com/images/thumb_default.svg,https://phongtro123.com/tinh-thanh/ha-noi/cho-thue-nha-tro-khep-kin-rong-rai.html,phongtro123.com,2026-07-05T15:12:59.990221+00:00,2.0,17.0,Thanh Xuân,phong_tro,0,1,0,0,0,1,0,0,0,1,3,0.1176470588235294
"Cho thuê phòng trọ cho nữ đẹp, giá tốt tại Triều Khúc - Thanh Xuân",1500000,16.0,"Đường Triều Khúc, Phường Thanh Xuân, Hà Nội","- Nhà 3 tầng, phòng rộng 16m trên tầng 2, cửa sổ balcony thoáng mát - Có nhà vệ sinh trên tầng 2, tầng 1 để xe, tầng… - 76942",0931111303,https://phongtro123.com/images/thumb_default.svg,https://phongtro123.com/tinh-thanh/ha-noi/cho-thue-phong-tro-cho-nu-dep-gia-tot-tai-trieu-khuc-thanh-xuan.html,phongtro123.com,2026-07-05T15:12:59.990221+00:00,1.5,16.0,Thanh Xuân,phong_tro,0,0,0,0,0,0,0,0,0,1,1,0.09375
"PHÒNG CHO NỮ THUÊ, NGÕ 162 KHƯƠNG ĐÌNH, THANH XUÂN, HÀ NỘI",1600000,15.0,"Đường Khương Đình, Phường Khương Đình, Hà Nội","Chào các bạn, mình có phòng cho nữ thuê.  Tại ngõ 162/28/20 đường Khương Đình, Quận Thanh Xuân, Hà Nội.  Phòng… - 76646",0978676141,https://phongtro123.com/images/thumb_default.svg,https://phongtro123.com/tinh-thanh/ha-noi/phong-cho-nu-thue-ngo-162-khuong-dinh-thanh-xuan-ha-noi-3.html,phongtro123.com,2026-07-05T15:12:59.990221+00:00,1.6,15.0,Khương Đình,phong_tro,0,0,0,0,0,0,0,0,0,0,0,0.1066666666666666
"Cho thuê phòng trọ chính chủ phố Phan Đình Giót, Thanh Xuân, Hà Nội",2000000,25.0,"Đường Giải Phóng, Hà Nội","Số 16 Ngõ 31/1/18 phố Phan Đình Giót, Thanh Xuân Ưu tiên hộ gia đình đủ đồ liên hệ chị Thảo 0919201176 miễn trung… - 72092",0919201176,https://phongtro123.com/images/thumb_default.svg,https://phongtro123.com/tinh-thanh/ha-noi/cho-thue-phong-tro-chinh-chu-pho-phan-dinh-giot-thanh-xuan-ha-noi.html,phongtro123.com,2026-07-05T15:12:59.990221+00:00,2.0,25.0,unknown,phong_tro,0,0,0,0,0,0,0,0,0,0,0,0.08
"Có phòng trọ cho thuê ở Ngõ 29 Khương Hạ, Khương Đình, HN",1700000,19.0,"Phố Khương Hạ, Phường Khương Đình, Hà Nội","Có phòng cho thuê ở Ngõ 29 Phố Khương Hạ (cho Nữ thuê): Diện tích phòng 19m nhà tầng mới xây sạch sẽ thoáng mát,… - 72795",0988263573,https://phongtro123.com/images/thumb_default.svg,https://phongtro123.com/tinh-thanh/ha-noi/co-phong-tro-cho-thue-o-ngo-29-khuong-ha-khuong-dinh-hn.html,phongtro123.com,2026-07-05T15:12:59.990221+00:00,1.7,19.0,Khương Đình,phong_tro,0,0,0,0,0,0,0,0,0,0,0,0.0894736842105263
Có phòng cho thuê gần Ủy Ban Phường Khương Trung,1500000,17.0,"Đường Khương Trung, Phường Khương Đình, Hà Nội","Tôi có phòng rộng 17m2 sạch sẽ, yên tĩnh, thoáng mát, đầy đủ tiện nghi: nóng lạnh, wifi, vệ sinh riêng... Phòng… - 65894",0989062136,https://phongtro123.com/images/thumb_default.svg,https://phongtro123.com/tinh-thanh/ha-noi/co-phong-cho-thue-gan-uy-ban-phuong-khuong-trung.html,phongtro123.com,2026-07-05T15:12:59.990221+00:00,1.5,17.0,Khương Đình,phong_tro,0,1,0,0,0,0,0,1,1,0,3,0.088235294117647
"Phòng cho nữ thuê, Ngõ 162 Khương Đình, Thanh Xuân, Hà Nội",1100000,15.0,Hà Nội,"Chào các bạn, mình có phòng cho nữ thuê. 
Tại ngõ 162/28/20 đường Khương Đình, Quận Thanh Xuân, Hà Nội. 
Phòng… - 55557",0978676141,https://phongtro123.com/images/thumb_default.svg,https://phongtro123.com/tinh-thanh/ha-noi/phong-cho-nu-thue-ngo-162-khuong-dinh-thanh-xuan-ha-noi-2.html,phongtro123.com,2026-07-05T15:12:59.990221+00:00,1.1,15.0,unknown,phong_tro,0,0,0,0,0,0,0,0,0,0,0,0.0733333333333333
phong tro cho thue,1600000,15.0,Hà Nội,"Cho thue phong tro
vi tri gan DH Bach Khoa, Xay Dung, KTQD
gan benh vien Bach Mai
gan duong Truong Chinh
khu vuc ho Phuong Liet - 32975",0973311370,https://phongtro123.com/images/thumb_default.svg,https://phongtro123.com/tinh-thanh/ha-noi/phong-tro-cho-thue-3.html,phongtro123.com,2026-07-05T15:12:59.990221+00:00,1.6,15.0,unknown,phong_tro,0,0,0,0,0,0,0,0,0,0,0,0.1066666666666666
"Phòng cho thuê giá 1tr8 Khương Đình, Thanh Xuân",1800000,15.0,Hà Nội,"Cho thuê phòng:
- Diện tích: 15m2, * Nhà vệ sinh riêng đặt trong phòng.
* Trong nhà có gác xếp(tầng nhỏ) rộng rãi.
-… - 28257",01654424874,https://phongtro123.com/images/thumb_default.svg,https://phongtro123.com/tinh-thanh/ha-noi/phong-cho-thue-gia-1tr8-khuong-dinh-thanh-xuan.html,phongtro123.com,2026-07-05T15:12:59.990221+00:00,1.8,15.0,unknown,phong_tro,0,1,0,0,0,1,0,0,0,0,2,0.12
"Có phòng yên tĩnh thoáng mát, 24 Ngách 162/130 Khương Trung Thanh",3000000,30.0,Hà Nội,"Tôi có phong rộng 30m2, vệ sinh khép kín, đầy đủ tiện nghi, yên tĩnh, thoáng mát, an ninh cực kì đảm bảo. Nhà gần… - 19854",09270700796,https://phongtro123.com/images/thumb_default.svg,https://phongtro123.com/tinh-thanh/ha-noi/co-phong-yen-tinh-thoang-mat-24-ngach-162130-khuong-trung-thanh.html,phongtro123.com,2026-07-05T15:12:59.991221+00:00,3.0,30.0,unknown,phong_tro,0,1,0,0,0,0,0,0,0,0,1,0.1
"Cho thuê phòng trọ Sinh Viên Thanh Xuân, Hà Nội",1300000,12.0,"Phường Phương Liệt, Hà Nội","Gia đình có phòng trọ cho thuê. Dãy trọ độc lập, có nhà vệ sinh khép kín. Điện nước tính công tơ riêng. Đường… - 15843",0902103075,https://phongtro123.com/images/thumb_default.svg,https://phongtro123.com/tinh-thanh/ha-noi/cho-thue-phong-tro-sinh-vien-thanh-xuan-ha-noi.html,phongtro123.com,2026-07-05T15:12:59.991221+00:00,1.3,12.0,Phương Liệt,phong_tro,0,1,0,0,0,0,0,0,0,0,1,0.1083333333333333
"Cho thuê phòng trọ 22m2, E 12, Thanh Xuân Bắc",2200000,22.0,Hà Nội,"Cho thuê phòng trọ tại E12 Thanh Xuân Bắc diện tích 22 m2, điện nước vệ sinh khép kín, có gác sếp.
Liên hệ Chi Nữ,… - 13325",0976317364,https://phongtro123.com/images/thumb_default.svg,https://phongtro123.com/tinh-thanh/ha-noi/cho-thue-phong-tro-22m2-e-12-thanh-xuan-bac.html,phongtro123.com,2026-07-05T15:12:59.991221+00:00,2.2,22.0,unknown,phong_tro,0,1,0,0,0,1,0,0,0,0,2,0.1
Có phòng muốn cho người thích yên tĩnh thuê,3000000,30.0,Hà Nội,"Tôi có một phòng diện tích 30m2 thoáng mát, yên tĩnh, vệ sinh khép kín, nội thất đầy đủ, an ninh tốt. Nhà cách… - 11049",0927070096,https://phongtro123.com/images/thumb_default.svg,https://phongtro123.com/tinh-thanh/ha-noi/co-phong-muon-cho-nguoi-thich-yen-tinh-thue.html,phongtro123.com,2026-07-05T15:12:59.991221+00:00,3.0,30.0,unknown,phong_tro,0,1,0,0,1,0,0,0,0,0,2,0.1
"Cho thuê phòng khu Hoàng Quốc Việt, phòng đẹp ( 1tr6 đến 1tr8 )",1600000,16.0,Hà Nội,"Cho thuê phòng chính chủ nhà 5 tầng tại số 78 ngõ 5 Hoàng Quốc Việt, Cầu giấy.
Mô tả :
- Phòng mới, sach; đẹp, sàn… - 11527",01694948755,https://phongtro123.com/images/thumb_default.svg,https://phongtro123.com/tinh-thanh/ha-noi/cho-thue-phong-khu-hoang-quoc-viet-phong-dep-1tr6-den-1tr8.html,phongtro123.com,2026-07-05T15:12:59.991221+00:00,1.6,16.0,unknown,phong_tro,0,0,0,0,0,0,0,0,0,0,0,0.1
Cho thuê nhà 54m2 tại ngõ 583 Nguyễn Trãi (Cổng chung cư Nàng Hương),3600000,54.0,Hà Nội,"CHO THUÊ NHÀ 54m2 tại ngõ 583 đường Nguyễn Trãi ( Cổng chung cư Nàng Hương, đối diện bến xe bus Phùng Khoang). Căn hộ… - 9898",01689911874,https://phongtro123.com/images/thumb_default.svg,https://phongtro123.com/tinh-thanh/ha-noi/cho-thue-nha-54m2-tai-ngo-583-nguyen-trai-cong-chung-cu-nang-huong.html,phongtro123.com,2026-07-05T15:12:59.991221+00:00,3.6,54.0,unknown,can_ho,0,0,0,0,0,0,0,0,0,0,0,0.0666666666666666
"Cho thuê chung cư mini ở Khuất Duy Tiến, Thanh Xuân",1200000,20.0,Hà Nội,"Hiện tại nhà mình còn 10 phòng ở CC mini 6 tầng.- Phòng rộng 15m2 - 20m2 - 25m2 - 35m2.- Có tắm nóng lạnh, có điều hòa.-… - 4170",0927753907,https://phongtro123.com/images/thumb_default.svg,https://phongtro123.com/tinh-thanh/ha-noi/cho-thue-chung-cu-mini-o-khuat-duy-tien-thanh-xuan.html,phongtro123.com,2026-07-05T15:12:59.991221+00:00,1.2,20.0,unknown,can_ho_mini,1,0,0,0,0,0,0,1,0,0,2,0.06
Cho thuê nhà trọ ở ngõ 64 Vũ Trọng Phụng,2200000,20.0,Hà Nội,"Cần cho thuê nhà tầng 4, khép kín có điều hòa nóng lạnh, nét tại ngõ 64 Vũ Trọng Phụng Thanh Xuân .
Giá phòng… - 3989",01689935602,https://phongtro123.com/images/thumb_default.svg,https://phongtro123.com/tinh-thanh/ha-noi/cho-thue-nha-tro-o-ngo-64-vu-trong-phung.html,phongtro123.com,2026-07-05T15:13:02.518879+00:00,2.2,20.0,unknown,phong_tro,1,1,0,0,0,0,0,1,0,0,3,0.11
"Phòng đẹp rẻ, ra vào 24/24h, DT 18m2, giá 1.9 triệu",1900000,18.0,Hà Nội,"- Nhà anh còn phòng đẹp ở tự do như ở nhà mình, sạch sẽ, nhà biệt thự 4 tầng,
- Phòng rộng 18m2, không gian yên… - 2748",0904823592,https://phongtro123.com/images/thumb_default.svg,https://phongtro123.com/tinh-thanh/ha-noi/phong-dep-re-ra-vao-2424h-dt-18m2-gia-1-9-trieu.html,phongtro123.com,2026-07-05T15:13:02.518879+00:00,1.9,18.0,unknown,phong_tro,0,0,0,0,0,0,0,0,0,0,0,0.1055555555555555
Cho thuê chung cư mini giá rẻ tại Thanh Xuân,1300000,16.0,Hà Nội,"CHO THUÊ NHÀ KHÉP KÍN KIỂU CC MINI tại Số 124ngõ 230 Định CôngThượng 
(đi thẳng ngõ192 Lê Trọng Tấn là sang… - 2140",0936234225,https://phongtro123.com/images/thumb_default.svg,https://phongtro123.com/tinh-thanh/ha-noi/cho-thue-chung-cu-mini-gia-re-tai-thanh-xuan.html,phongtro123.com,2026-07-05T15:13:02.519877+00:00,1.3,16.0,unknown,can_ho_mini,0,1,0,0,0,0,0,0,0,0,1,0.08125
"Cho thuê phòng trọ đầy đủ điều hòa, nóng lạnh, tivi gần ngã tư sở Thanh Xuân",2000000,20.0,Hà Nội,"Cho thuê phòng trọ khép kín đủ điều hòa , nóng lạnh,tivi,chăn đệm đầy đủ tiện nghi giá 2.000.000Đ/tháng, nhà gần… - 2057",01252994029,https://phongtro123.com/images/thumb_default.svg,https://phongtro123.com/tinh-thanh/ha-noi/cho-thue-phong-tro-day-du-dieu-hoa-nong-lanh-tivi-gan-nga-tu-so-thanh-xuan.html,phongtro123.com,2026-07-05T15:13:02.519877+00:00,2.0,20.0,unknown,phong_tro,1,1,0,0,0,0,0,1,0,0,3,0.1
Cho thuê nhà Thanh Xuân Hà Nội,2000000,20.0,Hà Nội,"Cho thuê phòng sạch sẽ có nóng lạnh, wife.Vị trí trung tâm, khu vực thuận tiện giao thông, 
- Vỉa hè rộng, có chỗ… - 2037",0915833336,https://phongtro123.com/images/thumb_default.svg,https://phongtro123.com/tinh-thanh/ha-noi/cho-thue-nha-thanh-xuan-ha-noi.html,phongtro123.com,2026-07-05T15:13:02.519877+00:00,2.0,20.0,unknown,phong_tro,0,0,0,0,0,0,0,1,0,0,1,0.1
"Phòng trọ khép kín tại Kim Giang, Thanh Xuân, Hà Nội",2000000,30.0,Hà Nội,"Cho thuê phòng khép kín tại chợ Cầu Lủ - Kim Giang cách ngã tư sở 2km, để xe tầng 1, sân phơi rộng rãi, an ninh tốt,… - 1717",0978252388,https://phongtro123.com/images/thumb_default.svg,https://phongtro123.com/tinh-thanh/ha-noi/phong-tro-khep-kin-tai-kim-giang-thanh-xuan-ha-no.html,phongtro123.com,2026-07-05T15:13:02.519877+00:00,2.0,30.0,unknown,phong_tro,0,1,0,0,0,0,0,0,0,1,2,0.0666666666666666
Cho thuê phòng 35 m2 khép kín giá 2.5 triệu tại 93 Phùng Khoang,2500000,35.0,Hà Nội,"Chung cư tại số 93 Phùng Khoang, Thanh Xuân, Hà Nội, gần chợ Phùng Khoang.- Phòng chính chủ, có bảo vệ 24/24, yên tâm an… - 1219",0973.373.421,https://phongtro123.com/images/thumb_default.svg,https://phongtro123.com/tinh-thanh/ha-noi/cho-thue-phong-35-m2-khep-kin-gia-2-5-trieu-tai-93-phung-khoang.html,phongtro123.com,2026-07-05T15:13:02.519877+00:00,2.5,35.0,unknown,can_ho,0,1,0,0,0,0,0,0,0,0,1,0.0714285714285714
"KHAI TRƯƠNG KHU CHUNG CƯ MINI MỚI XÂY KHÉP KÍN CHO THUÊ, CÓ GÁC XÉP, GIÁ 1.3 TR/THÁNG",1300000,20.0,Hà Nội,"Cho thuê chung cư mini mới xây, 101 ngõ 250 đường Kim Giang
Giá thuê: từ 1.3 tr- 2.2 tr/ tháng
 
Chính chủ chị Dung cho thuê… - 636",01669222098,https://phongtro123.com/images/thumb_default.svg,https://phongtro123.com/tinh-thanh/ha-noi/khai-truong-khu-chung-cu-mini-moi-xay-khep-kin-cho-thue-co-gac-xep-gia-1-3-trthang.html,phongtro123.com,2026-07-05T15:13:02.519877+00:00,1.3,20.0,unknown,can_ho_mini,0,1,0,0,0,1,0,0,0,0,2,0.065
"Cho thuê phòng trọ giá 2500k1 tháng, rộng 25m2,Đc 2940 Tô Vĩnh Diện, Khương Trưng, Thanh Xuân, HN",2500000,25.0,Hà Nội,"Cho thuê phòng rộng 25m2, Phòng có điều hòa 2 chiều, có quạt trần, nóng lạnh đầy đủ, có giường 1m6, điện nước… - 247",0972183654,https://phongtro123.com/images/thumb_default.svg,https://phongtro123.com/tinh-thanh/ha-noi/cho-thue-phong-tro-gia-2500k1-thang-rong-25m2dc-2940-to-vinh-dien-khuong-trung-thanh-xuan-hn.html,phongtro123.com,2026-07-05T15:13:02.519877+00:00,2.5,25.0,unknown,phong_tro,1,0,0,0,0,0,0,1,0,0,2,0.1
"Cho thuê nhà tầng 3, có nóng lạnh, điện nước giá nhà nước",1700000,17.0,Hà Nội,"Cho  thuê tầng 3 trong nhà 4 tầng, Giá 1,7 triệu/ tháng Có tắm nóng lạnh, đóng tiền 2 tháng/ 1 lần vào đầu tháng,… - 218",0966 945 710,https://phongtro123.com/images/thumb_default.svg,https://phongtro123.com/tinh-thanh/ha-noi/cho-thue-nha-tang-3-co-nong-lanh-dien-nuoc-gia-nha-nuoc.html,phongtro123.com,2026-07-05T15:13:02.519877+00:00,1.7,17.0,unknown,phong_tro,0,0,0,0,0,0,0,1,0,0,1,0.0999999999999999
Phòng trọ chính chủ Khu Bách Hóa Thanh Xuân Bắc,1500000,20.0,Hà Nội,"Mình hiện còn 1 phòng 20m2, ở đường Nguyễn Quý Đức-Thanh Xuân Bắc, khép kín, có ban công thoáng mát, tiện cho người… - 214",0968.869.877,https://phongtro123.com/images/thumb_default.svg,https://phongtro123.com/tinh-thanh/ha-noi/phong-tro-chinh-chu-khu-bach-hoa-thanh-xuan-bac.html,phongtro123.com,2026-07-05T15:13:02.519877+00:00,1.5,20.0,unknown,phong_tro,0,1,1,0,0,0,0,0,0,0,2,0.075
Cho thuê phòng trọ khép kín 20m2,1700000,20.0,"Số nhà 11 ngõ 64 Đường Cầu Diễn, Phường Phú Diễn, Hà Nội","Cho thuê phòng trọ khép kín sạch sẽ, gió cực mát, an ninh tốt, có bếp nấu ăn riêng, phòng đẹp, sàn lát gạch hoa,… - 700086",0386542006,https://phongtro123.com/images/thumb_default.svg,https://phongtro123.com/cho-thue-phong-tro-khep-kin-20m2-3-pr700086.html,phongtro123.com,2026-07-05T15:13:04.776170+00:00,1.7,20.0,Phú Diễn,phong_tro,0,1,0,0,0,0,0,0,0,0,1,0.0849999999999999
